"";"x"
"1";2004
"2";377
"3";312
"4";1852
"5";376
"6";376
"7";606
"8";766
"9";5
"10";798
"11";710
"12";74
"13";31
"14";7
"15";2
"16";364
"17";762
"18";2
"19";2
"20";661
"21";379
"22";735
"23";482
"24";848
"25";736
"26";655
"27";737
"28";597
"29";240
"30";79
"31";343
"32";360
"33";53
"34";1331
"35";776
"36";2180
"37";93
"38";1332
"39";93
"40";2005
"41";93
"42";868
"43";19
"44";72
"45";72
"46";871
"47";72
"48";72
"49";72
"50";70
"51";62
"52";62
"53";467
"54";174
"55";174
"56";174
"57";1818
"58";261
"59";374
"60";108
"61";52
"62";52
"63";12
"64";181
"65";673
"66";809
"67";601
"68";803
"69";610
"70";65
"71";107
"72";107
"73";65
"74";851
"75";120
"76";1927
"77";9
"78";483
"79";151
"80";847
"81";2038
"82";342
"83";2058
"84";2047
"85";849
"86";2182
"87";800
"88";2198
"89";3
"90";608
"91";700
"92";2192
"93";2227
"94";813
"95";804
"96";46
"97";484
"98";850
"99";289
"100";289
"101";10
"102";10
"103";10
"104";100
"105";883
"106";79
"107";613
"108";613
"109";7
"110";32
"111";2194
"112";2207
"113";612
"114";612
"115";2181
"116";6
"117";157
"118";364
"119";2078
"120";9
"121";2218
"122";2189
"123";42
"124";229
"125";229
"126";1958
"127";97
"128";97
"129";97
"130";852
"131";2020
"132";342
"133";2229
"134";833
"135";76
"136";290
"137";653
"138";639
"139";2165
"140";682
"141";313
"142";667
"143";2076
"144";3
"145";27
"146";186
"147";1966
"148";44
"149";289
"150";313
"151";262
"152";2
"153";378
"154";615
"155";2200
"156";718
"157";381
"158";378
"159";722
"160";2190
"161";372
"162";291
"163";2
"164";674
"165";34
"166";2092
"167";1333
"168";2109
"169";205
"170";753
"171";205
"172";205
"173";670
"174";2199
"175";723
"176";16
"177";772
"178";640
"179";262
"180";101
"181";2110
"182";72
"183";485
"184";778
"185";64
"186";11
"187";129
"188";167
"189";167
"190";375
"191";375
"192";374
"193";447
"194";675
"195";1890
"196";65
"197";65
"198";697
"199";671
"200";1853
"201";2079
"202";1891
"203";486
"204";2021
"205";2186
"206";2023
"207";1963
"208";2022
"209";633
"210";341
"211";2046
"212";214
"213";698
"214";801
"215";709
"216";252
"217";884
"218";100
"219";1812
"220";100
"221";173
"222";173
"223";380
"224";380
"225";1334
"226";885
"227";10
"228";252
"229";886
"230";887
"231";805
"232";869
"233";599
"234";1335
"235";367
"236";888
"237";669
"238";343
"239";2098
"240";227
"241";227
"242";227
"243";349
"244";63
"245";63
"246";604
"247";1922
"248";382
"249";12
"250";652
"251";676
"252";716
"253";889
"254";890
"255";1
"256";1
"257";1
"258";1
"259";1
"260";370
"261";1856
"262";854
"263";769
"264";2215
"265";1819
"266";56
"267";654
"268";1813
"269";1892
"270";725
"271";487
"272";365
"273";237
"274";891
"275";835
"276";2160
"277";1944
"278";1336
"279";806
"280";10
"281";10
"282";241
"283";2039
"284";361
"285";132
"286";5
"287";5
"288";5
"289";771
"290";728
"291";621
"292";621
"293";2030
"294";799
"295";892
"296";872
"297";859
"298";779
"299";164
"300";344
"301";379
"302";755
"303";770
"304";768
"305";340
"306";340
"307";1893
"308";773
"309";2006
"310";131
"311";614
"312";614
"313";701
"314";843
"315";870
"316";4
"317";4
"318";706
"319";2080
"320";197
"321";292
"322";2212
"323";828
"324";383
"325";49
"326";49
"327";488
"328";109
"329";5
"330";5
"331";127
"332";2153
"333";1814
"334";78
"335";78
"336";78
"337";2029
"338";33
"339";33
"340";33
"341";33
"342";2195
"343";4
"344";2228
"345";1337
"346";83
"347";10
"348";101
"349";54
"350";11
"351";11
"352";2172
"353";173
"354";1820
"355";650
"356";807
"357";831
"358";458
"359";605
"360";4
"361";225
"362";225
"363";2007
"364";619
"365";109
"366";109
"367";109
"368";855
"369";611
"370";611
"371";2097
"372";2175
"373";860
"374";134
"375";145
"376";197
"377";2027
"378";836
"379";17
"380";607
"381";707
"382";432
"383";2216
"384";384
"385";789
"386";2077
"387";595
"388";61
"389";7
"390";152
"391";1956
"392";81
"393";1821
"394";212
"395";815
"396";1964
"397";314
"398";2177
"399";662
"400";369
"401";80
"402";52
"403";135
"404";241
"405";13
"406";52
"407";80
"408";52
"409";52
"410";52
"411";52
"412";52
"413";2171
"414";632
"415";2183
"416";873
"417";217
"418";1918
"419";251
"420";777
"421";2059
"422";385
"423";9
"424";2157
"425";663
"426";733
"427";22
"428";808
"429";727
"430";724
"431";449
"432";1338
"433";2040
"434";2196
"435";893
"436";49
"437";832
"438";1339
"439";1340
"440";132
"441";894
"442";16
"443";1854
"444";2060
"445";253
"446";161
"447";844
"448";2
"449";197
"450";3
"451";1855
"452";197
"453";3
"454";3
"455";45
"456";18
"457";18
"458";18
"459";18
"460";694
"461";18
"462";895
"463";256
"464";120
"465";18
"466";120
"467";256
"468";45
"469";258
"470";18
"471";1945
"472";120
"473";120
"474";45
"475";45
"476";18
"477";18
"478";120
"479";657
"480";1928
"481";12
"482";2067
"483";200
"484";386
"485";23
"486";711
"487";2081
"488";596
"489";610
"490";201
"491";134
"492";1929
"493";44
"494";91
"495";218
"496";1341
"497";373
"498";489
"499";2226
"500";668
"501";2170
"502";856
"503";896
"504";897
"505";695
"506";898
"507";81
"508";81
"509";263
"510";263
"511";2048
"512";31
"513";816
"514";2222
"515";802
"516";899
"517";900
"518";170
"519";170
"520";672
"521";845
"522";853
"523";857
"524";41
"525";50
"526";339
"527";12
"528";1970
"529";490
"530";901
"531";1959
"532";609
"533";1894
"534";315
"535";102
"536";102
"537";102
"538";2111
"539";491
"540";636
"541";2045
"542";1815
"543";790
"544";173
"545";693
"546";1342
"547";59
"548";185
"549";185
"550";2220
"551";2211
"552";2184
"553";64
"554";64
"555";712
"556";1822
"557";103
"558";103
"559";2083
"560";719
"561";2174
"562";2223
"563";1976
"564";2217
"565";1
"566";713
"567";1816
"568";2166
"569";738
"570";829
"571";2082
"572";2236
"573";492
"574";765
"575";2
"576";2049
"577";641
"578";69
"579";153
"580";70
"581";251
"582";251
"583";1343
"584";62
"585";2224
"586";17
"587";387
"588";2024
"589";111
"590";111
"591";2
"592";278
"593";44
"594";1344
"595";2068
"596";874
"597";1823
"598";149
"599";149
"600";149
"601";1824
"602";704
"603";1825
"604";1817
"605";1972
"606";598
"607";40
"608";40
"609";40
"610";40
"611";1961
"612";2154
"613";600
"614";600
"615";41
"616";861
"617";388
"618";717
"619";2105
"620";703
"621";67
"622";196
"623";1974
"624";126
"625";249
"626";2167
"627";493
"628";2025
"629";714
"630";1826
"631";2
"632";2221
"633";602
"634";837
"635";2041
"636";824
"637";293
"638";1930
"639";145
"640";145
"641";145
"642";145
"643";2208
"644";315
"645";2
"646";838
"647";12
"648";12
"649";1931
"650";767
"651";47
"652";294
"653";294
"654";294
"655";617
"656";2
"657";182
"658";2093
"659";756
"660";791
"661";1919
"662";237
"663";1946
"664";862
"665";264
"666";264
"667";1957
"668";389
"669";3
"670";2072
"671";91
"672";74
"673";74
"674";74
"675";71
"676";1973
"677";2176
"678";42
"679";42
"680";71
"681";71
"682";71
"683";71
"684";2173
"685";2168
"686";2028
"687";825
"688";307
"689";1345
"690";63
"691";2209
"692";91
"693";2055
"694";38
"695";642
"696";705
"697";715
"698";19
"699";708
"700";207
"701";207
"702";2225
"703";2112
"704";740
"705";111
"706";683
"707";25
"708";271
"709";26
"710";52
"711";182
"712";182
"713";684
"714";44
"715";623
"716";2113
"717";98
"718";98
"719";98
"720";2061
"721";390
"722";688
"723";174
"724";2114
"725";1977
"726";494
"727";1969
"728";603
"729";2152
"730";4
"731";12
"732";12
"733";616
"734";16
"735";495
"736";352
"737";352
"738";68
"739";2151
"740";2056
"741";2050
"742";902
"743";2158
"744";2100
"745";2133
"746";18
"747";424
"748";903
"749";496
"750";691
"751";2115
"752";734
"753";1346
"754";362
"755";36
"756";1932
"757";2116
"758";55
"759";55
"760";128
"761";128
"762";44
"763";54
"764";763
"765";692
"766";649
"767";774
"768";316
"769";316
"770";863
"771";2085
"772";2159
"773";99
"774";3
"775";3
"776";61
"777";2169
"778";1347
"779";1947
"780";741
"781";2026
"782";50
"783";219
"784";625
"785";31
"786";31
"787";643
"788";2075
"789";339
"790";295
"791";810
"792";2090
"793";55
"794";55
"795";904
"796";497
"797";1978
"798";2197
"799";634
"800";1979
"801";764
"802";1980
"803";498
"804";702
"805";94
"806";130
"807";61
"808";2179
"809";399
"810";2095
"811";2219
"812";1348
"813";1349
"814";1975
"815";757
"816";2096
"817";2187
"818";25
"819";8
"820";1981
"821";45
"822";2134
"823";2162
"824";2008
"825";1350
"826";295
"827";630
"828";792
"829";2163
"830";93
"831";161
"832";161
"833";265
"834";265
"835";1982
"836";696
"837";2042
"838";241
"839";21
"840";21
"841";21
"842";817
"843";1983
"844";296
"845";219
"846";699
"847";2164
"848";135
"849";21
"850";644
"851";228
"852";228
"853";228
"854";2103
"855";2069
"856";1
"857";1
"858";864
"859";905
"860";23
"861";20
"862";391
"863";499
"864";6
"865";2117
"866";1984
"867";1985
"868";44
"869";182
"870";500
"871";49
"872";118
"873";645
"874";392
"875";69
"876";1895
"877";501
"878";501
"879";818
"880";348
"881";108
"882";54
"883";11
"884";2057
"885";54
"886";54
"887";846
"888";906
"889";2
"890";2
"891";1351
"892";497
"893";496
"894";393
"895";2233
"896";907
"897";2073
"898";350
"899";2
"900";2
"901";2
"902";7
"903";189
"904";502
"905";266
"906";266
"907";2
"908";25
"909";165
"910";165
"911";165
"912";25
"913";36
"914";208
"915";208
"916";208
"917";394
"918";690
"919";1986
"920";758
"921";395
"922";908
"923";317
"924";297
"925";11
"926";359
"927";359
"928";2074
"929";396
"930";2118
"931";135
"932";16
"933";503
"934";318
"935";318
"936";2201
"937";46
"938";46
"939";46
"940";46
"941";2
"942";1987
"943";689
"944";875
"945";13
"946";33
"947";33
"948";11
"949";11
"950";2161
"951";11
"952";7
"953";347
"954";11
"955";11
"956";11
"957";41
"958";909
"959";141
"960";141
"961";11
"962";11
"963";2091
"964";651
"965";1827
"966";759
"967";760
"968";44
"969";2070
"970";2135
"971";830
"972";761
"973";397
"974";397
"975";1859
"976";2213
"977";196
"978";198
"979";11
"980";11
"981";1948
"982";2214
"983";504
"984";504
"985";1860
"986";2051
"987";1828
"988";1861
"989";121
"990";136
"991";121
"992";192
"993";192
"994";88
"995";29
"996";88
"997";88
"998";88
"999";1862
"1000";347
"1001";54
"1002";347
"1003";2
"1004";910
"1005";1949
"1006";660
"1007";55
"1008";1896
"1009";1920
"1010";183
"1011";183
"1012";183
"1013";2119
"1014";88
"1015";29
"1016";2136
"1017";109
"1018";1863
"1019";1864
"1020";2052
"1021";1988
"1022";1989
"1023";161
"1024";1865
"1025";80
"1026";298
"1027";220
"1028";220
"1029";220
"1030";220
"1031";2178
"1032";184
"1033";184
"1034";1352
"1035";648
"1036";44
"1037";398
"1038";1829
"1039";505
"1040";505
"1041";299
"1042";2120
"1043";2191
"1044";911
"1045";876
"1046";213
"1047";195
"1048";1830
"1049";2107
"1050";1971
"1051";2009
"1052";1831
"1053";1866
"1054";131
"1055";131
"1056";103
"1057";2010
"1058";260
"1059";79
"1060";1832
"1061";1
"1062";349
"1063";742
"1064";1833
"1065";15
"1066";59
"1067";2230
"1068";131
"1069";1990
"1070";2
"1071";2
"1072";1
"1073";721
"1074";2155
"1075";13
"1076";134
"1077";1834
"1078";1835
"1079";2156
"1080";119
"1081";912
"1082";15
"1083";2086
"1084";122
"1085";793
"1086";195
"1087";162
"1088";2071
"1089";794
"1090";658
"1091";489
"1092";1353
"1093";877
"1094";1836
"1095";1837
"1096";685
"1097";452
"1098";349
"1099";15
"1100";15
"1101";15
"1102";15
"1103";15
"1104";913
"1105";15
"1106";142
"1107";142
"1108";142
"1109";166
"1110";166
"1111";166
"1112";732
"1113";754
"1114";1867
"1115";839
"1116";31
"1117";1354
"1118";2121
"1119";819
"1120";1991
"1121";775
"1122";117
"1123";117
"1124";117
"1125";117
"1126";117
"1127";117
"1128";117
"1129";70
"1130";19
"1131";70
"1132";62
"1133";70
"1134";399
"1135";19
"1136";154
"1137";70
"1138";127
"1139";19
"1140";90
"1141";90
"1142";90
"1143";1868
"1144";1838
"1145";795
"1146";2108
"1147";914
"1148";267
"1149";267
"1150";180
"1151";180
"1152";180
"1153";180
"1154";1857
"1155";490
"1156";1950
"1157";4
"1158";865
"1159";425
"1160";400
"1161";400
"1162";1839
"1163";32
"1164";506
"1165";915
"1166";916
"1167";796
"1168";188
"1169";32
"1170";2137
"1171";146
"1172";152
"1173";878
"1174";507
"1175";917
"1176";743
"1177";2011
"1178";2122
"1179";1907
"1180";666
"1181";192
"1182";2101
"1183";5
"1184";820
"1185";5
"1186";1933
"1187";1921
"1188";2138
"1189";1934
"1190";1935
"1191";26
"1192";26
"1193";26
"1194";26
"1195";26
"1196";2234
"1197";2
"1198";2
"1199";118
"1200";217
"1201";300
"1202";81
"1203";858
"1204";1936
"1205";1951
"1206";279
"1207";279
"1208";98
"1209";508
"1210";834
"1211";2012
"1212";258
"1213";1897
"1214";918
"1215";919
"1216";920
"1217";69
"1218";812
"1219";60
"1220";780
"1221";1869
"1222";2043
"1223";509
"1224";509
"1225";401
"1226";96
"1227";96
"1228";96
"1229";402
"1230";350
"1231";85
"1232";33
"1233";33
"1234";33
"1235";33
"1236";33
"1237";33
"1238";1952
"1239";2202
"1240";2031
"1241";120
"1242";120
"1243";13
"1244";781
"1245";16
"1246";921
"1247";2203
"1248";2139
"1249";2140
"1250";403
"1251";1898
"1252";1967
"1253";68
"1254";352
"1255";879
"1256";1355
"1257";50
"1258";286
"1259";1953
"1260";880
"1261";1968
"1262";1954
"1263";1870
"1264";17
"1265";1955
"1266";726
"1267";13
"1268";510
"1269";32
"1270";866
"1271";16
"1272";404
"1273";2104
"1274";1899
"1275";744
"1276";1
"1277";2087
"1278";108
"1279";64
"1280";922
"1281";840
"1282";28
"1283";1900
"1284";31
"1285";1965
"1286";720
"1287";1992
"1288";1901
"1289";1840
"1290";69
"1291";86
"1292";86
"1293";1902
"1294";1937
"1295";2013
"1296";1903
"1297";923
"1298";31
"1299";2193
"1300";87
"1301";87
"1302";2088
"1303";198
"1304";45
"1305";300
"1306";300
"1307";50
"1308";50
"1309";511
"1310";214
"1311";2014
"1312";2015
"1313";3
"1314";91
"1315";9
"1316";28
"1317";292
"1318";924
"1319";925
"1320";926
"1321";157
"1322";353
"1323";353
"1324";2
"1325";2
"1326";67
"1327";32
"1328";745
"1329";1993
"1330";1841
"1331";782
"1332";1904
"1333";1842
"1334";356
"1335";356
"1336";17
"1337";512
"1338";512
"1339";664
"1340";5
"1341";841
"1342";927
"1343";132
"1344";1843
"1345";513
"1346";514
"1347";1
"1348";2062
"1349";1
"1350";6
"1351";814
"1352";826
"1353";2084
"1354";842
"1355";485
"1356";316
"1357";729
"1358";157
"1359";2141
"1360";1871
"1361";515
"1362";2063
"1363";1872
"1364";2064
"1365";516
"1366";516
"1367";319
"1368";319
"1369";319
"1370";867
"1371";405
"1372";405
"1373";1905
"1374";1906
"1375";8
"1376";8
"1377";2065
"1378";2210
"1379";1873
"1380";1356
"1381";268
"1382";64
"1383";371
"1384";64
"1385";1874
"1386";1357
"1387";113
"1388";113
"1389";2089
"1390";797
"1391";2106
"1392";2235
"1393";223
"1394";223
"1395";2016
"1396";370
"1397";70
"1398";268
"1399";206
"1400";207
"1401";730
"1402";44
"1403";44
"1404";2053
"1405";206
"1406";206
"1407";56
"1408";69
"1409";69
"1410";69
"1411";517
"1412";1923
"1413";827
"1414";2017
"1415";518
"1416";35
"1417";2142
"1418";1908
"1419";1909
"1420";2185
"1421";928
"1422";35
"1423";881
"1424";1875
"1425";1876
"1426";631
"1427";631
"1428";929
"1429";4
"1430";53
"1431";53
"1432";519
"1433";226
"1434";646
"1435";2018
"1436";2143
"1437";520
"1438";520
"1439";37
"1440";24
"1441";2144
"1442";7
"1443";361
"1444";301
"1445";1844
"1446";665
"1447";16
"1448";158
"1449";70
"1450";118
"1451";930
"1452";72
"1453";2
"1454";159
"1455";20
"1456";406
"1457";72
"1458";201
"1459";1845
"1460";200
"1461";686
"1462";2019
"1463";488
"1464";1924
"1465";687
"1466";1358
"1467";1910
"1468";29
"1469";219
"1470";219
"1471";1359
"1472";2044
"1473";739
"1474";104
"1475";35
"1476";35
"1477";35
"1478";521
"1479";2204
"1480";80
"1481";51
"1482";51
"1483";51
"1484";51
"1485";2123
"1486";44
"1487";27
"1488";53
"1489";4
"1490";4
"1491";53
"1492";4
"1493";4
"1494";4
"1495";4
"1496";4
"1497";4
"1498";4
"1499";128
"1500";53
"1501";4
"1502";4
"1503";1877
"1504";1360
"1505";65
"1506";31
"1507";4
"1508";4
"1509";4
"1510";1878
"1511";31
"1512";27
"1513";4
"1514";4
"1515";37
"1516";31
"1517";4
"1518";4
"1519";27
"1520";4
"1521";73
"1522";130
"1523";4
"1524";4
"1525";73
"1526";882
"1527";1925
"1528";72
"1529";162
"1530";162
"1531";162
"1532";1361
"1533";1362
"1534";931
"1535";677
"1536";152
"1537";152
"1538";152
"1539";128
"1540";678
"1541";731
"1542";2145
"1543";632
"1544";522
"1545";1
"1546";3
"1547";269
"1548";679
"1549";269
"1550";1363
"1551";112
"1552";523
"1553";523
"1554";680
"1555";115
"1556";115
"1557";146
"1558";146
"1559";146
"1560";2146
"1561";2124
"1562";2094
"1563";77
"1564";77
"1565";77
"1566";126
"1567";126
"1568";270
"1569";783
"1570";524
"1571";169
"1572";169
"1573";1364
"1574";159
"1575";159
"1576";13
"1577";13
"1578";159
"1579";406
"1580";1365
"1581";811
"1582";525
"1583";2147
"1584";166
"1585";172
"1586";407
"1587";647
"1588";1911
"1589";752
"1590";526
"1591";408
"1592";96
"1593";932
"1594";12
"1595";242
"1596";242
"1597";242
"1598";2148
"1599";2066
"1600";141
"1601";1994
"1602";637
"1603";1995
"1604";100
"1605";784
"1606";35
"1607";16
"1608";2149
"1609";1366
"1610";38
"1611";38
"1612";260
"1613";38
"1614";38
"1615";260
"1616";1926
"1617";38
"1618";191
"1619";54
"1620";527
"1621";527
"1622";933
"1623";159
"1624";254
"1625";254
"1626";1996
"1627";203
"1628";1997
"1629";1879
"1630";1938
"1631";2102
"1632";1858
"1633";2150
"1634";19
"1635";1367
"1636";528
"1637";35
"1638";35
"1639";35
"1640";35
"1641";35
"1642";128
"1643";63
"1644";1368
"1645";217
"1646";63
"1647";5
"1648";201
"1649";409
"1650";31
"1651";410
"1652";1912
"1653";1962
"1654";1369
"1655";821
"1656";250
"1657";628
"1658";628
"1659";55
"1660";1370
"1661";1371
"1662";366
"1663";351
"1664";2
"1665";278
"1666";63
"1667";121
"1668";136
"1669";136
"1670";136
"1671";136
"1672";1372
"1673";48
"1674";48
"1675";48
"1676";1939
"1677";238
"1678";9
"1679";132
"1680";320
"1681";4
"1682";1373
"1683";83
"1684";1374
"1685";1375
"1686";179
"1687";411
"1688";179
"1689";110
"1690";1846
"1691";3
"1692";3
"1693";412
"1694";1376
"1695";153
"1696";153
"1697";1377
"1698";1913
"1699";1378
"1700";1880
"1701";413
"1702";1379
"1703";822
"1704";1380
"1705";101
"1706";11
"1707";11
"1708";193
"1709";193
"1710";1914
"1711";271
"1712";659
"1713";414
"1714";13
"1715";934
"1716";2099
"1717";823
"1718";1381
"1719";3
"1720";1382
"1721";1383
"1722";2032
"1723";935
"1724";1998
"1725";98
"1726";1
"1727";238
"1728";238
"1729";153
"1730";1999
"1731";1384
"1732";2188
"1733";936
"1734";1881
"1735";937
"1736";272
"1737";1847
"1738";1848
"1739";99
"1740";2232
"1741";1385
"1742";629
"1743";1849
"1744";416
"1745";40
"1746";1386
"1747";415
"1748";1850
"1749";1882
"1750";142
"1751";79
"1752";1851
"1753";40
"1754";83
"1755";1387
"1756";938
"1757";1940
"1758";1388
"1759";28
"1760";28
"1761";28
"1762";28
"1763";1915
"1764";2033
"1765";1941
"1766";619
"1767";529
"1768";122
"1769";1389
"1770";416
"1771";1960
"1772";1390
"1773";1391
"1774";1392
"1775";939
"1776";61
"1777";61
"1778";61
"1779";656
"1780";1393
"1781";1942
"1782";321
"1783";1394
"1784";3
"1785";3
"1786";530
"1787";530
"1788";3
"1789";624
"1790";624
"1791";4
"1792";531
"1793";344
"1794";531
"1795";1395
"1796";122
"1797";122
"1798";122
"1799";101
"1800";87
"1801";178
"1802";178
"1803";2000
"1804";618
"1805";1396
"1806";322
"1807";322
"1808";2
"1809";532
"1810";202
"1811";635
"1812";2
"1813";11
"1814";2001
"1815";2
"1816";1397
"1817";5
"1818";2
"1819";533
"1820";2
"1821";746
"1822";515
"1823";2
"1824";3
"1825";3
"1826";2
"1827";534
"1828";1398
"1829";1399
"1830";62
"1831";389
"1832";47
"1833";417
"1834";81
"1835";940
"1836";785
"1837";1400
"1838";1943
"1839";163
"1840";1401
"1841";1402
"1842";786
"1843";535
"1844";1916
"1845";1883
"1846";1917
"1847";1884
"1848";147
"1849";104
"1850";1403
"1851";1404
"1852";322
"1853";536
"1854";787
"1855";68
"1856";1405
"1857";295
"1858";1406
"1859";537
"1860";537
"1861";533
"1862";366
"1863";3
"1864";3
"1865";3
"1866";3
"1867";3
"1868";3
"1869";280
"1870";941
"1871";538
"1872";1407
"1873";539
"1874";202
"1875";418
"1876";540
"1877";418
"1878";6
"1879";1408
"1880";2231
"1881";2
"1882";104
"1883";80
"1884";80
"1885";433
"1886";1885
"1887";1409
"1888";1410
"1889";1411
"1890";1412
"1891";419
"1892";1413
"1893";942
"1894";188
"1895";2205
"1896";32
"1897";541
"1898";788
"1899";1414
"1900";302
"1901";4
"1902";37
"1903";1415
"1904";1416
"1905";1417
"1906";2206
"1907";2034
"1908";420
"1909";943
"1910";25
"1911";1418
"1912";541
"1913";1419
"1914";36
"1915";36
"1916";36
"1917";36
"1918";36
"1919";253
"1920";1420
"1921";681
"1922";542
"1923";1421
"1924";542
"1925";1422
"1926";1423
"1927";51
"1928";944
"1929";73
"1930";25
"1931";25
"1932";25
"1933";1424
"1934";38
"1935";1425
"1936";7
"1937";64
"1938";16
"1939";1426
"1940";3
"1941";945
"1942";1427
"1943";946
"1944";323
"1945";368
"1946";368
"1947";368
"1948";947
"1949";118
"1950";948
"1951";1886
"1952";1428
"1953";949
"1954";2054
"1955";1887
"1956";1888
"1957";1429
"1958";2125
"1959";229
"1960";1430
"1961";29
"1962";2002
"1963";950
"1964";2035
"1965";1431
"1966";22
"1967";1432
"1968";2126
"1969";1889
"1970";1433
"1971";1434
"1972";4
"1973";11
"1974";73
"1975";421
"1976";421
"1977";951
"1978";1435
"1979";422
"1980";422
"1981";2
"1982";2
"1983";2036
"1984";363
"1985";1436
"1986";2003
"1987";952
"1988";423
"1989";446
"1990";2037
"1991";1437
"1992";2127
"1993";1438
"1994";1
"1995";183
"1996";2128
"1997";747
"1998";748
"1999";1439
"2000";1440
"2001";243
"2002";230
"2003";230
"2004";543
"2005";209
"2006";953
"2007";1441
"2008";544
"2009";424
"2010";1442
"2011";1443
"2012";1444
"2013";749
"2014";1445
"2015";22
"2016";1446
"2017";750
"2018";87
"2019";1447
"2020";1448
"2021";26
"2022";26
"2023";235
"2024";235
"2025";493
"2026";31
"2027";618
"2028";95
"2029";95
"2030";751
"2031";1449
"2032";519
"2033";218
"2034";218
"2035";545
"2036";104
"2037";49
"2038";80
"2039";56
"2040";1450
"2041";49
"2042";10
"2043";210
"2044";210
"2045";1451
"2046";954
"2047";2129
"2048";1452
"2049";2130
"2050";460
"2051";1453
"2052";955
"2053";190
"2054";190
"2055";956
"2056";107
"2057";107
"2058";2
"2059";2
"2060";172
"2061";957
"2062";141
"2063";638
"2064";66
"2065";51
"2066";1454
"2067";1455
"2068";958
"2069";482
"2070";1456
"2071";959
"2072";51
"2073";1457
"2074";1458
"2075";1459
"2076";2131
"2077";1460
"2078";1461
"2079";2132
"2080";1462
"2081";960
"2082";1463
"2083";303
"2084";303
"2085";247
"2086";546
"2087";160
"2088";102
"2089";961
"2090";56
"2091";324
"2092";324
"2093";1464
"2094";176
"2095";176
"2096";105
"2097";105
"2098";200
"2099";105
"2100";77
"2101";105
"2102";50
"2103";1465
"2104";50
"2105";13
"2106";184
"2107";1466
"2108";962
"2109";261
"2110";963
"2111";1467
"2112";1468
"2113";1469
"2114";1470
"2115";964
"2116";1471
"2117";1472
"2118";1473
"2119";1474
"2120";63
"2121";1475
"2122";965
"2123";966
"2124";1476
"2125";967
"2126";105
"2127";968
"2128";304
"2129";273
"2130";303
"2131";1
"2132";1477
"2133";10
"2134";969
"2135";76
"2136";128
"2137";532
"2138";1478
"2139";97
"2140";1479
"2141";1480
"2142";121
"2143";425
"2144";75
"2145";75
"2146";75
"2147";75
"2148";75
"2149";75
"2150";75
"2151";970
"2152";1481
"2153";1482
"2154";1483
"2155";236
"2156";236
"2157";521
"2158";547
"2159";1484
"2160";426
"2161";313
"2162";971
"2163";972
"2164";154
"2165";24
"2166";292
"2167";55
"2168";116
"2169";1485
"2170";1486
"2171";116
"2172";116
"2173";116
"2174";116
"2175";116
"2176";427
"2177";427
"2178";8
"2179";8
"2180";8
"2181";548
"2182";548
"2183";8
"2184";8
"2185";8
"2186";8
"2187";8
"2188";8
"2189";8
"2190";8
"2191";8
"2192";8
"2193";8
"2194";973
"2195";5
"2196";1487
"2197";153
"2198";974
"2199";975
"2200";8
"2201";976
"2202";32
"2203";1488
"2204";1489
"2205";6
"2206";977
"2207";549
"2208";550
"2209";16
"2210";1490
"2211";528
"2212";978
"2213";551
"2214";551
"2215";281
"2216";282
"2217";282
"2218";60
"2219";979
"2220";428
"2221";552
"2222";325
"2223";1491
"2224";980
"2225";1492
"2226";630
"2227";981
"2228";429
"2229";429
"2230";982
"2231";13
"2232";6
"2233";1493
"2234";983
"2235";160
"2236";85
"2237";1494
"2238";984
"2239";1495
"2240";985
"2241";986
"2242";1496
"2243";7
"2244";987
"2245";1497
"2246";988
"2247";1498
"2248";326
"2249";326
"2250";94
"2251";989
"2252";990
"2253";1499
"2254";1500
"2255";137
"2256";137
"2257";70
"2258";1501
"2259";991
"2260";255
"2261";154
"2262";1502
"2263";992
"2264";993
"2265";46
"2266";46
"2267";994
"2268";995
"2269";255
"2270";49
"2271";996
"2272";1503
"2273";1504
"2274";997
"2275";998
"2276";999
"2277";1000
"2278";85
"2279";57
"2280";57
"2281";57
"2282";1001
"2283";1002
"2284";1505
"2285";2
"2286";1003
"2287";1506
"2288";150
"2289";150
"2290";150
"2291";150
"2292";430
"2293";64
"2294";1507
"2295";596
"2296";1508
"2297";1509
"2298";431
"2299";1004
"2300";1510
"2301";40
"2302";155
"2303";155
"2304";236
"2305";1005
"2306";1511
"2307";553
"2308";553
"2309";1512
"2310";150
"2311";1006
"2312";1007
"2313";306
"2314";1008
"2315";327
"2316";1009
"2317";1513
"2318";432
"2319";433
"2320";1010
"2321";1514
"2322";312
"2323";2
"2324";99
"2325";1515
"2326";1516
"2327";1517
"2328";39
"2329";1011
"2330";140
"2331";21
"2332";216
"2333";216
"2334";216
"2335";216
"2336";1012
"2337";1013
"2338";1518
"2339";1014
"2340";1015
"2341";272
"2342";1519
"2343";1520
"2344";160
"2345";1521
"2346";434
"2347";107
"2348";1522
"2349";81
"2350";1523
"2351";1016
"2352";617
"2353";1524
"2354";435
"2355";1017
"2356";1018
"2357";1525
"2358";1019
"2359";1526
"2360";1020
"2361";554
"2362";554
"2363";499
"2364";26
"2365";38
"2366";239
"2367";239
"2368";239
"2369";1021
"2370";1527
"2371";1528
"2372";1022
"2373";1023
"2374";1529
"2375";1530
"2376";1531
"2377";96
"2378";1532
"2379";1024
"2380";1025
"2381";1533
"2382";19
"2383";19
"2384";1534
"2385";1535
"2386";1026
"2387";1027
"2388";539
"2389";1028
"2390";1536
"2391";326
"2392";1029
"2393";1537
"2394";129
"2395";305
"2396";41
"2397";1538
"2398";1030
"2399";1031
"2400";30
"2401";30
"2402";30
"2403";30
"2404";1032
"2405";30
"2406";328
"2407";328
"2408";328
"2409";1539
"2410";283
"2411";283
"2412";306
"2413";306
"2414";1033
"2415";1540
"2416";1034
"2417";94
"2418";1541
"2419";106
"2420";7
"2421";106
"2422";106
"2423";1542
"2424";59
"2425";1035
"2426";555
"2427";1036
"2428";39
"2429";1543
"2430";96
"2431";1544
"2432";556
"2433";178
"2434";1545
"2435";312
"2436";1546
"2437";1547
"2438";1548
"2439";1037
"2440";2
"2441";1549
"2442";510
"2443";1038
"2444";1039
"2445";1040
"2446";187
"2447";187
"2448";187
"2449";1041
"2450";39
"2451";1042
"2452";1043
"2453";500
"2454";1550
"2455";1551
"2456";79
"2457";57
"2458";57
"2459";57
"2460";57
"2461";307
"2462";307
"2463";16
"2464";194
"2465";1044
"2466";1552
"2467";1045
"2468";141
"2469";1046
"2470";13
"2471";1047
"2472";355
"2473";257
"2474";257
"2475";350
"2476";1048
"2477";1553
"2478";114
"2479";114
"2480";113
"2481";114
"2482";114
"2483";341
"2484";1049
"2485";1050
"2486";1051
"2487";1554
"2488";1555
"2489";139
"2490";139
"2491";139
"2492";1556
"2493";1557
"2494";1052
"2495";284
"2496";284
"2497";1558
"2498";1053
"2499";244
"2500";244
"2501";244
"2502";1559
"2503";329
"2504";1054
"2505";517
"2506";55
"2507";55
"2508";124
"2509";1
"2510";1560
"2511";209
"2512";16
"2513";1561
"2514";58
"2515";1562
"2516";66
"2517";1055
"2518";1056
"2519";43
"2520";43
"2521";43
"2522";37
"2523";16
"2524";436
"2525";1563
"2526";1564
"2527";156
"2528";123
"2529";156
"2530";156
"2531";23
"2532";1057
"2533";23
"2534";23
"2535";186
"2536";1058
"2537";157
"2538";7
"2539";1565
"2540";1566
"2541";1567
"2542";68
"2543";1568
"2544";1059
"2545";1569
"2546";1060
"2547";1570
"2548";175
"2549";66
"2550";66
"2551";1571
"2552";66
"2553";66
"2554";1061
"2555";1062
"2556";1063
"2557";437
"2558";437
"2559";495
"2560";1572
"2561";1064
"2562";1065
"2563";1066
"2564";1573
"2565";107
"2566";557
"2567";557
"2568";1574
"2569";57
"2570";9
"2571";9
"2572";9
"2573";9
"2574";9
"2575";1575
"2576";438
"2577";9
"2578";249
"2579";484
"2580";285
"2581";285
"2582";1576
"2583";1067
"2584";439
"2585";439
"2586";330
"2587";215
"2588";330
"2589";1577
"2590";29
"2591";29
"2592";24
"2593";24
"2594";24
"2595";24
"2596";39
"2597";89
"2598";37
"2599";24
"2600";135
"2601";24
"2602";39
"2603";54
"2604";108
"2605";37
"2606";1578
"2607";1579
"2608";4
"2609";4
"2610";19
"2611";62
"2612";62
"2613";67
"2614";37
"2615";57
"2616";1068
"2617";1069
"2618";165
"2619";65
"2620";165
"2621";1070
"2622";1071
"2623";58
"2624";1072
"2625";440
"2626";440
"2627";25
"2628";377
"2629";1580
"2630";221
"2631";221
"2632";221
"2633";221
"2634";1073
"2635";99
"2636";1074
"2637";259
"2638";558
"2639";558
"2640";1075
"2641";92
"2642";1581
"2643";1582
"2644";23
"2645";13
"2646";1076
"2647";627
"2648";47
"2649";1077
"2650";161
"2651";1583
"2652";441
"2653";1584
"2654";1078
"2655";1079
"2656";143
"2657";143
"2658";143
"2659";1585
"2660";77
"2661";1586
"2662";1080
"2663";9
"2664";62
"2665";1587
"2666";1081
"2667";25
"2668";25
"2669";25
"2670";1082
"2671";39
"2672";39
"2673";1083
"2674";112
"2675";1588
"2676";5
"2677";5
"2678";5
"2679";5
"2680";1589
"2681";187
"2682";1084
"2683";442
"2684";1085
"2685";346
"2686";346
"2687";1590
"2688";1086
"2689";1087
"2690";1591
"2691";67
"2692";44
"2693";1592
"2694";1088
"2695";1593
"2696";287
"2697";1089
"2698";1090
"2699";125
"2700";1091
"2701";1092
"2702";1093
"2703";1594
"2704";53
"2705";1094
"2706";1095
"2707";1096
"2708";1097
"2709";252
"2710";9
"2711";1595
"2712";40
"2713";141
"2714";1098
"2715";1099
"2716";1596
"2717";23
"2718";1100
"2719";1597
"2720";1101
"2721";1598
"2722";2
"2723";443
"2724";84
"2725";84
"2726";84
"2727";84
"2728";217
"2729";459
"2730";1102
"2731";1103
"2732";144
"2733";144
"2734";177
"2735";1599
"2736";1600
"2737";1601
"2738";1602
"2739";1104
"2740";34
"2741";34
"2742";1105
"2743";1106
"2744";1
"2745";1
"2746";1107
"2747";331
"2748";609
"2749";444
"2750";121
"2751";1108
"2752";1109
"2753";24
"2754";29
"2755";1603
"2756";559
"2757";1110
"2758";1604
"2759";1605
"2760";16
"2761";67
"2762";135
"2763";103
"2764";1606
"2765";140
"2766";1607
"2767";140
"2768";7
"2769";1111
"2770";32
"2771";1112
"2772";480
"2773";87
"2774";1608
"2775";148
"2776";9
"2777";9
"2778";355
"2779";1609
"2780";1610
"2781";147
"2782";176
"2783";1113
"2784";255
"2785";1611
"2786";1612
"2787";1114
"2788";445
"2789";2
"2790";1613
"2791";1115
"2792";345
"2793";1116
"2794";1614
"2795";1117
"2796";148
"2797";1615
"2798";446
"2799";1118
"2800";1
"2801";1616
"2802";1119
"2803";447
"2804";1120
"2805";1617
"2806";1618
"2807";130
"2808";224
"2809";32
"2810";5
"2811";448
"2812";448
"2813";1121
"2814";4
"2815";7
"2816";63
"2817";371
"2818";371
"2819";7
"2820";131
"2821";80
"2822";33
"2823";7
"2824";1122
"2825";41
"2826";1619
"2827";1620
"2828";1123
"2829";1124
"2830";89
"2831";1621
"2832";560
"2833";1622
"2834";1623
"2835";561
"2836";308
"2837";308
"2838";1624
"2839";203
"2840";1625
"2841";211
"2842";211
"2843";211
"2844";1125
"2845";249
"2846";562
"2847";357
"2848";156
"2849";166
"2850";1126
"2851";49
"2852";1127
"2853";1128
"2854";360
"2855";563
"2856";1626
"2857";563
"2858";1129
"2859";502
"2860";1627
"2861";177
"2862";560
"2863";47
"2864";1130
"2865";1131
"2866";1628
"2867";564
"2868";1132
"2869";1133
"2870";1629
"2871";1134
"2872";1630
"2873";1631
"2874";1632
"2875";32
"2876";392
"2877";108
"2878";147
"2879";1135
"2880";181
"2881";240
"2882";181
"2883";286
"2884";345
"2885";1136
"2886";273
"2887";449
"2888";39
"2889";39
"2890";1137
"2891";562
"2892";148
"2893";106
"2894";1633
"2895";102
"2896";32
"2897";16
"2898";1634
"2899";1635
"2900";1138
"2901";125
"2902";450
"2903";1139
"2904";1140
"2905";94
"2906";245
"2907";73
"2908";245
"2909";1
"2910";367
"2911";1141
"2912";1
"2913";1
"2914";1
"2915";1
"2916";1
"2917";1
"2918";1
"2919";1636
"2920";42
"2921";247
"2922";42
"2923";565
"2924";274
"2925";274
"2926";546
"2927";42
"2928";1637
"2929";243
"2930";1142
"2931";1143
"2932";1144
"2933";1145
"2934";1638
"2935";168
"2936";237
"2937";204
"2938";168
"2939";1146
"2940";204
"2941";204
"2942";1147
"2943";566
"2944";1148
"2945";1149
"2946";1639
"2947";2
"2948";1150
"2949";2
"2950";2
"2951";567
"2952";1640
"2953";2
"2954";1151
"2955";2
"2956";1641
"2957";1642
"2958";1152
"2959";21
"2960";561
"2961";626
"2962";21
"2963";626
"2964";21
"2965";21
"2966";1153
"2967";363
"2968";21
"2969";61
"2970";1643
"2971";622
"2972";1644
"2973";1154
"2974";226
"2975";1155
"2976";1645
"2977";201
"2978";16
"2979";567
"2980";35
"2981";1646
"2982";60
"2983";1156
"2984";1157
"2985";1158
"2986";231
"2987";231
"2988";1159
"2989";545
"2990";1647
"2991";127
"2992";154
"2993";1648
"2994";1160
"2995";1161
"2996";42
"2997";42
"2998";184
"2999";1649
"3000";38
"3001";332
"3002";1162
"3003";332
"3004";332
"3005";50
"3006";1163
"3007";535
"3008";333
"3009";333
"3010";1650
"3011";333
"3012";12
"3013";12
"3014";451
"3015";451
"3016";12
"3017";12
"3018";1651
"3019";12
"3020";259
"3021";259
"3022";259
"3023";1652
"3024";1164
"3025";452
"3026";67
"3027";1653
"3028";1165
"3029";1166
"3030";623
"3031";1654
"3032";453
"3033";1167
"3034";5
"3035";50
"3036";1168
"3037";1655
"3038";215
"3039";454
"3040";1656
"3041";568
"3042";1169
"3043";1170
"3044";1657
"3045";1658
"3046";1659
"3047";455
"3048";1171
"3049";1172
"3050";1660
"3051";456
"3052";1173
"3053";144
"3054";569
"3055";1174
"3056";570
"3057";570
"3058";232
"3059";232
"3060";232
"3061";1661
"3062";281
"3063";457
"3064";1662
"3065";1175
"3066";1176
"3067";1177
"3068";188
"3069";1663
"3070";133
"3071";1178
"3072";458
"3073";1179
"3074";1180
"3075";1181
"3076";571
"3077";254
"3078";39
"3079";51
"3080";51
"3081";1182
"3082";1183
"3083";324
"3084";459
"3085";1184
"3086";1185
"3087";1186
"3088";1664
"3089";5
"3090";10
"3091";10
"3092";5
"3093";5
"3094";10
"3095";10
"3096";37
"3097";10
"3098";5
"3099";1187
"3100";1665
"3101";1666
"3102";1188
"3103";181
"3104";1667
"3105";138
"3106";1668
"3107";138
"3108";1669
"3109";233
"3110";233
"3111";233
"3112";1670
"3113";24
"3114";24
"3115";572
"3116";1189
"3117";5
"3118";1671
"3119";573
"3120";1672
"3121";1190
"3122";1673
"3123";1191
"3124";1674
"3125";1192
"3126";1675
"3127";1676
"3128";1193
"3129";199
"3130";199
"3131";574
"3132";574
"3133";1194
"3134";1677
"3135";1195
"3136";354
"3137";354
"3138";354
"3139";1678
"3140";334
"3141";334
"3142";1679
"3143";460
"3144";1196
"3145";1680
"3146";1197
"3147";198
"3148";1681
"3149";39
"3150";1682
"3151";1683
"3152";33
"3153";383
"3154";1684
"3155";56
"3156";124
"3157";1685
"3158";194
"3159";194
"3160";1198
"3161";564
"3162";60
"3163";1
"3164";1199
"3165";151
"3166";1686
"3167";22
"3168";123
"3169";335
"3170";335
"3171";335
"3172";123
"3173";22
"3174";23
"3175";13
"3176";37
"3177";1687
"3178";1200
"3179";575
"3180";1201
"3181";23
"3182";23
"3183";23
"3184";23
"3185";13
"3186";13
"3187";1202
"3188";1203
"3189";1204
"3190";1205
"3191";1688
"3192";234
"3193";234
"3194";234
"3195";1206
"3196";1207
"3197";1689
"3198";1208
"3199";1209
"3200";1690
"3201";86
"3202";461
"3203";1210
"3204";336
"3205";224
"3206";503
"3207";1211
"3208";1691
"3209";1212
"3210";1213
"3211";60
"3212";1214
"3213";60
"3214";1215
"3215";248
"3216";248
"3217";60
"3218";60
"3219";60
"3220";576
"3221";576
"3222";41
"3223";1216
"3224";1217
"3225";1218
"3226";1219
"3227";1220
"3228";1221
"3229";32
"3230";1692
"3231";308
"3232";1222
"3233";1693
"3234";462
"3235";1223
"3236";1694
"3237";1695
"3238";124
"3239";1224
"3240";1225
"3241";1226
"3242";1696
"3243";1227
"3244";2
"3245";336
"3246";9
"3247";336
"3248";93
"3249";1697
"3250";463
"3251";1698
"3252";1699
"3253";246
"3254";246
"3255";1228
"3256";91
"3257";1229
"3258";1230
"3259";3
"3260";1231
"3261";188
"3262";1232
"3263";70
"3264";1700
"3265";16
"3266";45
"3267";45
"3268";86
"3269";2
"3270";20
"3271";348
"3272";1701
"3273";1233
"3274";1234
"3275";1702
"3276";1235
"3277";464
"3278";464
"3279";1236
"3280";67
"3281";32
"3282";203
"3283";1703
"3284";577
"3285";577
"3286";1
"3287";1
"3288";1
"3289";1704
"3290";38
"3291";133
"3292";1237
"3293";222
"3294";222
"3295";222
"3296";222
"3297";1238
"3298";1705
"3299";1
"3300";565
"3301";1706
"3302";1239
"3303";41
"3304";465
"3305";1240
"3306";1707
"3307";16
"3308";275
"3309";275
"3310";1708
"3311";1241
"3312";1242
"3313";578
"3314";578
"3315";1709
"3316";1
"3317";1243
"3318";1710
"3319";1711
"3320";1712
"3321";315
"3322";1244
"3323";97
"3324";13
"3325";13
"3326";1245
"3327";320
"3328";337
"3329";320
"3330";171
"3331";17
"3332";270
"3333";246
"3334";334
"3335";103
"3336";171
"3337";1713
"3338";17
"3339";17
"3340";17
"3341";26
"3342";26
"3343";31
"3344";1246
"3345";44
"3346";1714
"3347";556
"3348";210
"3349";1715
"3350";1247
"3351";466
"3352";466
"3353";209
"3354";1248
"3355";2
"3356";7
"3357";159
"3358";1716
"3359";1717
"3360";1718
"3361";1249
"3362";1719
"3363";1720
"3364";151
"3365";193
"3366";86
"3367";1721
"3368";337
"3369";1250
"3370";179
"3371";179
"3372";86
"3373";23
"3374";13
"3375";86
"3376";13
"3377";86
"3378";1251
"3379";5
"3380";50
"3381";1252
"3382";467
"3383";1253
"3384";1722
"3385";1723
"3386";1724
"3387";16
"3388";468
"3389";1725
"3390";276
"3391";276
"3392";11
"3393";150
"3394";114
"3395";1254
"3396";16
"3397";1255
"3398";469
"3399";1256
"3400";338
"3401";338
"3402";2
"3403";11
"3404";11
"3405";1257
"3406";365
"3407";1726
"3408";1258
"3409";1727
"3410";351
"3411";1259
"3412";1260
"3413";27
"3414";1728
"3415";111
"3416";111
"3417";1261
"3418";1262
"3419";1263
"3420";1729
"3421";1730
"3422";1264
"3423";1265
"3424";200
"3425";1731
"3426";97
"3427";470
"3428";470
"3429";1266
"3430";118
"3431";1732
"3432";471
"3433";1733
"3434";471
"3435";1734
"3436";1267
"3437";1735
"3438";26
"3439";1268
"3440";620
"3441";508
"3442";1736
"3443";34
"3444";1269
"3445";526
"3446";1270
"3447";177
"3448";1271
"3449";177
"3450";1272
"3451";2
"3452";386
"3453";16
"3454";240
"3455";1273
"3456";1737
"3457";1738
"3458";472
"3459";472
"3460";1274
"3461";185
"3462";34
"3463";185
"3464";34
"3465";34
"3466";76
"3467";1739
"3468";1275
"3469";579
"3470";579
"3471";76
"3472";1740
"3473";580
"3474";1741
"3475";1742
"3476";59
"3477";287
"3478";1276
"3479";1277
"3480";1278
"3481";1743
"3482";1744
"3483";1279
"3484";1280
"3485";89
"3486";158
"3487";581
"3488";1745
"3489";1281
"3490";59
"3491";547
"3492";1746
"3493";573
"3494";89
"3495";1747
"3496";473
"3497";175
"3498";1282
"3499";1283
"3500";1284
"3501";1285
"3502";1748
"3503";157
"3504";1749
"3505";81
"3506";474
"3507";474
"3508";1750
"3509";582
"3510";582
"3511";1286
"3512";475
"3513";119
"3514";119
"3515";119
"3516";1287
"3517";1288
"3518";1289
"3519";113
"3520";1290
"3521";1751
"3522";1752
"3523";1753
"3524";583
"3525";583
"3526";1291
"3527";1754
"3528";584
"3529";1755
"3530";585
"3531";1756
"3532";1757
"3533";1758
"3534";323
"3535";1759
"3536";1760
"3537";1761
"3538";1762
"3539";358
"3540";1292
"3541";288
"3542";288
"3543";318
"3544";8
"3545";113
"3546";1293
"3547";113
"3548";24
"3549";24
"3550";131
"3551";24
"3552";7
"3553";1763
"3554";202
"3555";7
"3556";108
"3557";101
"3558";1764
"3559";1765
"3560";476
"3561";1294
"3562";41
"3563";1295
"3564";1766
"3565";1296
"3566";56
"3567";1297
"3568";1298
"3569";1767
"3570";82
"3571";82
"3572";82
"3573";82
"3574";82
"3575";9
"3576";1299
"3577";35
"3578";142
"3579";127
"3580";2
"3581";2
"3582";46
"3583";477
"3584";1300
"3585";2
"3586";1768
"3587";255
"3588";337
"3589";2
"3590";129
"3591";129
"3592";129
"3593";129
"3594";280
"3595";175
"3596";103
"3597";74
"3598";586
"3599";92
"3600";92
"3601";92
"3602";92
"3603";17
"3604";1769
"3605";55
"3606";1770
"3607";46
"3608";46
"3609";1771
"3610";1301
"3611";5
"3612";248
"3613";1772
"3614";56
"3615";56
"3616";56
"3617";1773
"3618";1302
"3619";81
"3620";5
"3621";178
"3622";1774
"3623";1775
"3624";1303
"3625";1304
"3626";338
"3627";27
"3628";27
"3629";27
"3630";587
"3631";1776
"3632";191
"3633";1777
"3634";8
"3635";84
"3636";1778
"3637";1779
"3638";32
"3639";1305
"3640";1780
"3641";524
"3642";1306
"3643";171
"3644";588
"3645";64
"3646";1307
"3647";64
"3648";32
"3649";277
"3650";277
"3651";10
"3652";1781
"3653";589
"3654";589
"3655";1308
"3656";17
"3657";67
"3658";17
"3659";1782
"3660";323
"3661";1783
"3662";1784
"3663";330
"3664";160
"3665";1309
"3666";1785
"3667";1786
"3668";478
"3669";1787
"3670";3
"3671";2
"3672";3
"3673";3
"3674";3
"3675";3
"3676";3
"3677";3
"3678";3
"3679";3
"3680";76
"3681";77
"3682";1310
"3683";154
"3684";142
"3685";31
"3686";1788
"3687";62
"3688";62
"3689";4
"3690";196
"3691";479
"3692";479
"3693";525
"3694";1311
"3695";1789
"3696";1312
"3697";1790
"3698";12
"3699";125
"3700";68
"3701";17
"3702";143
"3703";44
"3704";1313
"3705";47
"3706";47
"3707";16
"3708";1791
"3709";1792
"3710";53
"3711";590
"3712";1793
"3713";95
"3714";1314
"3715";95
"3716";1315
"3717";480
"3718";1794
"3719";1795
"3720";19
"3721";19
"3722";1316
"3723";1796
"3724";1317
"3725";591
"3726";1797
"3727";1318
"3728";83
"3729";83
"3730";83
"3731";592
"3732";592
"3733";1319
"3734";1320
"3735";14
"3736";14
"3737";1798
"3738";1321
"3739";1799
"3740";1800
"3741";1322
"3742";1801
"3743";51
"3744";1802
"3745";593
"3746";1803
"3747";32
"3748";3
"3749";1804
"3750";1805
"3751";309
"3752";310
"3753";311
"3754";1806
"3755";1323
"3756";99
"3757";99
"3758";1807
"3759";1324
"3760";1808
"3761";534
"3762";11
"3763";218
"3764";38
"3765";49
"3766";49
"3767";49
"3768";1325
"3769";1326
"3770";1327
"3771";1809
"3772";1328
"3773";481
"3774";481
"3775";36
"3776";36
"3777";36
"3778";189
"3779";1329
"3780";1330
"3781";594
"3782";94
"3783";1810
"3784";1811
"3785";160
"3786";78
"3787";78
"3788";78
"3789";78
"3790";78
"3791";2004
"3792";377
"3793";312
"3794";1852
"3795";376
"3796";606
"3797";606
"3798";766
"3799";5
"3800";798
"3801";710
"3802";74
"3803";31
"3804";7
"3805";2
"3806";364
"3807";364
"3808";762
"3809";661
"3810";379
"3811";735
"3812";482
"3813";848
"3814";736
"3815";655
"3816";737
"3817";597
"3818";597
"3819";240
"3820";240
"3821";79
"3822";343
"3823";53
"3824";360
"3825";360
"3826";53
"3827";4
"3828";1331
"3829";776
"3830";2180
"3831";93
"3832";1332
"3833";93
"3834";93
"3835";93
"3836";2005
"3837";868
"3838";19
"3839";72
"3840";72
"3841";871
"3842";65
"3843";62
"3844";19
"3845";153
"3846";70
"3847";62
"3848";467
"3849";174
"3850";174
"3851";1818
"3852";261
"3853";261
"3854";374
"3855";108
"3856";65
"3857";52
"3858";52
"3859";12
"3860";181
"3861";673
"3862";809
"3863";601
"3864";601
"3865";803
"3866";610
"3867";9
"3868";107
"3869";65
"3870";107
"3871";851
"3872";120
"3873";1927
"3874";483
"3875";483
"3876";151
"3877";151
"3878";10
"3879";847
"3880";2038
"3881";342
"3882";2058
"3883";2047
"3884";849
"3885";2182
"3886";800
"3887";2198
"3888";3
"3889";608
"3890";608
"3891";700
"3892";2192
"3893";2227
"3894";813
"3895";804
"3896";46
"3897";484
"3898";850
"3899";289
"3900";10
"3901";10
"3902";50
"3903";10
"3904";5
"3905";10
"3906";10
"3907";100
"3908";100
"3909";883
"3910";79
"3911";613
"3912";7
"3913";131
"3914";64
"3915";7
"3916";54
"3917";54
"3918";44
"3919";11
"3920";32
"3921";2194
"3922";2207
"3923";612
"3924";2181
"3925";6
"3926";157
"3927";157
"3928";2078
"3929";9
"3930";2218
"3931";2189
"3932";42
"3933";42
"3934";229
"3935";1958
"3936";97
"3937";97
"3938";97
"3939";852
"3940";2020
"3941";342
"3942";2229
"3943";833
"3944";76
"3945";76
"3946";290
"3947";290
"3948";290
"3949";653
"3950";639
"3951";2165
"3952";682
"3953";313
"3954";667
"3955";2076
"3956";27
"3957";27
"3958";73
"3959";27
"3960";27
"3961";126
"3962";27
"3963";186
"3964";186
"3965";1966
"3966";44
"3967";262
"3968";262
"3969";378
"3970";615
"3971";615
"3972";2200
"3973";718
"3974";381
"3975";381
"3976";722
"3977";2190
"3978";372
"3979";372
"3980";291
"3981";291
"3982";291
"3983";674
"3984";34
"3985";34
"3986";34
"3987";2092
"3988";1333
"3989";2109
"3990";205
"3991";753
"3992";205
"3993";670
"3994";2199
"3995";723
"3996";16
"3997";772
"3998";640
"3999";101
"4000";2110
"4001";485
"4002";778
"4003";11
"4004";85
"4005";129
"4006";129
"4007";18
"4008";167
"4009";167
"4010";167
"4011";167
"4012";375
"4013";447
"4014";675
"4015";1890
"4016";65
"4017";697
"4018";671
"4019";1853
"4020";2079
"4021";1891
"4022";486
"4023";486
"4024";2021
"4025";2186
"4026";2023
"4027";1963
"4028";2022
"4029";633
"4030";1
"4031";633
"4032";1
"4033";341
"4034";2046
"4035";214
"4036";214
"4037";214
"4038";698
"4039";801
"4040";709
"4041";252
"4042";884
"4043";100
"4044";1812
"4045";100
"4046";173
"4047";173
"4048";380
"4049";1334
"4050";885
"4051";886
"4052";887
"4053";805
"4054";869
"4055";599
"4056";599
"4057";1335
"4058";367
"4059";367
"4060";24
"4061";888
"4062";669
"4063";343
"4064";2098
"4065";227
"4066";227
"4067";38
"4068";349
"4069";63
"4070";63
"4071";604
"4072";604
"4073";1922
"4074";382
"4075";382
"4076";12
"4077";652
"4078";676
"4079";716
"4080";889
"4081";890
"4082";1
"4083";1
"4084";1
"4085";1
"4086";1
"4087";89
"4088";370
"4089";1856
"4090";854
"4091";769
"4092";2215
"4093";1819
"4094";56
"4095";654
"4096";1813
"4097";1892
"4098";725
"4099";487
"4100";487
"4101";365
"4102";237
"4103";891
"4104";835
"4105";2160
"4106";1944
"4107";1336
"4108";806
"4109";241
"4110";2039
"4111";361
"4112";361
"4113";132
"4114";5
"4115";5
"4116";771
"4117";728
"4118";621
"4119";17
"4120";2030
"4121";799
"4122";892
"4123";872
"4124";859
"4125";779
"4126";164
"4127";164
"4128";164
"4129";164
"4130";164
"4131";344
"4132";344
"4133";755
"4134";770
"4135";768
"4136";340
"4137";340
"4138";1893
"4139";773
"4140";2006
"4141";614
"4142";701
"4143";843
"4144";870
"4145";4
"4146";36
"4147";706
"4148";2080
"4149";197
"4150";292
"4151";2212
"4152";828
"4153";383
"4154";49
"4155";488
"4156";109
"4157";5
"4158";127
"4159";2153
"4160";1814
"4161";78
"4162";78
"4163";2029
"4164";33
"4165";33
"4166";71
"4167";101
"4168";130
"4169";67
"4170";355
"4171";2195
"4172";2228
"4173";1337
"4174";83
"4175";29
"4176";10
"4177";10
"4178";155
"4179";35
"4180";101
"4181";2172
"4182";1820
"4183";650
"4184";807
"4185";831
"4186";458
"4187";605
"4188";605
"4189";225
"4190";225
"4191";225
"4192";2007
"4193";619
"4194";60
"4195";109
"4196";109
"4197";855
"4198";611
"4199";2097
"4200";2175
"4201";860
"4202";134
"4203";134
"4204";145
"4205";2027
"4206";836
"4207";17
"4208";38
"4209";17
"4210";607
"4211";607
"4212";707
"4213";432
"4214";2216
"4215";384
"4216";384
"4217";789
"4218";2077
"4219";595
"4220";595
"4221";61
"4222";152
"4223";1956
"4224";81
"4225";81
"4226";1821
"4227";212
"4228";212
"4229";212
"4230";212
"4231";815
"4232";1964
"4233";314
"4234";314
"4235";314
"4236";2177
"4237";662
"4238";369
"4239";369
"4240";369
"4241";80
"4242";135
"4243";13
"4244";39
"4245";52
"4246";52
"4247";2171
"4248";632
"4249";2183
"4250";873
"4251";217
"4252";1918
"4253";251
"4254";777
"4255";2059
"4256";385
"4257";385
"4258";2157
"4259";663
"4260";733
"4261";22
"4262";808
"4263";727
"4264";724
"4265";449
"4266";1338
"4267";2040
"4268";2196
"4269";893
"4270";49
"4271";832
"4272";1339
"4273";1340
"4274";132
"4275";132
"4276";132
"4277";894
"4278";1854
"4279";2060
"4280";253
"4281";161
"4282";161
"4283";844
"4284";3
"4285";197
"4286";3
"4287";1855
"4288";3
"4289";3
"4290";45
"4291";45
"4292";18
"4293";45
"4294";45
"4295";18
"4296";45
"4297";256
"4298";258
"4299";18
"4300";41
"4301";18
"4302";18
"4303";45
"4304";258
"4305";18
"4306";18
"4307";694
"4308";895
"4309";256
"4310";256
"4311";258
"4312";162
"4313";1945
"4314";657
"4315";1928
"4316";2067
"4317";200
"4318";386
"4319";23
"4320";711
"4321";2081
"4322";596
"4323";201
"4324";24
"4325";134
"4326";134
"4327";1929
"4328";91
"4329";218
"4330";1341
"4331";373
"4332";373
"4333";489
"4334";2226
"4335";668
"4336";2170
"4337";856
"4338";896
"4339";897
"4340";695
"4341";898
"4342";263
"4343";263
"4344";2048
"4345";816
"4346";2222
"4347";802
"4348";899
"4349";900
"4350";170
"4351";170
"4352";170
"4353";170
"4354";672
"4355";845
"4356";853
"4357";857
"4358";41
"4359";339
"4360";339
"4361";1970
"4362";490
"4363";901
"4364";1959
"4365";609
"4366";1894
"4367";315
"4368";102
"4369";2111
"4370";491
"4371";491
"4372";636
"4373";2045
"4374";1815
"4375";790
"4376";693
"4377";1342
"4378";59
"4379";59
"4380";185
"4381";185
"4382";2220
"4383";2211
"4384";2184
"4385";64
"4386";712
"4387";1822
"4388";103
"4389";103
"4390";103
"4391";2083
"4392";719
"4393";2174
"4394";2223
"4395";1976
"4396";2217
"4397";1
"4398";713
"4399";1816
"4400";2166
"4401";738
"4402";829
"4403";2082
"4404";2236
"4405";492
"4406";492
"4407";765
"4408";2049
"4409";641
"4410";69
"4411";251
"4412";1343
"4413";2224
"4414";17
"4415";387
"4416";387
"4417";2024
"4418";111
"4419";278
"4420";1344
"4421";2068
"4422";874
"4423";1823
"4424";149
"4425";149
"4426";149
"4427";149
"4428";1824
"4429";704
"4430";1825
"4431";1817
"4432";1972
"4433";598
"4434";598
"4435";40
"4436";40
"4437";40
"4438";40
"4439";40
"4440";40
"4441";1961
"4442";2154
"4443";600
"4444";73
"4445";41
"4446";41
"4447";41
"4448";861
"4449";388
"4450";388
"4451";717
"4452";2105
"4453";703
"4454";196
"4455";196
"4456";1974
"4457";126
"4458";249
"4459";249
"4460";87
"4461";2167
"4462";493
"4463";2025
"4464";714
"4465";1826
"4466";2221
"4467";602
"4468";602
"4469";837
"4470";2041
"4471";824
"4472";293
"4473";293
"4474";293
"4475";1930
"4476";145
"4477";2208
"4478";838
"4479";1931
"4480";767
"4481";47
"4482";47
"4483";47
"4484";47
"4485";294
"4486";617
"4487";182
"4488";2093
"4489";756
"4490";791
"4491";1919
"4492";1946
"4493";862
"4494";264
"4495";264
"4496";1957
"4497";389
"4498";2072
"4499";91
"4500";74
"4501";74
"4502";74
"4503";122
"4504";71
"4505";1973
"4506";2176
"4507";71
"4508";71
"4509";71
"4510";71
"4511";2173
"4512";2168
"4513";2028
"4514";825
"4515";307
"4516";1345
"4517";63
"4518";2209
"4519";91
"4520";2055
"4521";38
"4522";642
"4523";705
"4524";715
"4525";708
"4526";207
"4527";207
"4528";2225
"4529";2112
"4530";740
"4531";683
"4532";25
"4533";271
"4534";271
"4535";26
"4536";26
"4537";26
"4538";182
"4539";684
"4540";623
"4541";23
"4542";2113
"4543";98
"4544";98
"4545";98
"4546";98
"4547";2061
"4548";390
"4549";390
"4550";688
"4551";2114
"4552";1977
"4553";494
"4554";494
"4555";1969
"4556";603
"4557";603
"4558";2152
"4559";12
"4560";12
"4561";616
"4562";616
"4563";495
"4564";352
"4565";68
"4566";68
"4567";68
"4568";68
"4569";68
"4570";68
"4571";353
"4572";2151
"4573";2056
"4574";2050
"4575";902
"4576";2158
"4577";2100
"4578";2133
"4579";424
"4580";903
"4581";496
"4582";691
"4583";2115
"4584";734
"4585";1346
"4586";362
"4587";362
"4588";362
"4589";36
"4590";1932
"4591";2116
"4592";55
"4593";128
"4594";128
"4595";763
"4596";692
"4597";649
"4598";774
"4599";316
"4600";863
"4601";2085
"4602";2159
"4603";99
"4604";3
"4605";61
"4606";2169
"4607";1347
"4608";1947
"4609";741
"4610";2026
"4611";50
"4612";219
"4613";625
"4614";625
"4615";643
"4616";2075
"4617";295
"4618";810
"4619";2090
"4620";55
"4621";904
"4622";497
"4623";1978
"4624";2197
"4625";634
"4626";1979
"4627";764
"4628";1980
"4629";498
"4630";498
"4631";702
"4632";94
"4633";94
"4634";130
"4635";130
"4636";61
"4637";2179
"4638";399
"4639";2095
"4640";2219
"4641";1348
"4642";1349
"4643";1975
"4644";757
"4645";2096
"4646";2187
"4647";8
"4648";8
"4649";1981
"4650";45
"4651";2134
"4652";2162
"4653";2008
"4654";1350
"4655";630
"4656";792
"4657";2163
"4658";265
"4659";265
"4660";1982
"4661";696
"4662";2042
"4663";241
"4664";21
"4665";21
"4666";21
"4667";21
"4668";817
"4669";1983
"4670";296
"4671";296
"4672";296
"4673";699
"4674";2164
"4675";644
"4676";228
"4677";228
"4678";2103
"4679";2069
"4680";1
"4681";1
"4682";1
"4683";1
"4684";1
"4685";1
"4686";1
"4687";1
"4688";1
"4689";260
"4690";864
"4691";905
"4692";20
"4693";20
"4694";20
"4695";20
"4696";20
"4697";20
"4698";20
"4699";20
"4700";20
"4701";20
"4702";20
"4703";20
"4704";20
"4705";20
"4706";20
"4707";20
"4708";20
"4709";20
"4710";391
"4711";391
"4712";499
"4713";6
"4714";6
"4715";6
"4716";6
"4717";6
"4718";6
"4719";6
"4720";6
"4721";6
"4722";350
"4723";6
"4724";6
"4725";6
"4726";6
"4727";6
"4728";6
"4729";6
"4730";6
"4731";6
"4732";6
"4733";6
"4734";6
"4735";6
"4736";6
"4737";6
"4738";6
"4739";6
"4740";6
"4741";2117
"4742";1984
"4743";1985
"4744";500
"4745";118
"4746";118
"4747";645
"4748";392
"4749";69
"4750";1895
"4751";501
"4752";818
"4753";348
"4754";348
"4755";2057
"4756";54
"4757";846
"4758";906
"4759";1351
"4760";393
"4761";393
"4762";2233
"4763";907
"4764";2073
"4765";189
"4766";189
"4767";502
"4768";266
"4769";266
"4770";165
"4771";36
"4772";208
"4773";208
"4774";394
"4775";394
"4776";690
"4777";1986
"4778";758
"4779";395
"4780";395
"4781";908
"4782";317
"4783";317
"4784";317
"4785";297
"4786";297
"4787";297
"4788";359
"4789";359
"4790";2074
"4791";396
"4792";396
"4793";2118
"4794";135
"4795";135
"4796";503
"4797";318
"4798";2201
"4799";46
"4800";46
"4801";46
"4802";1987
"4803";689
"4804";875
"4805";13
"4806";13
"4807";2161
"4808";11
"4809";11
"4810";125
"4811";347
"4812";909
"4813";141
"4814";2091
"4815";651
"4816";1827
"4817";759
"4818";760
"4819";2070
"4820";2135
"4821";830
"4822";761
"4823";397
"4824";1859
"4825";2213
"4826";196
"4827";67
"4828";198
"4829";39
"4830";1948
"4831";2214
"4832";504
"4833";1860
"4834";2051
"4835";1828
"4836";1861
"4837";121
"4838";136
"4839";136
"4840";136
"4841";121
"4842";192
"4843";192
"4844";192
"4845";88
"4846";29
"4847";88
"4848";88
"4849";88
"4850";1862
"4851";910
"4852";1949
"4853";660
"4854";55
"4855";1896
"4856";1920
"4857";183
"4858";183
"4859";2119
"4860";88
"4861";2136
"4862";1863
"4863";1864
"4864";2052
"4865";1988
"4866";1989
"4867";1865
"4868";80
"4869";298
"4870";298
"4871";298
"4872";220
"4873";2178
"4874";184
"4875";184
"4876";1352
"4877";648
"4878";398
"4879";398
"4880";1829
"4881";505
"4882";299
"4883";299
"4884";299
"4885";2120
"4886";2191
"4887";911
"4888";876
"4889";213
"4890";213
"4891";213
"4892";213
"4893";195
"4894";195
"4895";1830
"4896";2107
"4897";1971
"4898";2009
"4899";1831
"4900";1866
"4901";131
"4902";2010
"4903";260
"4904";79
"4905";79
"4906";79
"4907";1832
"4908";742
"4909";1833
"4910";15
"4911";15
"4912";15
"4913";59
"4914";2230
"4915";1990
"4916";721
"4917";2155
"4918";134
"4919";1834
"4920";1835
"4921";2156
"4922";119
"4923";912
"4924";15
"4925";2086
"4926";122
"4927";793
"4928";195
"4929";195
"4930";2071
"4931";794
"4932";658
"4933";1353
"4934";877
"4935";1836
"4936";1837
"4937";685
"4938";452
"4939";15
"4940";15
"4941";15
"4942";15
"4943";15
"4944";15
"4945";15
"4946";15
"4947";15
"4948";15
"4949";15
"4950";15
"4951";913
"4952";142
"4953";166
"4954";732
"4955";754
"4956";1867
"4957";839
"4958";31
"4959";1354
"4960";2121
"4961";819
"4962";1991
"4963";775
"4964";117
"4965";19
"4966";19
"4967";19
"4968";19
"4969";19
"4970";154
"4971";19
"4972";127
"4973";127
"4974";90
"4975";90
"4976";90
"4977";90
"4978";90
"4979";90
"4980";1868
"4981";1838
"4982";795
"4983";2108
"4984";914
"4985";267
"4986";267
"4987";180
"4988";180
"4989";1857
"4990";1950
"4991";865
"4992";425
"4993";400
"4994";1839
"4995";506
"4996";506
"4997";915
"4998";916
"4999";796
"5000";188
"5001";2137
"5002";146
"5003";878
"5004";507
"5005";507
"5006";917
"5007";743
"5008";2011
"5009";2122
"5010";1907
"5011";666
"5012";2101
"5013";5
"5014";820
"5015";1933
"5016";1921
"5017";2138
"5018";1934
"5019";1935
"5020";26
"5021";61
"5022";26
"5023";2234
"5024";118
"5025";300
"5026";858
"5027";1936
"5028";1951
"5029";279
"5030";279
"5031";508
"5032";834
"5033";2012
"5034";1897
"5035";918
"5036";919
"5037";920
"5038";812
"5039";780
"5040";1869
"5041";2043
"5042";509
"5043";401
"5044";401
"5045";96
"5046";96
"5047";402
"5048";402
"5049";85
"5050";1952
"5051";2202
"5052";2031
"5053";781
"5054";921
"5055";2203
"5056";2139
"5057";2140
"5058";403
"5059";403
"5060";1898
"5061";1967
"5062";879
"5063";1355
"5064";286
"5065";1953
"5066";880
"5067";1968
"5068";1954
"5069";1870
"5070";1955
"5071";726
"5072";510
"5073";866
"5074";404
"5075";404
"5076";2104
"5077";1899
"5078";744
"5079";1
"5080";1
"5081";2087
"5082";922
"5083";840
"5084";28
"5085";1900
"5086";1965
"5087";720
"5088";1992
"5089";1901
"5090";1840
"5091";69
"5092";86
"5093";1902
"5094";1937
"5095";2013
"5096";1903
"5097";923
"5098";31
"5099";2193
"5100";87
"5101";87
"5102";2088
"5103";198
"5104";50
"5105";5
"5106";511
"5107";511
"5108";2014
"5109";2015
"5110";28
"5111";924
"5112";925
"5113";926
"5114";353
"5115";745
"5116";1993
"5117";1841
"5118";782
"5119";1904
"5120";1842
"5121";356
"5122";356
"5123";17
"5124";17
"5125";512
"5126";664
"5127";5
"5128";5
"5129";841
"5130";927
"5131";1843
"5132";513
"5133";513
"5134";514
"5135";514
"5136";1
"5137";2062
"5138";814
"5139";826
"5140";2084
"5141";842
"5142";729
"5143";2141
"5144";1871
"5145";515
"5146";2063
"5147";1872
"5148";2064
"5149";516
"5150";319
"5151";867
"5152";405
"5153";1905
"5154";1906
"5155";2065
"5156";2210
"5157";1873
"5158";1356
"5159";268
"5160";268
"5161";371
"5162";1874
"5163";1357
"5164";113
"5165";113
"5166";2089
"5167";797
"5168";2106
"5169";2235
"5170";223
"5171";223
"5172";223
"5173";2016
"5174";370
"5175";206
"5176";206
"5177";730
"5178";2053
"5179";69
"5180";517
"5181";1923
"5182";827
"5183";2017
"5184";518
"5185";518
"5186";2142
"5187";1908
"5188";1909
"5189";2185
"5190";928
"5191";881
"5192";1875
"5193";1876
"5194";631
"5195";929
"5196";53
"5197";53
"5198";519
"5199";226
"5200";646
"5201";2018
"5202";2143
"5203";520
"5204";37
"5205";37
"5206";2144
"5207";301
"5208";301
"5209";301
"5210";1844
"5211";665
"5212";158
"5213";158
"5214";158
"5215";158
"5216";930
"5217";159
"5218";406
"5219";1845
"5220";686
"5221";2019
"5222";1924
"5223";687
"5224";1358
"5225";1910
"5226";1359
"5227";2044
"5228";739
"5229";104
"5230";104
"5231";12
"5232";521
"5233";2204
"5234";51
"5235";51
"5236";51
"5237";2123
"5238";84
"5239";53
"5240";4
"5241";1877
"5242";1360
"5243";65
"5244";4
"5245";4
"5246";29
"5247";1878
"5248";37
"5249";37
"5250";4
"5251";259
"5252";882
"5253";1925
"5254";162
"5255";162
"5256";1361
"5257";1362
"5258";931
"5259";677
"5260";152
"5261";678
"5262";731
"5263";2145
"5264";522
"5265";522
"5266";269
"5267";269
"5268";679
"5269";1363
"5270";112
"5271";112
"5272";523
"5273";680
"5274";115
"5275";115
"5276";115
"5277";115
"5278";115
"5279";115
"5280";146
"5281";146
"5282";2146
"5283";2124
"5284";2094
"5285";77
"5286";77
"5287";77
"5288";77
"5289";126
"5290";126
"5291";126
"5292";270
"5293";783
"5294";524
"5295";169
"5296";169
"5297";169
"5298";169
"5299";1364
"5300";13
"5301";13
"5302";1365
"5303";811
"5304";525
"5305";2147
"5306";172
"5307";172
"5308";172
"5309";172
"5310";407
"5311";407
"5312";647
"5313";1911
"5314";752
"5315";526
"5316";408
"5317";408
"5318";96
"5319";932
"5320";242
"5321";242
"5322";2148
"5323";2066
"5324";1994
"5325";637
"5326";1995
"5327";100
"5328";784
"5329";35
"5330";2149
"5331";1366
"5332";38
"5333";1926
"5334";191
"5335";191
"5336";527
"5337";933
"5338";254
"5339";254
"5340";1996
"5341";203
"5342";203
"5343";1997
"5344";1879
"5345";1938
"5346";2102
"5347";1858
"5348";2150
"5349";1367
"5350";528
"5351";73
"5352";35
"5353";35
"5354";1368
"5355";409
"5356";409
"5357";410
"5358";410
"5359";1912
"5360";1962
"5361";1369
"5362";821
"5363";250
"5364";250
"5365";250
"5366";250
"5367";628
"5368";1370
"5369";1371
"5370";366
"5371";351
"5372";351
"5373";278
"5374";121
"5375";1372
"5376";48
"5377";48
"5378";48
"5379";48
"5380";48
"5381";48
"5382";48
"5383";48
"5384";48
"5385";48
"5386";48
"5387";1939
"5388";238
"5389";238
"5390";320
"5391";1373
"5392";83
"5393";1374
"5394";1375
"5395";179
"5396";411
"5397";411
"5398";179
"5399";110
"5400";110
"5401";110
"5402";110
"5403";110
"5404";110
"5405";150
"5406";110
"5407";1846
"5408";3
"5409";412
"5410";412
"5411";1376
"5412";153
"5413";1377
"5414";1913
"5415";1378
"5416";1880
"5417";413
"5418";413
"5419";1379
"5420";822
"5421";1380
"5422";101
"5423";193
"5424";193
"5425";193
"5426";1914
"5427";659
"5428";414
"5429";414
"5430";934
"5431";2099
"5432";823
"5433";1381
"5434";3
"5435";3
"5436";1382
"5437";1383
"5438";2032
"5439";935
"5440";1998
"5441";1999
"5442";1384
"5443";2188
"5444";936
"5445";1881
"5446";937
"5447";272
"5448";1847
"5449";1848
"5450";3
"5451";2232
"5452";1385
"5453";629
"5454";629
"5455";1849
"5456";416
"5457";1386
"5458";415
"5459";415
"5460";1850
"5461";1882
"5462";1851
"5463";83
"5464";1387
"5465";938
"5466";1940
"5467";1388
"5468";28
"5469";28
"5470";28
"5471";28
"5472";28
"5473";28
"5474";28
"5475";28
"5476";28
"5477";3
"5478";28
"5479";1915
"5480";2033
"5481";1941
"5482";529
"5483";529
"5484";122
"5485";1389
"5486";1960
"5487";1390
"5488";1391
"5489";1392
"5490";939
"5491";61
"5492";656
"5493";1393
"5494";1942
"5495";321
"5496";321
"5497";321
"5498";1394
"5499";3
"5500";530
"5501";3
"5502";624
"5503";531
"5504";1395
"5505";87
"5506";178
"5507";2000
"5508";618
"5509";1396
"5510";322
"5511";532
"5512";202
"5513";635
"5514";2001
"5515";1397
"5516";533
"5517";746
"5518";534
"5519";1398
"5520";1399
"5521";47
"5522";417
"5523";417
"5524";81
"5525";940
"5526";785
"5527";1400
"5528";1943
"5529";163
"5530";163
"5531";163
"5532";163
"5533";163
"5534";1401
"5535";1402
"5536";786
"5537";535
"5538";1916
"5539";1883
"5540";1917
"5541";1884
"5542";147
"5543";104
"5544";1403
"5545";1404
"5546";536
"5547";536
"5548";787
"5549";1405
"5550";1406
"5551";537
"5552";366
"5553";280
"5554";280
"5555";941
"5556";538
"5557";538
"5558";1407
"5559";539
"5560";418
"5561";540
"5562";540
"5563";1408
"5564";2231
"5565";433
"5566";1885
"5567";1409
"5568";1410
"5569";1411
"5570";1412
"5571";419
"5572";419
"5573";1413
"5574";942
"5575";2205
"5576";541
"5577";788
"5578";1414
"5579";302
"5580";302
"5581";302
"5582";1415
"5583";1416
"5584";1417
"5585";2206
"5586";2034
"5587";420
"5588";420
"5589";943
"5590";1418
"5591";1419
"5592";36
"5593";36
"5594";36
"5595";253
"5596";253
"5597";1420
"5598";681
"5599";542
"5600";1421
"5601";1422
"5602";1423
"5603";944
"5604";10
"5605";25
"5606";25
"5607";102
"5608";25
"5609";1424
"5610";1425
"5611";1426
"5612";945
"5613";1427
"5614";946
"5615";323
"5616";368
"5617";947
"5618";948
"5619";1886
"5620";1428
"5621";949
"5622";2054
"5623";1887
"5624";1888
"5625";1429
"5626";2125
"5627";229
"5628";1430
"5629";29
"5630";2002
"5631";950
"5632";2035
"5633";1431
"5634";22
"5635";1432
"5636";2126
"5637";1889
"5638";1433
"5639";1434
"5640";421
"5641";951
"5642";1435
"5643";422
"5644";2036
"5645";363
"5646";1436
"5647";2003
"5648";952
"5649";423
"5650";423
"5651";446
"5652";2037
"5653";1437
"5654";2127
"5655";1438
"5656";2128
"5657";747
"5658";748
"5659";1439
"5660";1440
"5661";243
"5662";243
"5663";243
"5664";230
"5665";230
"5666";230
"5667";543
"5668";543
"5669";209
"5670";953
"5671";1441
"5672";544
"5673";544
"5674";1442
"5675";1443
"5676";1444
"5677";749
"5678";1445
"5679";22
"5680";1446
"5681";750
"5682";1447
"5683";1448
"5684";235
"5685";235
"5686";235
"5687";95
"5688";751
"5689";1449
"5690";545
"5691";104
"5692";56
"5693";1450
"5694";210
"5695";210
"5696";1451
"5697";954
"5698";2129
"5699";1452
"5700";2130
"5701";460
"5702";1453
"5703";955
"5704";190
"5705";190
"5706";190
"5707";190
"5708";956
"5709";957
"5710";638
"5711";66
"5712";1454
"5713";1455
"5714";958
"5715";1456
"5716";959
"5717";1457
"5718";1458
"5719";1459
"5720";2131
"5721";1460
"5722";1461
"5723";2132
"5724";1462
"5725";960
"5726";1463
"5727";303
"5728";247
"5729";247
"5730";546
"5731";160
"5732";961
"5733";56
"5734";324
"5735";1464
"5736";176
"5737";176
"5738";176
"5739";105
"5740";23
"5741";105
"5742";105
"5743";200
"5744";1465
"5745";1466
"5746";962
"5747";963
"5748";1467
"5749";1468
"5750";1469
"5751";1470
"5752";964
"5753";1471
"5754";1472
"5755";1473
"5756";1474
"5757";1475
"5758";965
"5759";966
"5760";1476
"5761";967
"5762";968
"5763";304
"5764";304
"5765";304
"5766";273
"5767";1477
"5768";969
"5769";1478
"5770";1479
"5771";1480
"5772";75
"5773";75
"5774";75
"5775";970
"5776";1481
"5777";1482
"5778";1483
"5779";236
"5780";236
"5781";547
"5782";1484
"5783";426
"5784";426
"5785";971
"5786";972
"5787";24
"5788";116
"5789";1485
"5790";1486
"5791";116
"5792";427
"5793";8
"5794";8
"5795";548
"5796";8
"5797";8
"5798";8
"5799";8
"5800";973
"5801";1487
"5802";974
"5803";975
"5804";976
"5805";1488
"5806";1489
"5807";977
"5808";549
"5809";549
"5810";550
"5811";550
"5812";1490
"5813";978
"5814";551
"5815";281
"5816";281
"5817";282
"5818";282
"5819";979
"5820";428
"5821";428
"5822";552
"5823";552
"5824";325
"5825";325
"5826";325
"5827";1491
"5828";980
"5829";1492
"5830";981
"5831";429
"5832";982
"5833";1493
"5834";983
"5835";85
"5836";1494
"5837";984
"5838";1495
"5839";985
"5840";986
"5841";1496
"5842";987
"5843";1497
"5844";988
"5845";1498
"5846";326
"5847";989
"5848";990
"5849";1499
"5850";1500
"5851";137
"5852";137
"5853";137
"5854";137
"5855";137
"5856";1501
"5857";991
"5858";255
"5859";154
"5860";1502
"5861";992
"5862";993
"5863";994
"5864";995
"5865";996
"5866";1503
"5867";1504
"5868";997
"5869";998
"5870";999
"5871";1000
"5872";85
"5873";57
"5874";57
"5875";1001
"5876";1002
"5877";1505
"5878";1003
"5879";1506
"5880";430
"5881";430
"5882";1507
"5883";1508
"5884";1509
"5885";431
"5886";431
"5887";1004
"5888";1510
"5889";40
"5890";155
"5891";155
"5892";155
"5893";155
"5894";1005
"5895";1511
"5896";553
"5897";1512
"5898";1006
"5899";1007
"5900";306
"5901";1008
"5902";327
"5903";327
"5904";327
"5905";1009
"5906";1513
"5907";1010
"5908";1514
"5909";99
"5910";1515
"5911";1516
"5912";1517
"5913";39
"5914";1011
"5915";140
"5916";140
"5917";140
"5918";216
"5919";1012
"5920";1013
"5921";1518
"5922";1014
"5923";1015
"5924";272
"5925";1519
"5926";1520
"5927";1521
"5928";434
"5929";434
"5930";107
"5931";1522
"5932";1523
"5933";1016
"5934";1524
"5935";435
"5936";435
"5937";1017
"5938";1018
"5939";1525
"5940";1019
"5941";1526
"5942";1020
"5943";554
"5944";38
"5945";239
"5946";239
"5947";1021
"5948";1527
"5949";1528
"5950";1022
"5951";1023
"5952";1529
"5953";1530
"5954";1531
"5955";1532
"5956";1024
"5957";1025
"5958";1533
"5959";1534
"5960";1535
"5961";1026
"5962";1027
"5963";1028
"5964";1536
"5965";1029
"5966";1537
"5967";305
"5968";305
"5969";305
"5970";41
"5971";41
"5972";1538
"5973";1030
"5974";1031
"5975";30
"5976";30
"5977";30
"5978";30
"5979";30
"5980";30
"5981";30
"5982";30
"5983";30
"5984";30
"5985";30
"5986";30
"5987";30
"5988";1032
"5989";328
"5990";1539
"5991";283
"5992";283
"5993";1033
"5994";1540
"5995";1034
"5996";94
"5997";94
"5998";1541
"5999";106
"6000";106
"6001";106
"6002";106
"6003";1542
"6004";59
"6005";1035
"6006";555
"6007";555
"6008";1036
"6009";1543
"6010";1544
"6011";556
"6012";1545
"6013";1546
"6014";1547
"6015";1548
"6016";1037
"6017";1549
"6018";1038
"6019";1039
"6020";1040
"6021";187
"6022";187
"6023";1041
"6024";1042
"6025";1043
"6026";1550
"6027";1551
"6028";57
"6029";194
"6030";1044
"6031";1552
"6032";1045
"6033";1046
"6034";13
"6035";1047
"6036";355
"6037";257
"6038";257
"6039";257
"6040";1048
"6041";1553
"6042";114
"6043";114
"6044";114
"6045";341
"6046";1049
"6047";1050
"6048";1051
"6049";1554
"6050";1555
"6051";139
"6052";139
"6053";139
"6054";139
"6055";1556
"6056";1557
"6057";1052
"6058";284
"6059";284
"6060";1558
"6061";1053
"6062";244
"6063";244
"6064";1559
"6065";329
"6066";329
"6067";329
"6068";1054
"6069";124
"6070";124
"6071";1560
"6072";209
"6073";1561
"6074";58
"6075";58
"6076";58
"6077";58
"6078";1562
"6079";66
"6080";1055
"6081";1056
"6082";43
"6083";43
"6084";43
"6085";43
"6086";43
"6087";43
"6088";43
"6089";43
"6090";43
"6091";43
"6092";43
"6093";43
"6094";37
"6095";436
"6096";436
"6097";1563
"6098";1564
"6099";156
"6100";156
"6101";156
"6102";123
"6103";123
"6104";123
"6105";123
"6106";1057
"6107";186
"6108";186
"6109";1058
"6110";1565
"6111";1566
"6112";1567
"6113";1568
"6114";1059
"6115";1569
"6116";1060
"6117";1570
"6118";175
"6119";175
"6120";66
"6121";66
"6122";66
"6123";1571
"6124";1061
"6125";1062
"6126";1063
"6127";437
"6128";1572
"6129";1064
"6130";1065
"6131";1066
"6132";1573
"6133";557
"6134";1574
"6135";9
"6136";9
"6137";9
"6138";9
"6139";9
"6140";9
"6141";1575
"6142";438
"6143";438
"6144";285
"6145";285
"6146";1576
"6147";1067
"6148";439
"6149";330
"6150";215
"6151";215
"6152";1577
"6153";29
"6154";24
"6155";54
"6156";1578
"6157";1579
"6158";1068
"6159";1069
"6160";1070
"6161";1071
"6162";58
"6163";58
"6164";58
"6165";58
"6166";58
"6167";58
"6168";1072
"6169";440
"6170";25
"6171";1580
"6172";221
"6173";1073
"6174";99
"6175";1074
"6176";558
"6177";1075
"6178";92
"6179";92
"6180";1581
"6181";1582
"6182";23
"6183";1076
"6184";627
"6185";627
"6186";47
"6187";1077
"6188";1583
"6189";441
"6190";441
"6191";1584
"6192";1078
"6193";1079
"6194";143
"6195";143
"6196";143
"6197";1585
"6198";1586
"6199";1080
"6200";1587
"6201";1081
"6202";25
"6203";25
"6204";1082
"6205";1083
"6206";112
"6207";112
"6208";112
"6209";112
"6210";1588
"6211";5
"6212";1589
"6213";1084
"6214";442
"6215";442
"6216";1085
"6217";346
"6218";346
"6219";1590
"6220";1086
"6221";1087
"6222";1591
"6223";1592
"6224";1088
"6225";1593
"6226";287
"6227";1089
"6228";1090
"6229";125
"6230";125
"6231";1091
"6232";1092
"6233";1093
"6234";1594
"6235";1094
"6236";1095
"6237";1096
"6238";1097
"6239";252
"6240";1595
"6241";1098
"6242";1099
"6243";1596
"6244";1100
"6245";1597
"6246";1101
"6247";1598
"6248";443
"6249";443
"6250";84
"6251";84
"6252";459
"6253";1102
"6254";1103
"6255";144
"6256";144
"6257";144
"6258";144
"6259";177
"6260";1599
"6261";1600
"6262";1601
"6263";1602
"6264";1104
"6265";34
"6266";34
"6267";620
"6268";34
"6269";34
"6270";34
"6271";34
"6272";1105
"6273";1106
"6274";1
"6275";1
"6276";1
"6277";1107
"6278";331
"6279";331
"6280";331
"6281";444
"6282";444
"6283";1108
"6284";1109
"6285";82
"6286";29
"6287";1603
"6288";559
"6289";559
"6290";1110
"6291";1604
"6292";1605
"6293";1606
"6294";140
"6295";1607
"6296";7
"6297";1111
"6298";1112
"6299";480
"6300";1608
"6301";148
"6302";148
"6303";9
"6304";1609
"6305";1610
"6306";147
"6307";147
"6308";147
"6309";1113
"6310";1611
"6311";1612
"6312";1114
"6313";445
"6314";445
"6315";1613
"6316";1115
"6317";345
"6318";345
"6319";1116
"6320";1614
"6321";1117
"6322";148
"6323";1615
"6324";1118
"6325";1616
"6326";1119
"6327";1120
"6328";1617
"6329";1618
"6330";130
"6331";224
"6332";224
"6333";224
"6334";448
"6335";1121
"6336";7
"6337";1122
"6338";41
"6339";1619
"6340";1620
"6341";1123
"6342";1124
"6343";1621
"6344";560
"6345";1622
"6346";1623
"6347";561
"6348";308
"6349";1624
"6350";1625
"6351";211
"6352";211
"6353";1125
"6354";562
"6355";357
"6356";357
"6357";357
"6358";1126
"6359";1127
"6360";1128
"6361";563
"6362";1626
"6363";1129
"6364";1627
"6365";47
"6366";1130
"6367";1131
"6368";1628
"6369";564
"6370";1132
"6371";1133
"6372";1629
"6373";1134
"6374";1630
"6375";1631
"6376";1632
"6377";108
"6378";1135
"6379";286
"6380";1136
"6381";273
"6382";1137
"6383";148
"6384";106
"6385";1633
"6386";102
"6387";102
"6388";1634
"6389";1635
"6390";1138
"6391";125
"6392";450
"6393";450
"6394";1139
"6395";1140
"6396";245
"6397";245
"6398";245
"6399";73
"6400";1
"6401";1
"6402";1
"6403";1
"6404";1
"6405";1
"6406";1
"6407";1
"6408";1
"6409";1
"6410";1
"6411";1
"6412";1
"6413";1141
"6414";1636
"6415";42
"6416";247
"6417";42
"6418";42
"6419";42
"6420";565
"6421";274
"6422";274
"6423";42
"6424";1637
"6425";1142
"6426";1143
"6427";1144
"6428";1145
"6429";1638
"6430";168
"6431";168
"6432";168
"6433";168
"6434";237
"6435";204
"6436";1146
"6437";204
"6438";1147
"6439";566
"6440";566
"6441";1148
"6442";1149
"6443";1639
"6444";1150
"6445";567
"6446";1640
"6447";1151
"6448";1641
"6449";1642
"6450";1152
"6451";21
"6452";21
"6453";21
"6454";21
"6455";363
"6456";21
"6457";626
"6458";1153
"6459";1643
"6460";622
"6461";622
"6462";1644
"6463";1154
"6464";226
"6465";226
"6466";1155
"6467";1645
"6468";201
"6469";1646
"6470";1156
"6471";1157
"6472";1158
"6473";231
"6474";231
"6475";231
"6476";1159
"6477";1647
"6478";127
"6479";1648
"6480";1160
"6481";1161
"6482";1649
"6483";332
"6484";1162
"6485";1163
"6486";333
"6487";1650
"6488";12
"6489";451
"6490";1651
"6491";1652
"6492";1164
"6493";1653
"6494";1165
"6495";1166
"6496";1654
"6497";453
"6498";453
"6499";1167
"6500";1168
"6501";1655
"6502";215
"6503";454
"6504";454
"6505";1656
"6506";568
"6507";568
"6508";1169
"6509";1170
"6510";1657
"6511";1658
"6512";1659
"6513";455
"6514";455
"6515";1171
"6516";1172
"6517";1660
"6518";456
"6519";456
"6520";1173
"6521";569
"6522";569
"6523";1174
"6524";570
"6525";232
"6526";232
"6527";1661
"6528";457
"6529";457
"6530";1662
"6531";1175
"6532";1176
"6533";1177
"6534";188
"6535";1663
"6536";133
"6537";1178
"6538";1179
"6539";1180
"6540";1181
"6541";571
"6542";571
"6543";1182
"6544";1183
"6545";1184
"6546";1185
"6547";1186
"6548";1664
"6549";5
"6550";5
"6551";37
"6552";1187
"6553";1665
"6554";1666
"6555";1188
"6556";181
"6557";1667
"6558";138
"6559";1668
"6560";138
"6561";138
"6562";138
"6563";138
"6564";1669
"6565";233
"6566";233
"6567";1670
"6568";572
"6569";572
"6570";1189
"6571";1671
"6572";573
"6573";1672
"6574";1190
"6575";1673
"6576";1191
"6577";1674
"6578";1192
"6579";1675
"6580";1676
"6581";1193
"6582";199
"6583";199
"6584";199
"6585";199
"6586";574
"6587";1194
"6588";1677
"6589";1195
"6590";354
"6591";1678
"6592";334
"6593";1679
"6594";1196
"6595";1680
"6596";1197
"6597";198
"6598";1681
"6599";1682
"6600";1683
"6601";1684
"6602";124
"6603";124
"6604";1685
"6605";194
"6606";194
"6607";1198
"6608";60
"6609";1199
"6610";151
"6611";1686
"6612";22
"6613";22
"6614";22
"6615";22
"6616";22
"6617";22
"6618";22
"6619";22
"6620";22
"6621";22
"6622";22
"6623";123
"6624";335
"6625";1687
"6626";1200
"6627";575
"6628";575
"6629";1201
"6630";1202
"6631";1203
"6632";1204
"6633";1205
"6634";1688
"6635";234
"6636";234
"6637";1206
"6638";1207
"6639";1689
"6640";1208
"6641";1209
"6642";1690
"6643";86
"6644";461
"6645";461
"6646";1210
"6647";336
"6648";1211
"6649";1691
"6650";1212
"6651";1213
"6652";60
"6653";1214
"6654";1215
"6655";248
"6656";248
"6657";576
"6658";1216
"6659";1217
"6660";1218
"6661";1219
"6662";1220
"6663";1221
"6664";1692
"6665";1222
"6666";1693
"6667";462
"6668";462
"6669";1223
"6670";1694
"6671";1695
"6672";124
"6673";1224
"6674";1225
"6675";1226
"6676";1696
"6677";1227
"6678";1697
"6679";463
"6680";463
"6681";1698
"6682";1699
"6683";246
"6684";246
"6685";1228
"6686";91
"6687";1229
"6688";1230
"6689";1231
"6690";1232
"6691";1700
"6692";1701
"6693";1233
"6694";1234
"6695";1702
"6696";1235
"6697";464
"6698";1236
"6699";1703
"6700";577
"6701";1704
"6702";133
"6703";133
"6704";133
"6705";133
"6706";133
"6707";1237
"6708";222
"6709";1238
"6710";1705
"6711";1706
"6712";1239
"6713";465
"6714";465
"6715";1240
"6716";1707
"6717";275
"6718";275
"6719";1708
"6720";1241
"6721";1242
"6722";578
"6723";1709
"6724";1243
"6725";1710
"6726";1711
"6727";1712
"6728";1244
"6729";1245
"6730";337
"6731";171
"6732";270
"6733";1713
"6734";17
"6735";17
"6736";17
"6737";31
"6738";1246
"6739";1714
"6740";1715
"6741";1247
"6742";466
"6743";1248
"6744";1716
"6745";1717
"6746";1718
"6747";1249
"6748";1719
"6749";1720
"6750";151
"6751";151
"6752";1721
"6753";1250
"6754";1251
"6755";1252
"6756";1253
"6757";1722
"6758";1723
"6759";1724
"6760";468
"6761";468
"6762";1725
"6763";276
"6764";276
"6765";1254
"6766";1255
"6767";469
"6768";469
"6769";1256
"6770";338
"6771";1257
"6772";365
"6773";1726
"6774";1258
"6775";1727
"6776";1259
"6777";1260
"6778";1728
"6779";111
"6780";111
"6781";1261
"6782";1262
"6783";1263
"6784";1729
"6785";1730
"6786";1264
"6787";1265
"6788";1731
"6789";470
"6790";1266
"6791";1732
"6792";471
"6793";1733
"6794";1734
"6795";1267
"6796";1735
"6797";26
"6798";1268
"6799";620
"6800";1736
"6801";1269
"6802";1270
"6803";177
"6804";1271
"6805";1272
"6806";1273
"6807";1737
"6808";1738
"6809";472
"6810";1274
"6811";76
"6812";1739
"6813";1275
"6814";579
"6815";1740
"6816";580
"6817";580
"6818";1741
"6819";1742
"6820";59
"6821";59
"6822";287
"6823";1276
"6824";1277
"6825";1278
"6826";1743
"6827";1744
"6828";1279
"6829";1280
"6830";89
"6831";89
"6832";158
"6833";581
"6834";581
"6835";1745
"6836";1281
"6837";59
"6838";1746
"6839";89
"6840";1747
"6841";473
"6842";473
"6843";175
"6844";1282
"6845";1283
"6846";1284
"6847";1285
"6848";1748
"6849";1749
"6850";474
"6851";1750
"6852";582
"6853";1286
"6854";475
"6855";475
"6856";119
"6857";119
"6858";119
"6859";1287
"6860";1288
"6861";1289
"6862";1290
"6863";1751
"6864";1752
"6865";1753
"6866";583
"6867";1291
"6868";1754
"6869";584
"6870";584
"6871";1755
"6872";585
"6873";585
"6874";1756
"6875";1757
"6876";1758
"6877";1759
"6878";1760
"6879";1761
"6880";1762
"6881";358
"6882";358
"6883";358
"6884";1292
"6885";288
"6886";288
"6887";8
"6888";1293
"6889";1763
"6890";202
"6891";1764
"6892";1765
"6893";476
"6894";476
"6895";1294
"6896";1295
"6897";1766
"6898";1296
"6899";1297
"6900";1298
"6901";1767
"6902";82
"6903";82
"6904";82
"6905";82
"6906";1299
"6907";477
"6908";477
"6909";1300
"6910";1768
"6911";74
"6912";586
"6913";586
"6914";92
"6915";92
"6916";1769
"6917";1770
"6918";1771
"6919";1301
"6920";1772
"6921";1773
"6922";1302
"6923";178
"6924";1774
"6925";1775
"6926";1303
"6927";1304
"6928";27
"6929";587
"6930";587
"6931";1776
"6932";191
"6933";191
"6934";1777
"6935";84
"6936";84
"6937";1778
"6938";1779
"6939";1305
"6940";1780
"6941";1306
"6942";171
"6943";171
"6944";588
"6945";588
"6946";1307
"6947";277
"6948";277
"6949";1781
"6950";589
"6951";1308
"6952";17
"6953";1782
"6954";1783
"6955";1784
"6956";160
"6957";1309
"6958";1785
"6959";1786
"6960";478
"6961";478
"6962";1787
"6963";3
"6964";1310
"6965";1788
"6966";479
"6967";1311
"6968";1789
"6969";1312
"6970";1790
"6971";12
"6972";12
"6973";125
"6974";1313
"6975";47
"6976";1791
"6977";1792
"6978";590
"6979";590
"6980";1793
"6981";95
"6982";95
"6983";95
"6984";95
"6985";1314
"6986";1315
"6987";1794
"6988";1795
"6989";1316
"6990";1796
"6991";1317
"6992";591
"6993";591
"6994";1797
"6995";1318
"6996";83
"6997";592
"6998";1319
"6999";1320
"7000";14
"7001";14
"7002";14
"7003";14
"7004";14
"7005";14
"7006";14
"7007";14
"7008";14
"7009";14
"7010";14
"7011";14
"7012";14
"7013";14
"7014";14
"7015";14
"7016";14
"7017";14
"7018";14
"7019";14
"7020";14
"7021";14
"7022";14
"7023";1798
"7024";1321
"7025";1799
"7026";1800
"7027";1322
"7028";1801
"7029";1802
"7030";593
"7031";593
"7032";1803
"7033";1804
"7034";1805
"7035";309
"7036";309
"7037";309
"7038";310
"7039";310
"7040";310
"7041";311
"7042";311
"7043";311
"7044";1806
"7045";1323
"7046";1807
"7047";1324
"7048";1808
"7049";49
"7050";1325
"7051";1326
"7052";1327
"7053";1809
"7054";1328
"7055";481
"7056";36
"7057";189
"7058";189
"7059";1329
"7060";1330
"7061";594
"7062";594
"7063";1810
"7064";1811
