cluster_id,isbn,record
0,1--85029,1
1,1--63235,2
2,1--5084,1
3,1--7324712,1
4,1--948221,1
5,1--948221,1
6,1--58500,1
6,1--58721,1
7,1--4033,1
8,1--5011,1
9,0--9896385,1
10,1--68095,1
11,1--337,1
12,0--00,1
13,0--394,1
14,0--665,1
15,1--84614,1
15,0--7139,2
16,0--678,1
17,0--665,1
18,0--665,1
19,0--498,1
20,0--7495,1
21,1--942197,1
22,0--557,1
23,1--56051,1
24,0--349,2
25,1--84997,1
26,0--89835,1
27,0--89659,2
27,1--55859,1
28,1--4976,1
29,1--86147,1
30,1--4408,10
30,1--59884,1
30,0--87436,1
31,1--4408,8
31,1--61069,1
31,0--06,1
32,1--938763,1
33,1--56239,1
34,1--68080,1
35,1--5321,1
36,1--61758,1
37,1--68078,2
37,1--5321,2
37,1--68077,1
37,1--62969,1
38,1--61783,1
39,1--5321,2
40,0--200,1
41,1--84569,1
42,0--8109,1
43,0--8109,5
43,1--4197,6
44,0--7665,1
45,1--4197,3
46,1--4197,1
47,1--4832,17
47,0--08,1
47,0--12,44
47,1--5225,1
48,1--4832,5
49,1--4832,1
50,1--61811,2
51,0--89733,3
52,0--89733,2
53,0--88091,1
54,0--7407,1
55,1--101,1
56,0--425,2
56,0--441,4
57,0--441,2
58,1--338,1
59,0--8478,1
60,1--58331,1
61,0--6482883,1
62,0--239,1
63,1--55850,2
64,0--201,13
64,0--13,3
64,0--321,5
65,0--582,1
66,0--321,1
67,0--201,5
68,1--5201,1
69,1--4729,1
70,0--917561,2
71,0--13,1
72,1--909112,1
72,1--912234,1
73,1--59932,1
74,1--59193,1
75,0--88411,1
76,1--884989,1
77,0--9943631,1
78,0--8419,1
79,1--879164,1
80,1--9867,1
81,1--935002,1
82,1--118,1
83,0--9861672,1
84,1--58426,1
85,1--945498,1
86,0--932627,1
87,1--84935,3
88,3--11,1
89,1--61775,1
90,0--910034,1
91,0--8389,1
92,0--8389,1
93,1--4424,2
93,1--4814,4
93,0--689,4
93,0--02,1
94,0--689,2
95,0--689,1
95,0--7587,1
95,1--4169,3
96,0--88240,1
97,0--8075,3
98,0--202,2
99,0--202,1
100,0--679,2
100,0--307,3
100,0--394,4
100,0--553,2
100,0--525,1
100,0--375,2
100,1--4000,1
100,1--9848,1
101,0--615,1
102,0--7390,1
103,1--4574,1
104,1--61620,1
105,1--61620,1
106,1--62894,1
107,1--5025,1
108,0--04,6
108,1--74331,1
109,0--7139,1
110,0--7490,1
111,0--205,1
112,1--61564,1
113,1--78332,2
114,1--4422,1
114,0--7591,1
115,1--55583,1
116,1--55583,1
117,0--8144,2
118,0--7614,1
119,0--7614,1
119,1--4778,1
120,1--5039,1
121,1--78274,1
122,0--912146,1
123,0--88411,1
123,0--8488,1
124,1--61002,1
125,1--56395,1
126,1--61438,2
126,1--64105,2
126,1--62722,3
127,1--61632,1
128,0--8412,2
129,1--934984,1
130,1--938921,1
131,1--5108,1
132,0--942320,1
133,0--8447,1
134,1--118,2
135,1--56396,1
136,0--517,1
137,0--8389,1
138,1--5108,1
139,1--4704,15
139,0--8218,3
140,0--665,1
141,0--86536,1
142,1--884829,1
142,1--932364,1
143,1--61190,1
144,1--878147,1
145,1--4338,5
145,1--55798,3
146,0--86536,1
147,0--88195,1
148,1--61738,1
149,0--87262,1
149,0--7844,5
150,0--665,1
151,0--89259,1
152,1--321,1
152,1--339,2
152,1--303,1
153,1--61797,1
154,1--62576,1
155,1--60895,1
156,1--68151,1
157,1--60753,1
158,1--68152,1
159,1--937484,1
160,1--886212,1
161,0--9837025,1
162,0--692,1
163,0--8174,1
164,1--64089,1
165,0--8218,1
166,0--87720,1
167,90--8964,1
168,1--4197,1
169,1--5237,1
170,0--88236,1
171,0--385,3
171,0--307,3
172,0--385,1
173,1--4081,1
174,1--84270,1
174,1--78344,3
174,1--84939,1
174,0--86264,1
175,1--78344,1
176,1--4494,1
177,1--4494,3
178,0--7407,1
179,1--941987,1
180,1--62138,1
181,0--85766,2
182,0--207,3
183,0--207,1
184,0--250,1
185,1--940364,1
186,1--4991,1
187,1--55451,1
188,1--55037,1
189,1--78308,3
189,0--85728,1
190,0--88010,1
191,1--85149,1
192,1--888460,1
193,1--59711,1
194,1--55783,1
195,1--926895,1
195,1--77188,4
196,1--940743,1
197,1--935328,1
198,1--59059,1
198,1--4842,11
198,1--4302,7
199,0--9924032,1
200,0--87795,1
201,1--60718,1
202,0--668,1
203,1--62872,2
204,0--7385,2
205,1--900850,1
206,0--7385,1
206,1--4671,3
207,1--4073,6
207,1--78491,5
208,1--78491,4
209,1--68255,3
210,1--68255,2
211,1--907896,1
212,0--208,1
213,1--4814,1
214,0--668,1
215,1--84837,1
216,1--84858,1
217,0--89804,1
218,1--908343,1
219,0--916179,1
220,0--14,3
221,1--85132,1
222,0--87000,1
223,1--86147,1
223,1--84322,1
224,1--85409,1
225,0--405,14
226,0--405,1
227,0--405,12
227,87--85176,1
228,0--340,1
228,0--7131,8
229,0--09,6
229,0--7493,1
230,0--09,5
231,1--5185,1
232,1--63081,1
232,1--60807,2
233,1--338,1
233,0--545,1
234,1--908967,1
235,0--9835723,1
236,0--87846,1
237,1--4166,3
238,1--63530,1
239,1--85972,1
239,1--4094,16
239,1--351,3
239,1--4724,26
239,0--7546,7
240,1--4724,2
241,1--4724,2
242,1--4094,1
243,0--86078,1
244,1--85398,1
245,0--87848,1
246,1--888582,1
247,0--87170,1
248,1--55581,3
249,0--446,1
250,0--7355,3
251,0--89443,1
252,0--87389,2
253,0--926508,1
254,1--4503,1
254,0--89871,1
255,0--317,1
256,1--5238,1
257,1--59407,1
258,1--68221,1
259,0--9645867,1
260,0--6481864,1
261,1--56286,1
262,1--886529,1
263,0--689,4
264,1--4424,2
264,1--4169,1
265,1--78239,2
266,1--61977,1
267,0--8021,3
267,0--87113,1
268,0--7434,1
269,1--4767,1
270,1--5011,2
271,1--58270,1
271,1--5011,1
272,0--9978974,1
273,0--9778023,1
274,1--4713,2
275,1--4084,1
275,1--4713,1
276,0--914904,1
277,1--78455,1
278,1--74249,4
279,1--76033,2
280,1--85078,1
281,1--4196,1
282,1--4772,1
282,1--4969,1
282,1--4918,2
282,1--4490,2
282,1--5049,1
283,1--4401,1
283,0--595,1
284,0--7495,1
285,1--57027,1
286,0--85147,1
287,1--873796,1
288,1--4896,2
289,1--4896,2
289,1--62127,1
290,1--63121,1
291,1--61238,1
292,1--59471,1
293,0--525,1
294,0--87055,2
295,0--87055,1
296,1--56027,1
297,1--61954,1
298,0--9841497,1
299,0--00,2
299,0--380,25
299,0--06,6
300,0--380,18
300,0--06,5
301,0--9897782,1
302,0--8054,1
303,0--631,5
304,0--578,1
305,3--7618,1
306,1--63339,1
307,1--5419,1
308,0--316,4
309,0--316,3
310,1--4950,1
311,0--7607,2
312,1--4516,1
312,0--671,3
313,0--671,1
314,0--7020,1
315,0--912841,1
316,1--891696,1
317,0--8010,2
318,0--8010,4
318,0--310,1
319,0--8010,4
320,1--4525,1
321,0--345,40
321,0--449,11
322,0--8041,1
322,0--345,34
322,1--299,1
322,0--449,6
322,0--399,1
322,0--356,1
322,1--101,3
323,0--345,1
324,0--345,2
324,0--449,1
325,0--88410,1
326,0--06,2
327,1--59409,1
328,0--934411,1
329,0--8213,1
330,0--553,52
331,0--8041,2
331,0--13,1
331,1--299,1
331,0--553,40
332,0--553,1
333,0--440,2
334,0--385,1
335,0--7807,1
336,1--4073,2
337,1--5328,1
338,0--9621603,1
339,1--61626,1
340,1--68322,1
341,1--62836,1
342,1--57222,1
342,1--4232,1
343,0--380,1
344,1--84686,4
345,1--78285,1
345,1--84686,3
345,1--84148,2
346,0--918588,1
347,1--4954,1
348,1--4351,3
348,0--7607,5
348,1--56619,4
348,0--06,3
349,0--7607,4
349,1--56619,1
349,0--88029,2
349,0--06,1
350,1--56619,1
351,0--257,1
352,1--78112,3
353,1--78112,1
354,0--8120,1
355,1--78402,1
356,1--905989,1
357,1--5416,1
357,0--465,6
358,0--7867,1
359,0--631,1
360,0--7134,1
361,1--58026,1
362,1--4084,2
362,0--7862,1
362,1--4056,9
362,1--59722,1
363,1--84990,2
363,1--78594,1
364,1--78017,1
365,0--8341,2
366,0--8070,8
367,1--64280,1
367,1--68402,1
368,1--5004,1
369,0--8253,1
370,1--4576,3
371,1--57490,1
372,0--394,2
373,0--674,7
374,1--9761,1
375,1--62617,6
376,1--948742,1
377,1--4509,1
377,1--4108,2
377,1--60437,1
378,0--9960803,1
379,0--9658028,1
380,1--84520,1
380,1--85973,1
380,0--907582,1
381,1--84788,1
382,1--78238,1
383,0--85745,2
383,1--84545,1
383,1--78533,2
384,0--515,1
385,0--425,29
385,0--441,3
386,0--698,1
386,0--515,1
386,0--425,13
387,1--78239,1
388,0--05,1
389,0--451,1
389,0--425,8
390,0--515,2
391,0--425,2
392,0--425,1
393,0--441,1
393,0--515,1
394,0--441,1
394,0--399,1
395,0--425,2
396,1--62656,1
397,0--7890,1
398,0--9862515,1
399,1--60220,1
400,1--4403,1
401,0--9618828,1
402,0--7506,1
403,1--56320,1
404,1--62956,1
405,1--925186,1
405,1--925247,1
406,0--13,1
407,1--78741,1
408,0--8323,1
409,0--9842003,1
410,0--8176,1
411,3--7643,1
412,0--85790,1
413,1--78027,1
414,1--84954,1
415,1--78590,1
416,1--908524,1
417,0--9632908,1
418,0--9715404,1
419,1--57912,2
419,0--316,1
420,1--908966,1
421,1--936891,1
422,1--62557,1
423,1--84970,1
423,1--84416,1
424,0--88739,1
425,0--692,1
426,1--61296,1
427,0--87685,4
428,0--552,1
428,1--78416,2
429,0--9833933,1
430,0--665,1
431,1--4051,4
431,0--631,12
431,1--55786,1
432,0--470,3
433,0--632,1
434,0--631,2
435,0--470,2
436,1--4443,1
436,0--86542,1
436,0--470,1
437,1--4725,25
437,1--63286,2
437,1--59990,1
437,0--7475,3
437,0--567,11
437,1--4411,4
437,1--4729,9
437,1--4088,7
437,1--4742,27
438,1--4965,1
438,1--4725,12
438,1--78093,1
438,1--350,21
438,1--62892,1
438,1--84966,1
438,1--62403,1
438,0--8264,1
438,1--4411,1
438,1--5013,4
438,1--4742,14
439,1--350,7
440,1--4725,1
441,1--4725,1
441,1--904271,1
441,1--4742,1
442,1--85471,1
443,1--870630,1
444,1--4729,1
444,1--4081,1
445,1--350,2
446,1--4729,1
447,1--60819,1
447,1--4088,1
448,1--63286,1
449,1--62892,1
449,1--63557,1
449,1--5013,3
450,1--4965,1
450,1--78093,1
450,1--904271,1
450,1--350,15
450,1--4081,1
450,1--84966,1
450,0--567,2
450,1--62403,1
450,1--4725,5
450,1--4729,3
450,1--4088,1
450,1--5099,2
450,1--4742,9
451,1--4482,1
452,1--4729,1
453,1--4729,1
454,0--567,4
455,0--567,3
456,1--4725,2
456,1--4742,1
457,1--350,2
458,1--4729,1
459,1--68308,1
460,0--936185,1
461,0--545,1
462,0--912652,1
463,1--5098,1
464,1--933346,2
465,0--312,1
466,1--68188,1
467,1--60796,1
468,0--925299,1
469,1--55850,1
470,0--672,1
471,1--78230,1
471,0--670,1
472,1--62639,1
473,0--517,1
474,1--59955,1
475,1--4998,1
476,1--910508,2
477,1--910706,2
478,0--8297,1
479,1--940598,1
480,1--58509,1
481,1--944695,1
482,0--9932256,1
483,0--9978763,1
484,0--8369,2
485,1--61863,1
486,1--62015,1
487,0--531,3
488,0--531,2
489,1--60886,1
489,1--68415,1
490,1--60886,1
491,0--87351,1
492,0--00,1
493,0--7537,1
494,1--893654,1
495,1--910126,1
496,0--8395,6
497,0--900952,1
498,1--78327,1
499,0--85115,3
499,1--78327,3
499,1--84615,2
500,1--62091,1
501,0--9616068,1
502,0--86709,1
503,81--280,1
504,0--7636,1
505,0--02,1
506,0--86283,1
506,1--84100,1
507,1--338,1
508,0--88464,1
509,1--62266,1
510,1--5197,1
511,0--9840745,1
512,0--88404,1
513,0--9862826,1
514,1--4838,1
515,90--04,28
516,90--04,2
517,90--04,1
518,1--4418,1
519,1--85399,1
519,0--906515,2
520,0--88486,2
521,1--5292,1
522,1--62513,1
523,1--61530,1
524,1--4073,1
525,1--907585,1
526,0--85170,1
527,0--7141,2
528,1--905319,1
529,1--4245,1
530,1--55481,1
531,0--7679,1
531,0--307,1
532,0--307,2
533,0--88145,1
534,0--8157,3
535,1--133,1
535,0--495,2
536,0--534,1
536,0--495,1
537,0--8185,1
538,1--929145,1
539,1--78121,1
540,1--61254,1
541,1--59942,1
542,0--9859409,1
543,0--415,1
544,0--931494,1
545,0--9773738,1
546,0--89966,1
547,1--61148,1
548,0--8212,1
549,0--85011,1
550,1--78676,2
551,0--86012,1
552,0--665,1
553,1--63157,2
554,1--948976,1
555,1--4555,1
556,1--5225,1
557,0--12,1
558,0--7506,4
558,0--12,5
558,0--08,1
559,0--407,1
560,1--4831,1
561,0--408,2
562,1--4104,1
563,0--914881,1
563,1--60705,1
564,0--943502,1
565,0--8048,3
566,0--8048,2
567,0--665,1
568,1--84904,2
569,0--517,1
569,1--4000,1
570,0--9909357,1
571,0--916626,1
572,0--8016,1
573,0--85435,1
574,1--78064,1
575,1--78064,5
575,1--78639,3
575,0--85199,2
575,1--84593,1
576,0--85199,1
577,1--936646,1
578,1--879394,1
579,0--903319,1
580,0--9788703,1
581,0--934971,1
582,1--5275,4
582,1--4438,5
583,0--521,1
583,1--108,1
584,0--521,102
585,1--108,39
585,1--316,29
585,0--521,101
585,1--107,73
585,0--511,9
585,1--139,16
586,1--107,1
587,1--57113,1
588,1--60381,1
589,3--593,3
590,3--593,2
591,0--7636,24
591,1--5362,1
591,1--4965,1
591,1--56402,2
592,0--9932755,1
593,0--85786,3
593,1--78689,1
594,1--892306,1
595,0--9913340,1
596,0--9974446,1
597,0--399,2
598,1--4342,1
598,0--85708,1
599,1--4966,1
600,1--4329,1
601,0--7368,1
602,0--9971625,1
603,1--942367,1
604,1--58042,1
605,0--911744,1
606,1--63265,1
607,0--665,1
608,1--78011,1
609,1--84732,1
609,1--85868,1
610,1--878379,1
611,0--87003,1
612,1--63282,1
613,0--87614,1
614,1--5124,1
615,0--88184,4
615,0--7867,3
616,0--88184,1
617,0--7867,1
618,0--88184,1
619,1--5117,1
620,1--4838,3
621,0--665,1
622,1--61325,1
623,1--338,1
623,0--545,3
624,0--545,1
625,1--78874,1
626,0--89827,1
627,1--62032,1
627,1--5326,2
627,1--4982,4
627,1--62564,2
628,1--61200,7
629,1--61200,1
630,1--61200,3
631,0--304,1
631,0--00,1
631,0--665,2
631,0--02,1
632,0--665,1
633,0--7858,1
634,1--84879,1
635,0--9893576,1
636,1--78469,1
637,0--8132,4
638,1--5238,1
639,1--5193,1
640,1--874241,1
641,1--5026,3
641,1--62713,1
642,1--5026,1
643,1--60047,1
644,1--4812,1
645,1--118,1
646,1--934309,1
647,1--4621,4
648,1--337,4
649,1--337,3
649,1--4737,2
649,1--285,5
649,1--305,11
650,1--285,1
650,1--305,1
651,1--60285,1
652,0--9819005,1
653,1--4773,1
654,1--4422,1
655,1--4422,4
656,1--60285,3
657,1--61173,5
657,1--58547,1
657,1--62899,7
657,1--68324,7
657,1--64358,1
658,1--60285,1
658,1--58547,2
659,1--61173,1
660,1--5460,1
661,615--5225,1
662,963--386,1
663,1--58664,1
664,0--335,1
665,1--910627,1
666,0--939784,1
667,1--55517,1
667,1--4621,2
668,0--9647194,1
669,1--4736,1
670,0--245,1
671,1--85152,1
672,1--68350,1
673,0--08,1
674,1--84541,1
675,0--412,8
675,94--009,1
676,0--412,1
677,1--9998593,1
678,1--5496,1
679,0--398,1
680,0--8048,1
681,1--58450,1
682,0--306,1
683,1--58089,1
683,1--60734,1
684,0--7089,6
684,1--84395,1
684,1--4448,2
685,0--441,2
686,0--7858,4
686,0--89009,1
687,0--7858,2
688,1--78413,1
689,0--517,1
690,0--7011,4
691,0--9965712,1
692,0--8160,1
693,1--4381,1
693,1--55546,2
693,0--7910,1
694,1--55546,1
695,1--931167,1
696,1--63472,1
696,1--5341,1
697,1--56850,1
698,1--61373,1
699,1--61159,1
700,1--935096,1
701,1--904550,1
701,0--85953,1
702,1--84643,1
703,0--913778,1
703,1--5038,5
704,0--89239,1
705,0--06,1
706,0--516,2
706,0--531,2
707,0--516,1
708,1--62323,2
709,0--692,1
710,1--84464,1
711,0--7451,21
712,0--7089,1
712,0--7451,1
713,0--86220,1
713,0--85119,3
713,0--7451,18
713,0--7540,5
714,0--9664536,1
715,0--87061,1
716,0--915684,1
717,0--87508,2
718,0--87952,1
719,0--9889290,1
720,1--5272,1
721,1--4081,1
722,1--4521,1
723,0--87148,1
724,0--443,2
725,0--9910420,1
726,1--78249,1
727,1--63202,1
728,0--9839837,1
729,1--58720,1
729,1--58705,2
730,0--8065,1
731,0--87286,1
732,1--63240,1
733,0--19,27
734,0--19,26
735,0--544,4
736,0--544,3
737,0--517,1
738,1--9848,1
739,1--909828,1
740,1--85959,1
741,0--9765196,1
742,1--60537,1
743,0--8063,2
744,0--8063,1
745,1--62778,2
746,1--942954,1
747,1--57860,1
748,0--300,1
749,0--8220,1
750,0--8220,1
751,1--85089,1
752,0--89287,1
753,1--62774,1
754,1--63487,1
755,0--89145,4
756,1--84890,1
757,0--684,1
757,0--02,2
758,0--600,1
759,0--00,30
759,0--88214,1
760,0--00,1
761,0--00,1
762,0--529,1
763,1--890730,1
764,0--86283,1
765,1--85833,1
766,0--9746539,1
767,0--9623556,1
768,0--231,18
769,0--231,17
770,0--620,1
771,1--62276,1
772,1--58899,1
773,92--825,2
774,0--9856480,1
775,1--881479,1
776,1--56751,1
777,1--61229,1
778,0--8038,1
779,1--78279,1
779,1--78099,2
780,1--86340,1
781,1--5236,1
782,94--011,1
783,1--880229,1
784,0--7586,2
785,0--8237,1
786,1--908428,1
787,1--906364,1
788,1--57625,1
789,1--84232,1
790,0--9890608,1
791,0--306,1
792,0--8092,1
792,0--07,1
793,1--4288,1
794,1--4411,4
794,0--8264,6
794,0--8044,1
795,958--9351,1
796,1--105,1
797,0--89191,1
798,1--62125,1
799,1--85833,1
800,1--55659,1
801,0--9896512,1
802,1--68078,2
802,1--5321,1
802,1--68077,1
802,1--62969,1
803,0--552,7
804,0--440,1
804,0--552,5
805,0--8014,4
806,1--5017,3
806,0--8014,3
807,0--87291,1
808,0--9943034,1
809,1--4721,1
810,1--84887,1
810,1--78239,2
811,1--4522,1
811,1--5063,1
812,1--4833,1
813,1--56518,1
814,0--87609,1
815,1--64009,2
815,1--61902,1
815,1--58243,1
816,0--600,1
817,0--915608,1
818,1--62108,1
819,0--698,1
820,1--5063,1
820,1--4833,3
821,0--86505,1
822,0--7787,1
823,0--7787,6
824,0--7787,5
824,1--4271,1
825,0--904508,1
826,0--9544613,1
827,1--4398,6
827,1--4822,14
827,0--429,4
827,1--138,6
827,0--203,1
827,1--351,11
827,1--4987,15
827,1--4200,2
827,1--4665,7
827,0--8493,2
828,1--4398,2
828,1--4822,4
828,0--429,1
828,1--138,1
828,1--4987,4
828,1--4665,3
829,1--78029,1
830,1--5441,1
831,0--312,1
832,1--4781,1
832,1--4752,1
832,1--4827,1
832,1--4895,1
832,1--4929,2
832,1--4700,1
832,1--9805,1
832,1--5307,2
832,0--9930940,1
832,1--4663,1
832,1--4922,1
832,1--4495,1
832,1--5009,1
832,1--4782,1
832,1--4995,1
832,1--4775,1
832,1--4849,1
832,1--4997,1
833,1--5058,1
833,1--4975,1
834,1--5055,1
835,1--9832,1
835,1--5002,1
835,1--5025,1
835,1--9869,1
835,1--5114,1
835,1--4810,1
835,1--5306,1
835,1--5175,1
835,1--4910,1
835,1--9811,1
835,1--7174,1
835,1--4959,1
835,1--5446,1
835,1--5057,1
835,1--9841,1
835,1--5089,1
835,1--5398,1
835,1--4960,1
835,1--7220,1
835,1--5394,1
835,1--5442,1
835,1--4802,1
835,1--4937,1
835,1--4699,1
835,1--5447,1
835,1--5307,1
835,1--4929,1
835,0--9980828,1
835,1--5374,1
835,1--5470,1
836,1--880675,1
837,0--88488,1
838,0--9547634,1
839,0--517,1
840,0--7858,3
841,0--8126,1
842,1--4405,1
842,1--5072,1
843,1--56052,1
844,1--55547,1
845,1--68331,1
846,1--4627,1
847,0--8245,2
848,0--8245,1
849,0--89107,1
850,0--690,2
850,0--8152,1
851,1--101,1
852,0--553,1
853,0--385,1
854,1--78583,1
855,1--5247,1
855,0--517,3
855,0--553,1
856,1--9848,1
857,1--84797,1
858,0--9521779,1
859,0--665,1
860,0--665,1
861,1--940430,1
862,1--62276,1
863,0--443,1
864,0--7007,1
865,0--910965,1
866,1--9838,1
867,1--5089,1
868,0--665,1
869,0--665,1
870,0--665,1
871,0--679,1
872,90--277,1
873,1--84384,6
874,1--84384,1
875,0--665,1
876,0--306,4
877,0--7382,3
878,0--7382,1
879,0--7382,1
880,0--306,3
881,0--7582,1
882,1--84262,2
883,1--85389,2
884,1--84262,1
884,1--85389,1
885,1--62897,2
885,1--56478,1
886,1--4530,1
887,2--205,3
888,0--917201,1
889,1--59307,1
889,1--61655,1
890,0--232,1
891,1--4347,2
891,0--912692,1
891,0--7814,1
892,0--385,1
893,0--87923,1
893,1--56792,2
894,1--56792,1
895,1--988631,1
896,1--941701,2
897,0--88677,1
898,0--698,1
898,0--7564,2
898,0--87997,1
899,0--692,1
900,0--8128,1
901,1--4012,6
902,1--4012,1
903,0--929500,1
904,3--11,35
904,1--61451,3
904,3--0346,1
904,1--5015,2
905,1--61451,1
905,3--11,1
905,1--5015,1
906,3--11,2
907,3--11,1
908,0--665,1
909,1--62202,1
910,1--910251,1
911,1--939755,1
912,1--250,1
912,0--345,4
912,0--05,1
912,1--4735,1
913,0--345,3
914,0--345,2
915,0--385,3
916,0--385,1
916,0--440,1
917,0--9991037,1
918,0--440,35
918,1--4481,1
919,0--679,1
920,0--396,1
920,0--440,12
920,0--307,1
921,0--440,3
922,0--385,1
922,0--440,2
923,0--440,1
924,0--440,2
925,0--8273,2
926,3--7913,2
927,3--7913,1
928,0--385,3
929,0--385,1
930,0--8180,1
931,1--62571,1
932,0--9609986,1
933,0--7044,1
934,0--9662468,1
935,0--517,1
936,1--62465,1
937,0--9703964,1
938,0--89281,1
939,1--56043,1
940,0--87516,2
941,0--87516,1
942,0--9670843,1
943,1--942261,1
944,0--06,4
945,0--8037,4
945,0--7352,1
946,0--385,2
946,0--8037,3
947,0--385,1
948,1--5022,1
949,1--5405,1
950,1--937735,2
951,1--937735,1
952,1--937901,1
953,0--9807460,1
954,1--62707,1
955,1--57293,1
956,1--4847,1
957,1--4231,1
958,1--4847,1
958,1--368,1
959,1--62681,2
959,1--68230,1
959,1--4296,1
960,1--62681,1
960,1--4296,1
961,0--241,2
961,1--4654,8
962,0--241,1
963,0--7894,3
964,0--7894,2
964,1--4654,7
965,0--7566,1
965,1--4654,1
966,1--85882,1
967,0--396,4
968,0--553,1
969,0--396,2
970,0--665,1
971,1--4575,1
972,1--60844,1
973,0--9729467,1
974,1--85881,1
975,1--55611,1
976,0--8439,3
977,0--8439,1
978,0--9883329,1
979,0--7566,2
979,85--250,1
980,0--241,1
981,1--4809,1
982,0--88029,2
983,0--256,1
984,1--933675,1
985,1--948340,1
986,0--9718696,1
987,0--9972899,1
988,0--385,9
988,0--552,1
989,1--78162,1
990,0--7394,1
991,1--926685,2
991,1--55365,1
991,0--88899,1
992,0--486,13
993,0--486,12
994,0--486,10
995,0--486,4
996,1--943402,1
997,1--4617,2
998,1--60893,1
998,1--4617,1
999,1--935703,1
1000,0--9898242,1
1001,0--517,1
1001,0--394,1
1002,0--87749,1
1002,0--8473,1
1003,0--89676,1
1004,0--8222,7
1005,0--8222,4
1006,1--62380,1
1006,1--62798,3
1006,1--63533,1
1007,0--9564110,1
1008,1--907002,1
1009,0--7156,1
1010,0--87800,1
1011,1--62011,2
1011,1--62013,2
1011,1--62012,2
1011,1--63421,1
1012,0--8223,6
1013,1--84483,1
1014,1--4597,1
1015,1--78046,2
1016,0--931745,1
1017,1--938093,1
1018,1--940575,1
1019,1--5247,3
1019,1--101,2
1019,0--525,5
1019,1--4022,1
1020,0--525,1
1020,0--14,1
1021,0--534,1
1022,0--9864304,1
1023,1--4718,3
1024,1--937854,1
1024,1--941531,1
1025,0--419,2
1026,0--203,1
1027,0--7131,3
1028,80--7484,1
1029,2--37372,1
1030,1--78254,1
1031,0--8166,1
1032,0--85312,1
1032,0--470,1
1033,0--525,2
1034,1--61756,2
1035,0--665,1
1036,0--665,1
1037,1--315,2
1038,0--932296,1
1039,1--4121,1
1040,1--250,1
1040,1--4735,1
1041,1--57423,1
1041,0--06,4
1042,0--9848049,1
1043,0--913035,1
1044,1--78552,1
1045,0--7945,2
1046,1--903919,1
1047,1--78471,1
1048,1--890311,1
1049,0--8308,1
1050,0--89729,1
1051,1--4744,7
1051,0--7486,12
1052,1--5099,1
1053,85--328,1
1054,1--945234,1
1055,958--781,1
1056,0--8297,2
1057,1--931536,1
1058,0--8179,1
1059,0--930315,1
1060,0--87694,1
1061,0--87778,1
1062,0--8388,1
1063,0--7131,2
1064,1--84720,2
1064,1--84376,3
1064,1--78254,4
1064,1--78100,6
1064,1--84844,5
1064,1--78347,4
1064,0--85793,5
1065,1--78536,4
1065,1--84064,2
1066,1--78471,4
1066,1--78254,1
1066,1--84980,2
1066,1--78811,2
1066,1--78536,3
1067,1--78347,1
1067,1--78811,1
1067,1--78471,1
1068,1--78195,1
1069,0--7734,1
1070,1--78471,2
1070,1--78536,1
1071,0--8028,9
1072,0--8028,1
1073,0--8028,2
1074,1--4052,13
1075,1--4052,5
1076,1--4052,4
1077,1--57506,1
1078,1--4492,1
1079,1--906011,1
1080,0--9823025,1
1081,0--00,1
1081,1--86204,1
1082,1--902618,1
1083,0--6484200,1
1084,1--7324141,1
1085,1--9861,1
1086,0--9629198,1
1087,1--4199,11
1088,1--4199,6
1089,1--4199,4
1090,1--4199,3
1091,1--4199,2
1092,1--4199,1
1093,1--4199,1
1094,0--12,1
1095,0--323,25
1095,0--444,5
1095,1--85617,2
1095,1--4831,1
1095,0--7506,1
1095,0--85334,1
1095,0--08,3
1095,1--299,1
1095,1--5225,1
1095,0--85709,1
1095,1--78242,1
1095,1--907184,1
1095,1--4557,4
1095,0--12,33
1096,0--12,3
1097,1--4832,1
1098,0--12,1
1099,94--011,1
1100,1--85617,1
1101,0--323,2
1102,0--12,1
1103,0--323,4
1103,1--4557,3
1104,0--444,1
1105,1--78560,1
1105,1--78190,1
1105,1--78350,3
1106,1--78635,1
1106,1--78350,1
1106,1--78714,1
1107,1--78754,1
1107,1--78714,1
1108,0--907453,1
1109,0--87523,1
1110,0--9616156,1
1111,1--948338,1
1112,1--59403,1
1113,0--85229,1
1113,1--59339,2
1114,1--59339,1
1115,0--7660,1
1116,0--7660,4
1117,0--7660,2
1118,0--7660,4
1119,1--68281,1
1120,1--62266,1
1121,1--58576,2
1122,0--380,1
1122,0--06,1
1123,1--78397,1
1124,0--87135,1
1125,1--68076,1
1126,1--68076,1
1127,0--88734,1
1128,0--615,1
1129,1--84553,2
1129,1--78179,2
1130,1--5031,1
1131,1--62105,1
1132,0--7592,2
1133,1--312,1
1134,0--615,1
1135,0--9930471,1
1136,1--4722,1
1137,0--674,1
1138,1--871891,1
1139,0--9897532,1
1139,0--9886922,1
1140,0--9862378,1
1141,1--60945,2
1142,0--936993,1
1143,0--900362,1
1144,1--910118,1
1145,0--237,1
1146,1--68230,1
1147,1--85744,1
1148,0--917168,1
1149,0--671,1
1150,1--61519,1
1151,1--62424,1
1152,1--945566,1
1153,0--945092,1
1154,0--8036,2
1155,1--84617,3
1155,1--84782,2
1155,1--78541,1
1155,1--4448,14
1155,0--7089,24
1156,0--7089,6
1157,1--4448,4
1158,0--7089,4
1159,1--4448,1
1160,0--7146,1
1161,0--665,1
1162,0--665,1
1163,1--4402,1
1163,1--4405,1
1164,1--4403,1
1165,0--7232,2
1166,0--531,1
1167,0--9994796,1
1168,0--571,16
1169,1--7270,1
1170,1--85604,2
1171,1--4381,1
1171,0--8160,1
1172,0--612,1
1173,1--940997,1
1174,1--5028,1
1175,1--62892,1
1175,1--5013,2
1176,1--56367,1
1177,0--8386,1
1178,1--57749,1
1179,0--89276,1
1180,1--4555,1
1181,0--941404,1
1182,1--4351,1
1183,1--85000,1
1184,0--9727571,1
1185,1--5486,1
1186,1--60699,2
1187,1--60699,1
1188,0--374,1
1189,0--374,11
1190,1--59112,2
1190,0--374,5
1191,1--78035,1
1191,1--78456,1
1192,1--5089,1
1193,1--299,1
1193,0--449,2
1193,0--445,1
1194,0--449,1
1195,0--449,2
1196,0--449,9
1197,0--449,3
1198,0--449,3
1199,0--449,2
1200,0--915099,1
1201,1--57366,1
1202,0--8224,1
1203,1--4729,3
1204,1--4729,2
1205,1--250,1
1206,1--68025,1
1207,0--692,1
1208,1--55861,1
1209,0--9864373,1
1210,1--936239,1
1211,3--506,1
1212,1--77327,1
1212,1--927958,2
1213,1--908824,1
1214,0--9941764,1
1215,0--85119,1
1216,0--7451,1
1217,0--913643,1
1218,0--2281,1
1219,0--684,1
1220,1--62672,1
1221,0--85748,1
1222,1--935049,1
1223,3--596,1
1224,1--5301,1
1225,1--888659,1
1226,0--7862,1
1226,1--4104,1
1227,0--85775,1
1228,2--08,1
1229,1--250,1
1230,1--4951,1
1231,0--615,1
1232,1--942833,1
1233,0--692,1
1234,1--897533,1
1234,1--77093,1
1235,1--911171,1
1236,1--900433,1
1237,1--59538,1
1238,0--240,2
1238,1--315,2
1239,1--63517,1
1240,1--101,1
1241,0--307,1
1242,0--646,1
1243,0--695,1
1244,1--4552,1
1245,1--941610,1
1246,0--00,2
1247,1--939994,1
1248,1--936010,1
1249,1--946633,1
1250,0--8232,5
1251,1--61168,1
1252,1--5387,2
1253,1--250,1
1253,0--8125,2
1254,0--8125,1
1255,1--333,1
1256,1--4514,1
1257,1--63242,1
1258,1--68036,1
1259,1--84682,1
1260,0--00,1
1260,1--85702,1
1261,0--7112,1
1262,1--84507,3
1263,1--78603,1
1263,1--84507,2
1264,1--57659,1
1265,1--4451,4
1266,0--8044,1
1267,0--7232,3
1268,0--7232,1
1269,1--4516,3
1269,1--4391,2
1269,0--02,5
1270,0--02,1
1271,1--907804,2
1272,1--59059,1
1273,1--9743,1
1274,1--62887,2
1275,1--4621,1
1276,0--13,3
1277,1--4639,1
1278,0--578,1
1279,0--86007,1
1280,1--938853,1
1281,0--9556069,1
1282,0--04,1
1283,0--8161,29
1283,0--7838,1
1283,0--06,1
1284,0--8161,2
1285,0--665,1
1286,0--665,1
1287,0--7352,2
1287,0--399,3
1288,0--615,1
1289,1--4234,1
1290,0--9619072,1
1291,1--78281,1
1292,2--36409,1
1293,1--935263,1
1294,0--88365,2
1295,1--4103,7
1295,0--7876,1
1296,1--4103,1
1297,1--4104,4
1297,1--59413,2
1297,0--684,1
1297,1--4103,4
1297,1--59722,1
1297,1--57302,1
1298,0--8103,4
1299,0--8103,1
1300,0--9957456,1
1301,0--8317,3
1301,1--4767,2
1301,1--4165,1
1302,0--902996,1
1303,0--635,1
1304,0--88266,1
1305,1--4339,1
1305,0--8368,1
1306,1--4824,6
1306,1--5382,4
1307,0--8153,2
1308,0--8240,1
1309,0--8153,1
1310,1--5002,1
1311,1--55447,1
1312,0--9719369,1
1313,0--88362,1
1314,1--910680,2
1315,1--5237,1
1316,0--8063,1
1317,1--78620,1
1318,0--04,1
1318,0--415,1
1319,1--942695,1
1320,1--62616,1
1321,1--60606,1
1322,0--9816525,1
1323,1--57999,1
1324,0--906094,1
1325,1--4236,6
1326,1--4236,1
1327,1--4988,18
1328,1--4988,16
1329,1--4988,14
1330,1--68370,1
1331,0--7171,1
1332,0--7171,1
1333,1--5148,1
1334,1--909942,1
1335,0--07,2
1336,0--07,1
1337,1--78915,1
1338,0--7664,1
1339,0--9825353,1
1340,0--9929147,1
1341,0--87106,1
1341,0--7627,1
1342,0--307,1
1343,0--7364,2
1344,0--307,4
1345,1--9791,1
1346,3--95730,1
1347,0--575,9
1347,1--4732,1
1348,0--575,1
1349,1--4839,1
1350,1--910158,1
1351,1--908999,1
1352,2--88124,2
1352,0--203,1
1353,1--61143,1
1353,1--4632,2
1353,1--61719,1
1354,1--4632,1
1355,1--59240,1
1356,0--86078,1
1356,0--566,3
1356,1--4724,4
1357,0--12,1
1358,0--7627,1
1359,0--586,2
1360,94--009,1
1361,0--9961117,1
1362,0--517,1
1363,0--517,1
1364,0--583,1
1365,0--586,1
1366,0--246,1
1367,0--446,3
1368,1--4555,6
1368,1--5387,4
1368,1--60941,1
1368,0--446,1
1369,1--4555,1
1369,1--5387,1
1370,1--5387,1
1371,1--4636,1
1372,1--85830,1
1373,1--85627,2
1374,1--949520,1
1375,1--78378,1
1375,1--84708,2
1376,0--15,1
1377,1--936114,1
1378,1--55597,2
1379,1--939014,1
1380,0--85784,1
1381,0--9776017,1
1382,0--88138,1
1383,0--907400,1
1384,1--56510,1
1385,1--78353,3
1386,1--78353,1
1387,0--86288,1
1388,0--06,7
1389,1--4408,1
1389,0--313,2
1390,0--8371,19
1390,0--313,1
1391,0--8398,1
1392,1--68217,2
1393,0--9833982,1
1394,1--68399,1
1395,0--931238,1
1396,0--7172,3
1397,0--7172,2
1398,0--451,1
1398,0--448,9
1399,0--670,1
1400,0--9908303,1
1401,0--394,2
1402,0--8021,5
1402,0--394,1
1403,1--898697,1
1403,1--910690,1
1403,1--909808,1
1404,0--930655,1
1405,0--8249,1
1406,0--692,1
1407,1--60623,1
1407,1--57230,1
1407,1--4625,6
1407,0--89862,1
1408,0--12,1
1409,1--4402,1
1410,3--437,1
1411,0--8109,1
1412,0--665,1
1413,0--8050,2
1414,1--5009,1
1415,0--11,2
1416,0--8109,1
1417,0--672,3
1418,0--922613,1
1419,0--316,4
1420,0--87220,1
1421,1--62466,1
1422,1--4950,1
1423,1--905559,1
1424,0--87529,1
1425,1--61244,1
1426,1--60559,1
1427,0--241,3
1428,0--600,4
1429,0--600,1
1430,0--8437,1
1431,0--919654,1
1432,1--56053,1
1433,0--15,20
1434,0--15,1
1435,0--15,7
1436,0--15,1
1437,1--56333,1
1438,1--313,1
1439,1--4268,2
1439,0--373,30
1440,0--373,11
1441,1--335,1
1441,0--373,4
1442,0--373,2
1443,1--64080,1
1444,0--517,1
1445,0--00,22
1445,0--665,2
1445,0--06,163
1445,0--567,2
1445,0--691,1
1446,0--8371,1
1446,0--06,21
1447,0--06,1
1448,0--06,2
1449,1--4408,1
1449,0--06,1
1450,0--06,3
1451,0--06,1
1452,0--06,1
1453,0--06,1
1454,0--06,2
1455,0--00,3
1455,93--5177,1
1455,0--06,2
1456,0--06,1
1457,0--544,1
1458,0--313,1
1459,0--06,2
1460,0--06,1
1461,1--5047,1
1462,0--88730,1
1463,0--00,17
1463,0--201,1
1463,0--207,1
1463,0--06,63
1464,0--00,6
1464,0--06,1
1465,0--06,1
1466,0--06,24
1467,93--5177,1
1467,0--380,2
1467,0--06,23
1467,1--4301,1
1467,1--4242,1
1468,1--4185,1
1469,0--00,3
1470,0--00,2
1470,0--06,27
1470,0--567,1
1470,0--380,1
1471,0--06,1
1472,0--06,1
1473,0--00,1
1474,0--06,3
1475,0--06,4
1476,0--06,5
1477,0--06,7
1478,0--06,6
1479,0--380,1
1480,0--06,10
1480,0--380,2
1481,2--8187,1
1482,0--85719,1
1483,0--8109,1
1484,1--5099,6
1485,1--78225,1
1485,1--84946,2
1485,1--5099,5
1486,1--5099,1
1487,1--63369,2
1488,0--87584,1
1489,1--55832,1
1490,1--61250,4
1491,1--68417,1
1491,0--674,2
1492,0--19,1
1492,0--674,49
1493,0--674,1
1494,0--544,1
1495,0--7369,3
1496,0--8383,1
1497,0--9905050,1
1498,0--7890,1
1499,0--86656,1
1499,1--56024,1
1500,1--315,1
1501,0--470,1
1502,1--78180,2
1502,1--56170,1
1503,1--4019,2
1504,1--78180,1
1505,0--8104,1
1506,1--60846,4
1507,1--56392,1
1508,1--56392,1
1509,1--85332,1
1510,1--78669,1
1510,1--78408,1
1510,1--78497,3
1510,1--78854,1
1510,1--908800,1
1510,1--78185,2
1511,1--78497,1
1512,1--4722,1
1512,0--7553,2
1512,0--7472,2
1513,0--7472,1
1514,0--7553,1
1515,1--910482,1
1516,1--936297,1
1517,1--947784,1
1518,0--435,5
1518,0--325,2
1518,0--434,5
1518,0--86863,1
1519,0--435,1
1520,0--435,1
1521,1--4846,1
1521,1--4395,1
1521,1--4109,1
1521,1--4329,2
1521,0--431,1
1522,1--4846,1
1523,1--4240,1
1524,3--85272,1
1525,0--8195,2
1526,1--909384,2
1527,1--909384,1
1527,1--911512,1
1527,1--911096,2
1528,1--56563,1
1529,0--312,1
1529,0--8050,5
1530,0--8050,4
1531,1--250,1
1531,1--62779,2
1531,0--8050,3
1531,1--4668,1
1532,1--62779,1
1533,0--8050,1
1534,0--11,1
1535,0--8361,1
1536,0--9574807,1
1537,0--7884,2
1538,1--55613,1
1539,1--4052,1
1540,1--78214,1
1540,1--901289,1
1540,1--84477,1
1540,0--681,1
1541,1--78094,2
1541,1--84391,1
1542,1--9733,1
1543,1--988353,1
1544,1--944216,1
1545,1--936268,1
1546,1--64303,1
1546,1--68329,4
1547,0--8090,1
1548,1--5449,1
1549,0--590,1
1550,0--7818,3
1551,0--88254,1
1551,0--7818,2
1552,0--7818,1
1553,0--915057,1
1554,1--937941,1
1555,3--7913,1
1556,1--900168,1
1557,1--932663,1
1558,0--9652331,1
1559,0--7509,1
1559,1--62619,1
1559,1--4671,1
1560,1--84532,1
1561,0--547,1
1562,0--692,1
1563,1--939449,1
1564,1--4447,2
1565,0--340,12
1565,0--07,1
1565,1--4736,2
1566,0--340,1
1567,1--4441,1
1568,0--340,2
1569,0--340,1
1569,1--4449,2
1570,1--4441,1
1570,1--4718,1
1571,1--5104,1
1572,0--340,2
1573,1--5263,1
1573,0--7502,1
1574,1--5247,1
1574,1--9848,1
1574,0--553,1
1575,0--7012,2
1576,0--7012,1
1577,0--930878,1
1578,0--8050,8
1579,0--03,7
1579,1--56054,1
1580,0--03,1
1581,1--61547,1
1582,1--84993,1
1583,1--883536,1
1584,0--9667043,1
1585,1--7233,1
1586,1--943050,1
1587,0--9625254,1
1588,0--85709,2
1589,0--9909020,1
1590,0--8266,1
1591,0--618,5
1591,0--395,10
1591,0--7534,1
1592,0--547,1
1593,0--395,2
1594,0--395,1
1595,0--15,3
1595,0--618,2
1595,0--544,20
1595,0--547,5
1596,0--544,1
1597,0--09,1
1598,0--7551,1
1599,1--4403,1
1600,0--09,1
1601,1--5011,1
1602,0--672,1
1603,1--84197,1
1603,1--84505,2
1604,0--00,1
1605,1--55813,1
1606,1--4504,2
1607,0--9796395,1
1608,1--62313,2
1609,1--62703,4
1609,1--4939,12
1610,0--391,2
1610,0--415,1
1611,0--391,1
1612,0--19,1
1613,1--948195,1
1614,1--84622,1
1615,0--7645,2
1616,0--665,1
1617,1--78738,2
1617,1--84904,2
1618,0--09,2
1619,1--4013,1
1619,1--368,1
1620,1--4231,1
1621,1--4231,2
1622,1--4231,1
1623,1--887166,1
1624,1--78076,2
1624,1--78453,4
1624,1--84885,3
1624,1--84511,3
1624,1--86064,1
1625,1--78831,1
1626,1--78831,1
1627,1--901502,1
1628,1--62396,1
1628,1--64113,1
1629,0--13,1
1630,0--7434,1
1631,0--7277,1
1632,0--06,1
1633,1--84046,1
1634,0--585,1
1635,958--8461,1
1636,1--58388,1
1637,1--63140,3
1638,1--60309,1
1638,1--63140,2
1639,1--4673,2
1639,1--55937,1
1639,1--4799,3
1639,4--88552,1
1639,1--5386,4
1639,0--7803,1
1639,1--5090,1
1639,0--309,1
1640,0--8186,1
1641,1--119,1
1642,1--118,1
1643,1--909704,1
1643,1--911040,1
1644,1--85423,1
1645,1--4666,2
1645,1--5225,3
1646,1--4666,7
1647,1--61350,1
1648,1--84817,1
1649,1--78343,1
1650,0--85780,1
1651,1--58617,1
1651,0--89870,1
1652,0--9890438,1
1653,1--78157,1
1654,1--59973,1
1655,0--8041,1
1655,1--58240,1
1656,0--385,2
1657,0--385,1
1658,1--63215,4
1658,1--5343,2
1658,1--60706,3
1659,1--63215,2
1659,1--5343,1
1660,0--9969820,1
1661,1--60734,1
1662,0--915829,1
1663,1--78326,2
1663,1--84816,1
1664,1--250,1
1665,0--9638047,1
1666,0--86530,1
1667,1--59813,1
1668,1--935501,1
1669,0--253,15
1670,0--8311,1
1671,1--4043,1
1672,0--7414,2
1673,1--62912,2
1674,1--5218,1
1675,1--4381,1
1676,1--315,1
1677,1--62396,3
1678,1--62396,2
1679,1--4666,3
1679,1--5225,2
1680,0--9611804,1
1681,1--928136,1
1682,1--62901,1
1683,1--60887,1
1684,1--78671,1
1685,1--892061,1
1686,1--62625,1
1687,1--58511,1
1688,0--89727,1
1689,0--300,1
1690,0--7381,1
1690,0--471,1
1691,0--9923078,1
1692,0--940600,1
1693,0--7503,1
1694,0--521,1
1695,0--85296,3
1696,1--78320,7
1696,1--84150,2
1697,92--801,1
1698,0--89138,1
1699,0--8028,1
1700,1--4976,1
1701,1--56656,4
1702,1--108,1
1703,1--4648,1
1704,0--914941,1
1705,0--87326,1
1706,1--892395,2
1707,0--913394,1
1708,1--4623,4
1708,1--4552,7
1708,1--4843,8
1708,1--55775,1
1708,1--4983,6
1708,1--4755,4
1708,0--939934,1
1709,1--893368,1
1710,1--905888,1
1711,0--7178,2
1712,1--4954,1
1713,90--5095,1
1713,1--78068,6
1714,0--87784,1
1714,0--8308,1
1715,1--62033,1
1716,0--7503,1
1717,0--85037,1
1718,0--9967480,1
1719,0--7165,1
1720,0--904147,1
1721,0--923891,1
1722,0--7531,1
1723,0--7531,3
1723,1--85089,1
1724,0--7531,1
1725,0--86037,1
1726,1--903682,1
1727,0--9835613,1
1728,1--55963,1
1728,1--59726,1
1728,1--61091,2
1729,88--942200,1
1730,0--470,1
1731,1--119,5
1731,1--118,8
1731,1--84821,7
1732,1--78405,3
1733,1--78405,1
1734,1--119,2
1734,1--118,2
1734,1--78630,2
1734,1--84821,2
1735,1--78548,3
1735,0--08,1
1736,1--78548,2
1737,0--06,1
1738,1--4917,2
1739,1--4401,1
1739,0--595,2
1740,1--4917,1
1741,1--56663,1
1742,0--8308,1
1743,0--8308,4
1744,0--8308,1
1745,0--8041,4
1746,1--78240,1
1747,1--78040,2
1748,1--78040,1
1749,1--7951,1
1750,0--665,1
1750,0--397,1
1751,0--9969550,1
1752,90--272,2
1753,90--272,1
1754,0--665,1
1755,0--7145,1
1756,0--224,1
1757,0--936784,1
1758,0--665,1
1759,0--385,1
1760,0--88331,1
1761,0--665,2
1762,0--460,1
1763,0--671,1
1764,0--665,1
1765,0--7195,1
1766,0--665,1
1767,1--58542,1
1768,1--60606,1
1769,0--665,1
1770,0--471,13
1770,0--470,4
1771,0--471,8
1771,0--470,2
1772,0--665,1
1773,0--8151,1
1774,0--7236,1
1775,0--305,1
1776,1--4832,1
1777,1--4812,1
1778,0--227,1
1779,0--9766001,1
1780,1--884097,1
1781,0--9990982,1
1782,0--87477,1
1783,1--78592,3
1783,1--84905,2
1783,0--85700,2
1783,1--85302,2
1783,1--78450,2
1784,1--7321065,1
1785,1--879045,1
1786,0--8276,1
1787,0--8052,1
1788,1--57215,1
1789,1--909661,1
1790,1--4538,1
1791,1--63486,1
1792,1--62365,1
1793,1--912081,1
1794,1--909612,1
1795,90--272,5
1796,1--78946,1
1796,1--78606,1
1797,1--5207,1
1798,1--55504,1
1799,1--5054,1
1800,1--85833,1
1801,2--7420,1
1802,0--86196,2
1803,0--86196,1
1804,0--7195,1
1805,1--119,22
1805,0--7645,1
1805,0--471,6
1806,1--119,1
1807,1--119,18
1807,0--8220,1
1807,0--471,5
1807,1--4443,2
1807,1--118,35
1807,0--470,5
1808,1--119,12
1808,1--118,18
1808,0--471,2
1808,0--470,1
1809,1--119,1
1810,1--119,4
1810,1--118,10
1810,1--4443,1
1810,0--470,1
1811,0--470,1
1812,0--8018,12
1812,1--4214,8
1813,1--56246,1
1814,0--87485,1
1814,0--933472,1
1815,1--949471,1
1816,1--63163,1
1817,0--224,4
1818,0--7637,2
1819,1--284,5
1819,1--4496,1
1820,0--7637,1
1821,1--5114,1
1822,1--940777,1
1823,0--470,1
1823,0--7879,1
1824,0--665,1
1825,0--515,5
1826,0--7394,1
1826,0--515,2
1827,0--515,1
1827,0--671,1
1828,1--59005,1
1829,0--9632616,1
1830,1--58871,1
1831,0--9801433,1
1832,0--9608172,1
1833,0--904041,1
1834,1--57823,1
1834,1--933833,1
1835,0--89024,1
1836,1--933605,1
1837,1--312,1
1838,1--5062,1
1839,0--615,1
1840,1--4537,1
1841,1--7205,1
1842,1--5348,1
1843,1--85575,1
1844,0--06,1
1845,0--06,3
1846,0--7182,1
1847,0--9912268,1
1848,0--944510,1
1849,0--913580,2
1850,0--8403,1
1851,1--4652,2
1851,1--5249,1
1852,0--941522,1
1853,0--306,1
1854,0--9619508,1
1855,1--4537,1
1856,0--8046,3
1857,0--8217,3
1857,0--7582,5
1858,1--4967,2
1858,0--7582,1
1858,1--57566,1
1859,0--8217,2
1859,1--4201,5
1860,0--8217,1
1860,0--8065,1
1860,0--7582,2
1861,1--4967,2
1862,1--63101,1
1862,1--60635,2
1862,1--61277,2
1863,3--7356,1
1864,1--5123,1
1865,1--4325,2
1866,1--56459,1
1867,1--4325,1
1868,0--87029,1
1869,1--58865,1
1870,0--373,1
1871,0--9501946,1
1872,0--7534,5
1873,0--306,6
1873,1--4020,4
1874,0--306,1
1875,0--306,3
1875,0--7923,5
1875,1--4020,3
1875,1--4419,1
1876,90--411,3
1877,0--340,1
1878,1--60106,1
1879,0--679,3
1879,0--87923,1
1879,0--375,3
1879,0--394,10
1880,0--307,1
1881,0--692,1
1882,1--63393,1
1883,0--470,1
1884,1--61262,2
1885,0--87011,2
1886,1--947857,1
1887,3--86335,1
1888,0--7494,15
1889,0--7494,4
1890,0--7494,1
1891,0--906968,1
1892,1--4402,2
1893,1--5453,1
1894,1--941082,1
1895,1--85733,1
1896,0--85783,1
1897,1--5234,1
1898,1--60530,1
1899,1--60318,1
1900,0--9887154,1
1901,950--889,1
1902,0--943144,1
1903,0--241,1
1903,0--7214,1
1904,1--5420,1
1905,0--551,1
1906,1--58970,1
1907,0--9848351,1
1908,1--4614,1
1909,0--906155,1
1910,1--910855,1
1911,1--57990,2
1912,0--9890859,1
1913,1--947506,1
1914,0--06,1
1915,0--440,3
1916,0--440,2
1917,1--78067,3
1918,1--78067,2
1919,1--902646,1
1920,0--9973712,1
1921,0--924886,2
1922,0--924886,1
1923,0--665,1
1924,0--665,1
1925,1--5008,1
1926,1--5264,1
1927,0--88160,1
1928,1--61103,1
1929,1--880507,1
1930,1--5300,1
1931,1--59874,1
1932,1--61132,2
1933,1--897493,1
1934,1--78507,1
1935,1--351,1
1936,0--8439,4
1937,0--9576189,1
1938,1--4677,1
1939,1--61237,1
1940,1--59021,1
1941,1--56670,1
1942,1--4985,4
1942,0--669,1
1942,0--7391,10
1943,1--4057,2
1943,0--7545,1
1943,1--5221,1
1944,1--4057,1
1945,0--86597,1
1945,1--61487,1
1946,1--68330,1
1947,0--494,2
1948,1--63400,1
1949,1--931082,1
1949,1--59853,1
1950,1--4521,1
1951,0--915042,1
1952,1--911282,1
1953,0--9822018,1
1954,0--930823,1
1955,1--947279,1
1956,3--662,1
1957,0--7648,1
1958,1--4776,1
1959,1--4765,1
1959,1--78603,2
1960,1--55844,1
1961,0--9785353,1
1962,1--84782,1
1962,0--7089,16
1962,1--84395,3
1962,1--4448,8
1963,0--7089,1
1964,0--7459,1
1965,1--942367,1
1966,0--00,1
1967,0--397,3
1968,1--4698,3
1969,1--4698,1
1970,1--5001,1
1971,1--58165,1
1972,0--8398,1
1973,1--4998,2
1974,1--4998,1
1975,1--63217,1
1976,0--385,1
1976,0--316,34
1976,1--59961,1
1976,1--4087,2
1976,0--7515,2
1977,0--316,22
1978,0--316,17
1978,0--7394,1
1979,0--7515,1
1980,0--915782,1
1981,0--316,1
1982,0--02,1
1982,0--671,1
1982,1--4424,1
1982,0--689,1
1982,1--4169,1
1983,1--84869,2
1984,0--8226,1
1985,1--906764,1
1986,0--918208,1
1987,0--87140,1
1988,0--7387,1
1989,0--8093,1
1990,0--9926695,1
1991,976--650,1
1992,1--78657,2
1992,1--74220,1
1992,1--74104,1
1993,1--78657,1
1993,1--74360,1
1994,1--929048,1
1995,0--582,13
1995,0--321,1
1995,0--205,1
1996,0--582,1
1997,0--665,1
1998,0--665,1
1999,0--681,1
2000,0--7548,3
2001,3--7913,1
2002,0--8071,9
2003,1--4075,1
2004,1--335,1
2004,0--373,3
2005,0--89108,1
2006,1--5323,1
2007,0--8294,2
2008,0--557,1
2009,1--941311,1
2010,1--940484,1
2011,0--373,1
2012,1--84822,2
2013,0--7188,1
2014,1--935871,1
2015,0--8184,1
2016,1--55587,1
2017,1--62637,1
2018,0--9910891,1
2019,1--4930,1
2020,1--5161,1
2021,0--85046,1
2022,0--8247,4
2023,0--8247,1
2024,1--59077,1
2025,0--262,2
2026,90--247,1
2026,90--04,1
2027,1--912453,1
2028,0--7088,1
2029,0--382,1
2030,0--382,1
2031,1--934133,1
2032,0--85705,3
2033,0--02,6
2033,0--312,3
2033,0--665,2
2033,1--5098,4
2033,1--4472,4
2033,0--230,21
2033,1--4050,2
2033,0--333,14
2034,0--230,1
2035,1--5290,1
2035,1--5098,3
2035,1--4472,2
2036,0--435,1
2037,0--333,2
2038,0--684,1
2038,0--02,1
2039,1--56159,1
2040,0--02,1
2041,1--250,1
2042,1--4617,1
2043,1--933823,1
2044,0--9729263,1
2045,0--7505,9
2046,1--85057,1
2047,0--86009,2
2048,0--9899434,1
2049,1--59948,1
2050,1--84018,1
2051,1--78057,1
2052,1--893352,1
2053,0--7924,1
2054,0--7497,1
2055,0--7190,4
2056,0--7493,1
2057,1--63353,1
2058,1--937707,2
2059,1--941234,1
2060,1--61729,1
2061,1--63343,1
2062,0--230,1
2063,1--85269,2
2064,1--78142,1
2064,1--84444,1
2064,1--84611,1
2065,1--85487,1
2066,0--8247,1
2067,0--203,1
2068,1--9849,1
2069,1--4424,1
2070,0--9559957,1
2071,1--306,1
2072,1--328,1
2072,0--544,2
2073,0--7145,3
2074,0--87462,1
2075,0--7614,3
2076,1--60870,1
2077,0--462,1
2078,1--4847,1
2078,0--7851,14
2079,0--87135,2
2080,1--302,6
2081,0--7851,1
2082,0--7851,11
2083,1--302,1
2084,0--7851,9
2084,1--302,7
2085,0--7851,1
2086,0--7851,1
2086,1--302,4
2087,0--9832209,1
2088,0--9819634,1
2089,1--4912,1
2090,1--63177,1
2091,1--4222,13
2092,1--59084,2
2092,1--4222,4
2093,1--56333,1
2094,0--8139,1
2095,1--56156,1
2096,1--78803,1
2096,1--78589,1
2097,1--5108,1
2098,0--88385,4
2099,0--9853978,1
2100,0--323,1
2101,0--578,1
2102,0--19,1
2103,0--7864,1
2104,0--7710,1
2105,1--902937,1
2106,0--7864,6
2106,1--4766,5
2107,0--7864,4
2108,0--7864,1
2109,0--7864,2
2110,1--4766,4
2111,0--7735,7
2112,0--7735,1
2113,1--259,8
2113,0--07,40
2113,0--470,1
2113,958--600,1
2114,0--07,2
2115,0--07,1
2116,1--57768,2
2117,1--57768,1
2118,0--07,1
2119,0--07,1
2120,0--02,1
2120,1--260,1
2120,0--07,10
2120,981--315,1
2120,1--308,1
2120,1--259,6
2121,1--259,1
2122,1--259,1
2123,0--07,1
2124,0--07,1
2125,0--07,1
2126,0--07,2
2127,1--259,1
2127,0--07,1
2128,0--07,1
2129,1--85822,1
2130,1--4516,1
2131,1--879727,1
2132,1--5225,1
2133,1--58044,1
2134,1--906935,1
2135,0--07,1
2136,0--7866,1
2137,0--615,1
2138,1--56044,1
2139,0--89732,1
2140,1--5057,1
2141,1--62763,1
2142,0--86554,1
2142,0--88146,1
2143,0--692,1
2144,1--85391,1
2145,0--8266,1
2146,0--86303,1
2147,0--87779,2
2148,0--87779,1
2149,0--89906,1
2149,1--4226,1
2150,0--416,5
2150,0--413,6
2151,0--416,1
2152,1--4351,2
2153,1--55199,1
2154,0--87099,1
2154,1--58839,1
2155,1--78255,1
2155,1--84126,1
2156,0--7356,1
2157,1--84059,1
2158,1--78508,1
2159,0--7613,1
2160,1--85798,1
2161,0--263,13
2162,0--263,2
2163,0--9862773,1
2164,1--250,4
2164,1--4668,1
2165,1--4960,1
2166,1--61225,1
2167,0--9884551,1
2168,0--262,43
2169,0--262,42
2169,0--585,1
2170,1--68020,2
2171,1--56731,3
2172,1--60671,1
2173,1--64122,1
2174,0--8136,2
2175,0--87352,1
2176,0--679,2
2176,0--375,1
2176,0--394,1
2177,1--60650,1
2178,1--5167,1
2179,0--85345,2
2180,0--9819575,1
2181,0--8024,5
2182,0--8024,1
2183,1--78279,2
2184,0--9861524,1
2185,1--56691,1
2186,1--85103,1
2187,1--947242,1
2188,1--60845,2
2189,1--60845,1
2189,1--62705,1
2189,1--68174,1
2189,1--59829,2
2189,1--68173,2
2190,0--12,3
2191,1--55860,1
2192,1--890021,1
2193,0--688,2
2194,0--323,2
2194,0--7234,1
2195,1--940022,1
2196,0--89886,1
2197,0--913063,1
2198,3--11,1
2198,1--61451,1
2199,3--11,1
2200,1--55921,1
2201,1--63142,1
2202,0--688,1
2203,0--316,2
2204,0--584,1
2205,1--78892,1
2206,0--87070,1
2207,1--56647,1
2208,1--78092,2
2209,1--78165,1
2210,1--886264,1
2211,0--09,1
2211,0--89296,2
2211,0--445,1
2211,0--446,1
2212,1--5040,2
2213,1--4532,1
2214,1--5040,1
2215,1--937197,1
2216,0--9862863,1
2217,1--910643,1
2218,0--665,1
2219,1--55776,1
2220,0--8402,1
2221,0--309,24
2222,0--309,8
2223,0--309,1
2224,0--309,6
2225,0--935989,2
2226,0--307,1
2227,1--55833,1
2228,0--925299,1
2229,1--931636,1
2230,1--879016,1
2231,0--8106,1
2232,1--4559,2
2233,1--4262,2
2233,0--7922,5
2233,1--4263,4
2234,0--7922,2
2234,0--7362,1
2235,1--4222,1
2236,0--9628757,1
2237,0--930368,1
2238,0--8373,2
2239,0--8373,1
2240,0--940979,1
2241,0--309,2
2242,0--87355,1
2243,0--9889950,1
2244,0--8442,1
2245,0--85177,1
2246,1--61251,1
2246,1--68247,1
2246,0--87021,1
2247,0--89109,2
2248,1--63146,1
2249,0--8341,1
2250,1--59005,2
2251,1--85554,1
2252,0--85012,1
2253,1--5084,1
2254,0--665,3
2255,1--60009,1
2256,1--5352,1
2257,1--5152,1
2258,0--451,16
2258,0--452,5
2259,1--56131,1
2260,1--85348,1
2260,1--68297,1
2260,1--86155,1
2261,1--4522,1
2262,0--8112,4
2263,0--8112,1
2264,0--8112,1
2265,0--8112,1
2266,0--88082,1
2267,0--450,2
2268,1--943003,1
2269,1--84898,1
2270,1--910266,1
2271,1--62625,1
2271,1--57224,1
2272,1--84840,1
2273,1--59764,1
2274,0--262,1
2275,0--902030,1
2276,1--62097,2
2276,1--59558,1
2277,0--7357,1
2277,0--321,2
2278,1--939931,1
2279,0--531,1
2280,1--61230,1
2281,1--60868,1
2282,0--304,1
2282,0--415,1
2283,1--68137,1
2284,0--8147,2
2284,1--4798,3
2285,1--4007,1
2286,0--912066,1
2287,0--9850168,1
2288,1--910935,1
2289,0--9860803,1
2290,1--900257,1
2291,0--88225,2
2292,0--88225,1
2293,1--5055,1
2294,0--7089,1
2295,1--5293,1
2295,1--4736,1
2296,1--84842,3
2297,1--84842,2
2298,1--84842,1
2298,1--78850,1
2299,1--937658,1
2300,0--89838,1
2301,0--915132,1
2302,1--910620,1
2303,1--909751,1
2304,1--4133,2
2305,0--87337,1
2306,1--61930,1
2307,0--374,4
2308,0--9615558,1
2309,0--9903774,1
2310,1--884008,1
2311,1--58394,1
2312,0--444,2
2313,0--444,1
2314,1--58180,1
2315,0--89134,2
2316,1--78373,1
2317,1--55858,1
2318,1--63163,1
2319,0--87839,1
2320,0--7463,1
2321,0--8024,1
2322,0--9606274,1
2323,0--8101,2
2324,0--393,32
2325,0--7636,1
2325,0--85763,2
2325,1--78800,1
2326,1--945649,1
2327,0--9677480,1
2328,1--60021,1
2329,1--63483,2
2329,1--62948,2
2329,1--62417,1
2329,1--63321,1
2329,1--63117,3
2329,1--63463,1
2330,1--60741,1
2330,1--63321,2
2330,1--62948,4
2330,1--62808,1
2331,1--5361,1
2331,1--62618,1
2331,1--63484,1
2331,1--63483,1
2331,1--62948,2
2331,1--63321,1
2331,1--63482,2
2331,1--63485,2
2332,1--62948,1
2333,0--85360,1
2334,1--63321,1
2334,1--63117,2
2335,1--60198,4
2336,1--60198,3
2337,1--60198,1
2338,0--9540773,1
2339,1--68140,1
2339,1--936959,1
2340,1--936959,1
2341,0--8442,2
2342,0--8442,1
2343,84--946333,1
2344,1--62517,2
2345,1--63045,1
2346,1--84694,4
2346,1--78535,1
2347,1--84717,1
2348,1--4493,2
2348,1--4919,4
2348,0--596,3
2349,0--679,1
2350,1--4920,1
2350,0--596,1
2350,1--4919,3
2351,1--4919,2
2352,1--891743,1
2353,0--8256,1
2354,1--78319,3
2354,1--84002,1
2355,1--78682,1
2356,0--451,1
2357,1--60809,1
2358,0--374,3
2359,0--7064,2
2360,1--78325,1
2361,1--78040,1
2362,92--64,1
2363,1--5084,1
2364,0--8214,1
2365,1--899933,1
2366,0--9648534,1
2367,0--917526,1
2368,0--665,1
2369,0--937422,1
2370,1--4951,1
2371,1--63243,1
2372,0--7808,1
2373,1--55035,1
2374,1--78607,2
2374,1--78074,2
2375,1--78607,1
2376,1--78074,1
2377,1--62010,1
2378,0--451,2
2379,1--947845,1
2380,1--78374,3
2381,0--8126,1
2382,0--940880,1
2383,1--934824,1
2384,1--4976,5
2385,1--5040,4
2385,1--4804,3
2385,1--4976,4
2385,1--4532,4
2386,1--5040,3
2387,1--4804,2
2388,1--4804,1
2389,0--335,3
2390,0--335,1
2391,0--692,1
2392,0--8194,1
2393,1--62254,1
2394,1--939293,1
2395,1--949017,1
2396,3--7913,1
2397,1--941898,1
2398,1--4299,1
2399,1--57075,1
2400,0--356,2
2400,0--316,2
2400,1--84149,2
2401,1--4083,3
2401,1--86039,1
2402,1--84362,1
2402,1--4083,2
2402,0--545,1
2403,1--5089,1
2404,0--943987,1
2405,1--934962,1
2406,1--4440,1
2406,0--7528,3
2406,1--4091,3
2407,0--7528,1
2408,0--575,1
2409,1--4091,1
2410,1--4091,1
2411,1--940743,1
2411,1--941806,1
2412,0--9828812,1
2413,1--943580,1
2414,0--9616666,1
2415,0--904657,1
2416,0--9741007,1
2417,0--85045,2
2417,1--84908,2
2418,1--84908,1
2419,1--4728,1
2419,0--85045,1
2419,1--84603,1
2420,1--59051,2
2421,1--908276,1
2422,1--942923,1
2423,1--4787,5
2424,1--4787,1
2424,1--4327,1
2425,1--903096,1
2426,0--9834917,1
2427,1--4683,1
2428,0--87951,2
2428,1--4683,5
2429,1--4683,1
2430,1--926973,1
2431,1--78297,1
2431,1--78570,7
2431,1--84217,1
2432,0--89059,1
2433,1--4636,1
2434,0--19,4
2435,0--19,213
2436,0--7221,2
2436,0--19,212
2437,1--136,1
2438,1--78694,2
2439,0--8487,2
2440,0--692,1
2441,2--87574,1
2442,3--0343,1
2442,3--631,1
2442,0--8204,1
2442,3--261,1
2443,1--55993,1
2444,0--7525,1
2445,1--61035,1
2446,1--78839,1
2447,1--78528,4
2447,1--78588,1
2447,1--78355,5
2447,1--78913,1
2447,1--78328,3
2447,1--78439,10
2447,1--84951,2
2447,1--78217,4
2447,1--78398,9
2447,1--78862,1
2447,1--78216,1
2448,1--84951,1
2449,1--78528,1
2449,1--78355,1
2449,1--84969,1
2449,1--78328,1
2449,1--78217,1
2449,1--78398,1
2450,0--692,1
2451,1--68213,1
2451,1--68348,1
2452,1--62414,1
2453,1--61004,1
2454,1--352,1
2454,1--137,82
2454,1--84457,1
2455,1--899287,1
2455,1--4039,6
2455,0--230,18
2455,1--349,13
2455,3--319,1
2455,1--137,77
2456,1--137,2
2457,1--137,2
2458,0--330,3
2459,1--943533,1
2460,0--330,2
2460,1--4472,2
2461,1--4472,1
2462,981--4613,2
2462,981--4411,1
2463,958--30,1
2464,0--04,1
2465,0--679,1
2465,0--394,4
2465,0--307,1
2466,1--59707,1
2467,0--7701,1
2468,1--61205,2
2469,0--7927,1
2470,0--938077,1
2471,1--934795,2
2472,1--879276,1
2473,0--943990,1
2474,0--8193,1
2475,1--932559,1
2475,1--60235,1
2476,1--4075,1
2476,1--4054,5
2476,1--4454,3
2476,1--4723,2
2476,0--7525,8
2477,1--4723,1
2478,1--4748,1
2479,0--7525,4
2479,1--4054,2
2480,1--4054,1
2481,0--9966293,1
2482,1--905969,1
2483,1--84227,3
2484,0--87348,3
2485,0--87348,1
2486,1--84464,2
2487,0--9898708,1
2488,0--87585,1
2489,1--59857,1
2490,1--909810,1
2491,0--9976954,1
2492,0--321,1
2493,1--56145,2
2494,1--56145,1
2495,0--909209,1
2496,1--5040,1
2497,1--292,8
2497,0--7897,2
2497,0--13,23
2497,1--4182,1
2497,1--299,3
2497,0--321,5
2497,0--205,6
2497,1--4082,1
2497,0--672,1
2498,0--13,6
2498,1--292,4
2498,0--7897,1
2499,0--13,3
2499,1--292,1
2499,0--205,1
2500,1--292,2
2500,1--4479,1
2501,0--205,1
2502,0--7652,1
2503,1--269,1
2503,1--323,1
2504,0--13,7
2505,0--7368,1
2506,1--61775,1
2507,1--60598,2
2508,1--60598,1
2508,1--68177,2
2509,1--908670,1
2510,1--78427,1
2511,1--56554,2
2512,1--56554,1
2513,1--4738,1
2514,1--78383,1
2514,1--5267,1
2515,1--4738,1
2516,1--941541,1
2517,0--451,10
2517,0--525,6
2517,0--14,111
2517,0--7181,4
2518,0--14,84
2518,0--241,2
2518,1--4059,2
2518,0--7181,3
2518,0--451,4
2518,1--101,1
2518,1--84614,1
2519,0--670,1
2520,0--14,1
2521,0--14,1
2522,0--451,2
2522,0--452,1
2522,0--515,1
2522,1--4242,1
2523,0--14,1
2523,1--322,1
2524,0--14,2
2525,0--698,1
2526,0--14,1
2527,0--451,1
2528,1--5247,4
2528,0--553,1
2528,0--425,1
2528,0--85752,1
2528,0--525,2
2529,1--5247,2
2529,1--101,1
2529,0--451,2
2529,0--399,3
2530,0--448,2
2531,0--271,2
2532,0--9897511,1
2533,0--06,2
2534,0--06,1
2535,0--444,1
2535,0--08,7
2536,1--4832,5
2536,1--4831,12
2536,0--08,5
2537,1--4832,1
2537,1--4831,1
2538,0--399,2
2539,0--605,1
2540,1--5040,1
2541,1--943720,1
2542,0--89255,1
2543,0--7382,3
2544,0--201,1
2545,0--7382,1
2546,0--9602676,1
2547,0--87226,1
2548,3--906769,1
2548,1--78707,1
2548,3--0343,3
2548,1--4331,3
2548,3--0353,3
2548,1--906165,1
2548,3--03911,1
2549,1--4539,1
2550,0--7206,2
2551,0--7206,1
2552,0--8446,1
2552,0--306,1
2553,1--63235,1
2554,0--9575476,1
2555,0--7148,5
2556,0--7148,4
2557,0--7148,1
2558,0--7148,2
2559,0--9881725,1
2560,0--85033,1
2561,0--399,2
2562,0--7538,2
2563,0--7538,1
2564,1--4127,1
2565,0--8027,1
2565,1--84212,1
2566,1--5037,1
2567,0--7499,3
2568,1--250,9
2568,0--312,2
2568,1--4472,1
2568,0--330,3
2568,1--74351,1
2569,1--250,2
2570,0--941599,1
2571,1--84893,2
2571,1--78144,3
2572,1--61097,1
2573,1--63087,1
2574,0--552,1
2575,1--9851,1
2576,1--84413,1
2576,0--7126,3
2577,0--910923,1
2578,0--9934777,1
2579,0--9766820,1
2580,0--7860,5
2581,0--523,2
2581,0--7860,4
2581,1--55817,2
2582,0--7860,2
2583,0--9905935,1
2584,0--434,1
2585,1--85802,1
2586,1--84165,1
2587,0--273,1
2588,1--4832,1
2589,0--9709046,1
2590,1--949061,1
2591,0--306,6
2592,0--306,5
2593,0--306,3
2593,1--4615,1
2593,1--4684,1
2594,0--85965,1
2595,0--452,3
2596,0--452,1
2597,1--59756,1
2598,0--7453,3
2599,0--9822584,1
2600,1--5011,1
2601,1--84739,2
2602,1--5011,3
2602,0--7434,2
2602,0--671,16
2602,1--4516,1
2602,1--4767,1
2603,1--4767,2
2603,1--5011,1
2603,0--671,2
2604,1--62031,1
2605,1--78607,1
2606,1--938461,1
2607,1--59058,2
2608,1--4473,5
2609,0--7456,13
2609,1--5095,12
2610,0--7456,5
2610,1--5095,3
2611,82--591,1
2612,0--905169,1
2613,1--84223,1
2614,0--9855356,1
2615,0--7352,1
2615,0--241,1
2615,0--399,1
2615,0--525,1
2616,0--517,1
2617,1--85578,1
2618,1--84627,1
2619,1--68261,1
2620,1--61234,3
2621,1--57687,1
2622,0--935697,1
2623,1--5081,2
2623,1--4994,2
2624,1--85339,1
2625,0--87808,1
2626,1--909280,1
2627,1--4024,3
2628,1--4408,11
2628,0--03,1
2628,0--313,1
2628,0--06,1
2629,0--9910147,1
2630,1--937785,1
2631,1--58574,1
2632,1--84809,1
2633,0--13,33
2633,84--237,1
2633,0--668,1
2634,0--13,1
2635,0--89141,1
2636,0--521,1
2637,3--7913,3
2638,0--9883781,1
2639,1--58910,1
2640,0--8431,6
2641,0--312,2
2642,1--886383,1
2643,1--86400,1
2644,1--939563,1
2645,0--87288,1
2646,0--665,1
2647,1--56898,2
2647,1--61689,3
2648,0--691,32
2649,0--691,31
2649,1--4008,26
2650,1--4008,1
2651,1--4403,1
2652,1--68412,1
2653,1--85327,1
2654,1--59126,1
2655,1--84765,3
2655,1--78125,2
2656,1--78816,1
2656,1--78125,1
2657,92--1,1
2658,1--62825,1
2659,0--9863134,1
2660,1--63388,2
2661,0--9606954,1
2662,1--57723,1
2663,1--303,3
2663,1--339,4
2663,1--369,7
2663,1--109,1
2663,1--321,13
2663,1--70020,1
2663,1--243,1
2663,0--662,1
2663,1--267,2
2663,1--124,2
2664,1--321,4
2664,1--339,2
2664,0--14,1
2665,1--63226,1
2666,0--9978706,1
2667,0--89859,2
2667,1--351,1
2667,1--315,7
2667,1--84169,1
2668,1--315,1
2669,0--901948,1
2670,1--61039,2
2670,1--58648,1
2670,1--5417,2
2671,0--88404,1
2672,1--4489,1
2672,1--4137,1
2673,1--4847,1
2674,1--7903,1
2675,1--879985,1
2676,0--670,1
2676,0--14,28
2677,0--14,19
2677,0--241,1
2677,1--4059,1
2677,0--425,1
2677,0--7181,1
2677,0--698,2
2678,606--93380,1
2679,1--55753,1
2679,0--911198,1
2680,1--5349,1
2681,1--62469,1
2682,1--78227,1
2683,0--692,1
2684,0--399,5
2685,0--534,1
2686,1--59102,1
2687,1--60992,1
2688,1--78493,1
2689,0--8129,1
2690,1--84949,1
2691,0--615,1
2692,1--907982,1
2693,0--7043,4
2694,1--4765,1
2694,1--78240,1
2694,1--78603,1
2695,1--55267,1
2696,0--88022,1
2696,0--13,3
2696,0--7897,12
2697,0--7897,1
2698,0--356,1
2699,0--89244,1
2700,1--882972,1
2701,1--62365,1
2701,1--78648,1
2702,0--85705,1
2703,1--61027,1
2704,0--688,2
2704,0--380,1
2705,0--937552,1
2706,1--85097,1
2707,0--86715,1
2708,1--59474,2
2708,1--68369,1
2709,0--665,2
2710,0--9626829,1
2711,0--89464,1
2712,0--7091,2
2712,0--7090,1
2713,0--8315,1
2714,1--58423,1
2715,1--943785,2
2716,1--63158,1
2717,1--5300,1
2718,0--9971451,1
2719,1--4987,1
2720,1--942185,2
2721,0--9816989,1
2722,1--941987,1
2723,1--55319,1
2724,1--887923,1
2725,0--9962600,1
2726,0--613,1
2726,1--4747,2
2726,1--4109,2
2727,0--7398,1
2728,0--615,1
2729,0--671,1
2730,0--8330,7
2731,0--8330,6
2732,0--528,1
2733,0--06,1
2734,0--385,2
2734,0--679,2
2734,0--345,3
2734,0--394,6
2734,0--8129,5
2734,0--525,4
2734,0--375,5
2734,1--336,1
2735,0--09,2
2735,0--385,1
2735,0--399,1
2735,0--307,1
2736,0--7364,1
2737,1--5247,1
2737,0--7364,1
2738,0--375,1
2739,0--525,1
2740,0--449,1
2741,0--375,1
2741,0--8129,2
2741,0--449,2
2742,0--85391,1
2743,1--4965,1
2743,1--945572,1
2744,0--89004,1
2745,1--85304,1
2746,0--9979914,1
2747,0--9896751,1
2748,1--322,1
2749,0--9576725,1
2750,0--87891,1
2751,0--7386,1
2752,1--4465,1
2753,1--4664,1
2754,0--7944,1
2755,0--7944,1
2756,0--88349,1
2757,1--62145,1
2758,0--9836615,1
2759,1--86189,2
2760,1--78023,9
2760,1--86189,1
2761,1--78023,1
2762,1--893329,1
2763,0--7368,1
2764,1--63440,3
2765,0--09,2
2765,1--78295,1
2765,1--86230,1
2765,0--85754,1
2766,1--137,1
2767,1--4052,1
2768,1--68314,1
2769,0--316,1
2770,0--900814,1
2771,1--64008,1
2772,0--87436,1
2773,0--89526,2
2774,1--62157,2
2775,0--89526,1
2776,1--908355,1
2777,90--277,2
2778,1--912248,1
2779,92--1,1
2780,0--87891,3
2781,1--5326,1
2781,1--60899,1
2782,1--892560,1
2783,1--922149,1
2784,1--882382,1
2785,0--8007,1
2786,1--78305,1
2787,1--4942,1
2788,0--9553741,1
2789,1--57783,2
2790,1--4908,1
2791,0--433,1
2792,1--5007,1
2793,0--615,1
2794,1--55547,1
2795,1--101,1
2795,1--59448,1
2796,1--78429,1
2797,0--8292,1
2798,0--8478,7
2799,0--7893,1
2800,0--8478,2
2801,1--59643,1
2801,1--62672,1
2802,0--7091,1
2802,0--7090,1
2803,0--9961068,1
2804,1--84954,1
2805,0--451,5
2806,0--451,1
2807,1--62315,1
2808,1--63440,1
2809,1--59253,1
2810,1--57954,1
2811,90--420,2
2811,90--04,2
2812,0--615,1
2813,0--692,1
2814,0--9986245,1
2815,1--4042,1
2816,1--4488,1
2817,1--4777,1
2817,1--4994,1
2818,0--7953,1
2819,1--61066,1
2820,1--78535,1
2821,1--63430,1
2821,1--68191,2
2821,1--64156,1
2822,1--63430,1
2823,1--135,14
2823,0--8153,13
2823,1--62159,1
2823,1--351,46
2823,1--85743,1
2823,0--367,3
2823,1--4106,1
2823,1--317,63
2823,1--315,187
2823,0--7546,3
2823,0--582,3
2823,0--429,11
2823,0--203,44
2823,1--4724,8
2823,0--7656,4
2823,0--415,120
2823,1--134,10
2823,1--136,8
2823,1--138,149
2823,1--78353,1
2824,0--7100,3
2825,1--84472,1
2826,1--351,1
2826,1--138,1
2827,0--8153,3
2827,0--415,11
2828,0--8153,2
2828,1--4822,1
2828,0--429,2
2828,0--367,2
2828,1--138,34
2828,1--351,5
2828,1--4724,5
2828,1--317,7
2828,1--315,8
2828,0--415,10
2829,0--415,1
2830,0--7494,1
2830,0--415,1
2831,1--351,1
2832,1--138,1
2833,88--7498,1
2834,1--4422,1
2834,0--8108,1
2835,0--8381,1
2835,0--8476,1
2835,0--8108,1
2835,1--4422,15
2835,0--7425,1
2835,1--56699,2
2836,1--4758,1
2837,1--78348,4
2837,1--78660,2
2838,1--78660,1
2839,1--59077,1
2840,1--4422,1
2840,1--60709,1
2841,1--4616,1
2842,1--4985,1
2843,1--910350,1
2844,1--84246,1
2845,1--905686,1
2846,0--88092,1
2847,1--4923,1
2848,1--84755,1
2848,1--84973,5
2848,1--78262,5
2848,1--78801,1
2849,1--5238,1
2849,1--7909,1
2850,0--7624,1
2851,1--84973,1
2852,0--9855748,1
2853,1--56138,1
2853,0--7624,1
2854,1--56138,1
2855,0--8462,1
2856,0--87154,2
2856,1--61044,1
2857,5--200,1
2858,0--8135,4
2859,1--84975,2
2860,0--665,1
2861,0--85150,1
2862,0--665,1
2863,0--665,1
2864,0--573,1
2865,1--5375,1
2866,0--665,1
2867,0--9916559,1
2868,0--665,1
2869,0--87728,1
2870,1--62250,1
2871,1--61651,1
2872,1--5063,3
2872,1--4462,9
2872,1--84787,1
2872,1--84860,1
2872,1--4739,7
2872,1--4129,2
2872,0--7619,2
2872,1--84920,2
2872,1--4522,5
2872,1--4833,7
2872,0--8039,7
2873,1--4664,1
2874,1--4462,1
2875,0--8039,6
2876,1--4462,1
2877,1--5063,1
2877,0--7619,1
2877,1--4833,4
2877,0--8039,5
2878,1--4833,3
2879,93--85985,1
2880,1--4739,3
2880,1--5264,2
2881,1--4522,1
2882,0--7531,2
2882,1--78541,1
2883,1--944697,1
2884,0--438,2
2884,0--355,1
2885,0--9825303,1
2886,0--917617,1
2887,0--89356,1
2887,1--68217,1
2887,1--58765,1
2888,1--68067,1
2889,0--9787704,1
2890,0--13,5
2890,0--7686,1
2891,0--692,1
2892,0--573,10
2893,0--15,1
2893,0--547,1
2894,1--4841,1
2895,1--4351,3
2896,1--932589,1
2897,0--9882899,1
2898,0--911794,1
2899,1--62959,1
2899,1--55544,2
2899,1--60764,1
2900,1--55544,1
2901,1--937846,1
2902,1--63217,1
2903,0--9666395,1
2904,0--7216,1
2904,0--7020,2
2905,0--323,1
2906,1--61121,1
2907,0--939798,1
2908,1--58983,1
2909,0--8108,4
2910,0--8108,3
2911,1--4617,1
2912,1--910949,1
2913,0--340,1
2913,1--4736,1
2914,0--7643,7
2915,0--88740,1
2916,0--7643,5
2917,0--7643,4
2918,0--02,1
2919,0--88019,1
2920,0--8052,2
2921,1--4649,2
2922,1--4649,2
2923,0--403,1
2924,1--4649,23
2925,1--4071,7
2925,0--590,24
2925,0--531,2
2925,1--338,29
2925,0--516,1
2925,0--545,41
2925,0--439,33
2926,0--590,2
2927,1--4431,3
2928,1--4431,2
2929,1--4071,2
2930,0--606,2
2930,0--590,7
2930,1--338,22
2930,0--545,21
2930,0--439,5
2931,1--910173,1
2932,1--4071,1
2932,1--338,3
2932,0--545,3
2932,0--590,1
2933,0--439,1
2934,0--439,2
2935,0--439,1
2936,0--933452,1
2937,1--870268,1
2938,0--8388,1
2939,0--385,1
2939,0--399,1
2940,0--8314,1
2941,0--334,5
2942,0--916809,1
2943,0--7011,1
2944,0--902054,1
2945,0--9832570,1
2946,1--4165,1
2946,1--5011,3
2946,0--684,7
2946,0--304,1
2946,1--4767,1
2947,0--684,1
2948,1--59771,1
2949,1--84832,1
2950,1--78383,1
2950,1--78346,1
2951,1--906497,1
2951,0--85742,1
2952,1--58005,2
2953,1--78221,1
2953,1--84448,1
2954,1--56975,1
2955,0--436,2
2956,0--933256,1
2957,0--9991935,1
2958,1--85648,1
2959,0--88908,1
2959,1--77040,1
2960,0--9601926,1
2961,0--9928756,1
2962,0--912832,1
2963,94--6300,1
2963,94--6209,1
2964,0--906026,1
2965,1--84765,1
2966,0--9859468,1
2967,1--62692,3
2968,1--62692,1
2969,0--7278,17
2970,0--7278,4
2971,0--7278,1
2972,0--9979518,2
2973,1--4226,1
2974,1--60908,1
2974,1--62972,1
2975,1--61180,1
2976,1--912091,1
2977,1--63152,1
2978,1--84861,1
2979,1--304,2
2979,1--312,2
2980,0--7220,1
2981,1--4258,2
2982,1--63409,1
2983,1--62836,1
2984,1--57335,1
2985,0--87857,1
2986,1--934087,1
2987,1--938835,2
2987,1--935476,1
2988,0--451,6
2989,0--451,1
2990,0--373,5
2991,0--373,4
2992,1--900971,1
2993,0--663,1
2994,0--382,1
2995,1--68412,1
2996,1--5346,1
2997,0--9960479,1
2998,1--945509,1
2999,0--9624945,1
3000,0--7432,9
3000,1--4165,1
3000,1--4711,5
3000,0--684,10
3000,0--671,14
3000,1--5011,5
3000,1--64385,1
3000,1--4767,3
3001,1--4424,3
3001,0--689,2
3001,1--4169,2
3002,0--689,1
3002,1--4424,1
3003,1--4711,1
3003,1--4767,1
3003,1--5011,3
3004,1--4516,1
3004,1--4711,1
3004,1--5011,1
3004,0--684,1
3005,1--4424,1
3006,1--4424,3
3006,1--4814,1
3006,1--4169,2
3006,1--4155,1
3007,1--5344,1
3008,1--4424,1
3009,1--4767,1
3010,1--61634,1
3011,1--4641,1
3012,0--85701,1
3013,0--89193,1
3014,1--880589,1
3015,1--63220,1
3016,1--4507,1
3017,1--62636,1
3017,1--5107,2
3017,1--63450,2
3017,1--62087,2
3017,1--63220,1
3018,1--942316,1
3019,1--61711,3
3020,1--61711,2
3021,1--61711,1
3021,1--63091,1
3022,1--58536,2
3023,0--14,1
3024,0--14,1
3025,1--59920,1
3025,1--62588,1
3026,1--4660,1
3027,0--8317,1
3028,1--58834,2
3029,0--295,1
3030,1--940586,1
3031,954--384,1
3032,1--908410,1
3033,0--8348,1
3034,1--908030,1
3035,1--61197,1
3036,0--87335,2
3037,0--7680,1
3038,1--887483,1
3039,1--61695,1
3039,1--64129,1
3040,0--89118,2
3041,0--89118,1
3042,1--78108,1
3043,1--943874,1
3044,1--943451,1
3045,1--4926,1
3046,1--4926,1
3047,0--89608,1
3048,0--324,6
3049,0--324,1
3050,0--89308,2
3051,0--8093,2
3052,1--78019,1
3053,0--285,2
3054,0--945936,1
3055,1--940716,1
3056,0--451,1
3056,0--14,4
3057,1--61232,1
3058,0--87111,1
3059,0--345,1
3060,1--5419,1
3061,1--889793,1
3062,0--7221,5
3062,0--7515,8
3063,0--351,1
3063,0--7221,2
3064,0--922003,1
3065,0--8194,10
3065,1--5106,2
3065,1--62841,5
3066,0--8194,1
3066,1--5106,1
3066,1--62841,1
3067,0--89252,1
3068,0--8007,1
3069,1--4549,1
3070,0--415,1
3071,1--61321,1
3072,1--61479,1
3072,1--59961,2
3073,1--5119,1
3074,1--4939,8
3074,1--4471,4
3074,4--431,1
3074,0--8176,1
3074,90--481,2
3074,3--211,1
3074,3--540,17
3074,3--662,1
3074,1--4614,9
3074,3--642,5
3074,94--007,4
3074,81--322,2
3074,0--387,21
3074,1--4419,2
3074,1--85233,1
3074,3--319,12
3074,1--4899,2
3075,3--319,1
3075,981--10,1
3076,0--8261,2
3077,0--8261,5
3078,0--8261,2
3079,3--319,1
3080,0--387,9
3080,1--4471,1
3081,1--250,6
3081,0--312,1
3082,1--250,1
3083,1--910931,1
3084,0--9825768,1
3085,1--58731,2
3086,1--55862,1
3087,0--312,33
3088,1--250,7
3088,0--312,6
3088,1--137,1
3089,0--312,1
3090,1--250,6
3090,0--312,12
3091,1--250,5
3091,0--312,13
3091,1--4668,4
3091,1--4299,1
3092,1--250,1
3093,0--913836,2
3094,0--8117,1
3095,0--9702527,1
3096,1--4944,1
3097,0--87392,1
3098,0--8047,1
3099,0--8047,12
3100,0--8047,1
3101,0--7487,1
3102,1--59572,2
3103,0--9643555,1
3104,1--891855,1
3105,1--932799,1
3106,1--5196,1
3107,0--7653,1
3108,1--60977,1
3108,1--62558,1
3109,0--86526,1
3110,1--4384,8
3111,0--8114,3
3112,0--8128,4
3113,0--9996484,1
3114,1--57110,1
3115,1--62288,1
3116,0--935821,1
3117,1--4549,7
3117,1--4027,6
3118,0--9766372,1
3119,1--4549,4
3120,0--9931977,1
3121,0--8069,2
3121,1--4027,3
3122,0--8069,1
3122,0--7063,1
3123,1--4549,2
3124,1--4027,2
3125,1--4351,1
3125,1--4549,1
3125,1--4027,1
3126,0--420,2
3127,0--420,1
3128,1--4965,2
3129,1--61172,1
3130,0--913276,2
3131,1--60342,1
3132,1--62516,1
3133,0--9741028,1
3134,1--84715,2
3135,0--615,1
3136,1--5439,1
3137,0--7944,1
3138,0--942949,1
3139,1--387,1
3140,0--9963410,1
3140,1--938978,1
3141,0--9623114,1
3142,1--938545,1
3143,0--88312,1
3144,1--84953,1
3144,1--4237,1
3145,0--85765,1
3146,1--902741,1
3147,1--60988,1
3148,0--9622279,1
3149,1--62006,1
3150,0--665,2
3151,1--4384,1
3152,0--13,1
3153,1--4384,1
3154,1--5321,1
3155,0--9831411,1
3156,1--78284,2
3157,1--7187,1
3158,0--404,1
3159,0--421,1
3159,0--414,3
3160,0--414,1
3161,1--4924,1
3162,1--59955,1
3162,1--4621,1
3162,1--58173,1
3163,1--934041,1
3164,0--87398,1
3165,1--119,1
3166,0--9856030,1
3167,1--304,1
3168,0--907791,1
3169,0--12,1
3170,1--68286,1
3171,0--692,1
3172,1--4411,1
3172,0--567,11
3173,0--8125,1
3174,0--665,2
3175,1--4849,1
3176,0--690,1
3176,0--665,1
3177,1--60738,1
3178,1--940456,1
3179,1--85566,1
3180,1--5051,1
3181,0--426,1
3182,0--8008,3
3183,0--8008,1
3184,0--89852,3
3185,0--399,1
3186,0--615,1
3187,1--61765,1
3188,1--84976,1
3189,1--61566,2
3190,1--61566,1
3191,1--4822,7
3191,0--429,5
3191,1--351,8
3191,0--203,5
3191,0--415,13
3192,0--203,4
3193,1--138,1
3194,1--58979,1
3195,0--340,1
3196,1--55734,1
3196,1--4258,1
3196,0--7439,1
3197,1--4206,1
3198,0--8077,3
3199,0--8077,4
3200,0--8077,2
3201,0--8077,1
3202,0--9614574,1
3203,0--9640740,1
3204,1--4822,1
3205,1--4758,1
3206,0--906953,1
3207,1--84583,1
3208,0--7636,1
3208,1--4965,1
3209,1--4399,5
3209,0--87722,1
3210,0--89815,1
3211,0--9822695,1
3212,0--692,1
3213,3--96171,2
3213,3--8327,1
3214,3--96171,1
3215,1--62349,1
3216,0--904047,1
3217,1--930789,1
3218,0--500,21
3219,0--500,3
3220,1--944602,1
3221,1--315,1
3222,1--55936,2
3223,1--946020,1
3224,1--890348,1
3225,0--8356,1
3226,1--4838,1
3227,1--910198,1
3228,1--4778,1
3229,1--250,4
3229,1--4668,1
3230,1--250,3
3231,0--9963884,1
3232,0--7277,1
3233,0--7180,1
3234,0--7277,2
3235,0--314,1
3236,1--59413,1
3237,0--414,1
3238,0--324,3
3239,0--534,1
3239,0--495,1
3240,0--314,1
3241,0--9857947,1
3242,1--4711,1
3242,1--4084,3
3242,1--4104,21
3243,0--7862,6
3243,0--89621,3
3243,1--4328,3
3243,1--4104,19
3244,1--4104,1
3244,1--4328,1
3245,1--84782,3
3245,0--7089,33
3245,1--84395,1
3245,1--4448,17
3246,1--4448,1
3247,0--00,1
3247,0--7225,1
3248,1--5087,1
3249,0--517,1
3249,1--4000,1
3250,1--56025,1
3251,1--78325,1
3252,1--68010,2
3253,0--9935471,1
3254,0--943920,1
3255,1--61893,1
3256,1--61893,1
3257,0--8487,1
3257,1--68330,1
3258,0--8094,2
3259,0--665,1
3260,0--8129,1
3261,0--8050,1
3262,0--9929309,1
3263,1--906994,1
3264,1--78909,1
3265,0--9766405,1
3266,1--59264,1
3267,0--9908741,1
3268,1--59961,1
3268,1--59182,2
3268,1--59816,1
3268,0--06,1
3269,1--63215,1
3270,0--312,1
3270,0--7653,4
3270,0--8125,1
3271,1--905968,1
3272,0--7180,1
3273,1--5370,1
3274,1--60309,2
3275,1--60309,1
3276,0--7653,10
3276,0--8125,11
3277,0--312,1
3278,1--4668,1
3279,1--4299,1
3280,1--891662,1
3281,1--4711,1
3281,0--7432,2
3282,1--4391,1
3283,1--878461,1
3284,1--61811,1
3285,1--926890,1
3286,0--943955,1
3287,1--4269,1
3288,1--4669,1
3289,0--692,1
3290,3--03785,1
3291,0--7658,2
3292,0--7658,1
3292,1--4128,3
3293,0--440,1
3294,0--309,7
3295,1--4091,1
3296,0--907812,1
3297,0--692,1
3298,1--941007,1
3299,1--60078,1
3299,1--62937,1
3300,1--62362,1
3301,0--8167,1
3302,0--8167,1
3303,0--665,1
3304,0--440,7
3305,0--440,1
3306,1--56076,1
3307,0--944276,1
3308,1--59784,1
3309,0--88776,1
3310,1--61852,1
3311,0--9908556,1
3312,0--606,2
3313,0--917612,1
3314,0--8048,7
3315,0--8048,1
3315,4--8053,1
3315,1--4629,1
3316,0--8057,1
3317,1--62785,1
3318,1--934907,1
3319,1--59922,1
3320,0--9929855,1
3321,0--8467,1
3322,0--9763895,1
3323,1--5098,1
3324,1--931883,1
3325,1--4778,1
3325,1--5039,1
3326,0--8423,4
3327,0--8423,3
3328,1--4143,1
3329,1--4405,1
3330,0--8357,1
3331,1--4927,1
3332,0--88701,1
3333,1--4927,1
3334,1--4921,1
3335,90--429,1
3336,3--548,1
3337,0--7089,21
3337,0--85456,5
3337,1--4448,1
3338,1--61243,2
3339,0--496,1
3339,1--109,1
3340,0--612,1
3341,1--248,1
3342,1--321,1
3342,1--124,1
3343,607--9093,1
3344,1--936268,1
3345,1--910500,1
3346,0--89714,1
3346,92--1,3
3347,1--63214,1
3348,92--1,2
3349,0--85781,2
3350,0--665,1
3351,1--933346,1
3352,0--692,1
3353,0--7893,1
3354,607--607,1
3355,958--761,1
3356,0--89940,1
3357,0--8173,2
3358,0--8173,3
3359,1--61075,2
3360,0--520,1
3361,1--321,1
3362,0--520,27
3363,1--321,3
3363,1--339,2
3363,1--303,3
3363,0--355,2
3364,1--321,1
3365,0--226,45
3366,0--9980500,1
3367,0--87413,1
3368,0--8203,2
3369,0--8203,1
3370,0--252,3
3371,0--87414,1
3372,1--55849,1
3372,1--61376,1
3373,1--929280,1
3374,0--472,8
3375,1--4529,1
3375,1--4426,1
3375,0--8166,2
3376,0--8032,5
3376,1--61234,1
3377,0--87417,1
3378,1--58465,1
3379,0--8263,8
3380,0--8078,2
3381,1--4696,1
3382,0--268,5
3383,0--8061,1
3384,1--5128,2
3384,0--8122,11
3385,0--8229,15
3385,1--4625,1
3386,1--58046,4
3387,1--61117,2
3388,0--292,3
3389,1--4426,26
3389,1--4875,3
3390,0--8139,1
3391,1--78316,1
3392,0--295,5
3393,0--299,3
3393,1--322,1
3394,0--8391,1
3395,0--7618,1
3395,0--8191,1
3396,1--60732,3
3397,0--8130,3
3398,0--7006,1
3399,0--8131,9
3400,1--62674,2
3401,1--61360,1
3402,0--04,1
3403,1--55655,1
3404,0--531,1
3405,1--62286,2
3406,1--62286,1
3407,1--5440,1
3408,0--87766,3
3409,0--87766,2
3410,1--63038,1
3411,1--911331,1
3411,1--911583,1
3412,1--4095,2
3412,1--4749,2
3413,0--7460,1
3414,0--7945,3
3415,0--945192,1
3416,0--936331,1
3417,0--87421,1
3418,0--575,4
3419,1--936574,1
3420,1--886566,1
3421,1--85458,1
3422,1--68215,1
3423,0--442,7
3424,0--442,2
3425,3--525,2
3426,1--60042,1
3427,1--59315,1
3427,1--84386,2
3428,0--533,1
3429,0--87481,1
3430,1--84584,1
3431,0--905092,1
3432,3--86335,1
3433,1--62273,2
3434,0--9762743,1
3435,0--9578003,1
3436,83--7656,1
3437,0--09,1
3437,1--78663,4
3437,1--78478,1
3437,1--78168,2
3438,1--85984,1
3439,1--942993,1
3440,1--941220,1
3440,1--942993,1
3441,1--4012,1
3442,0--575,1
3443,0--89693,1
3444,0--575,1
3445,0--670,8
3445,0--14,3
3445,0--425,1
3445,0--517,1
3445,0--399,1
3445,0--451,1
3446,0--14,1
3447,0--525,1
3448,0--670,2
3449,0--679,1
3450,0--9858169,1
3451,0--09,7
3451,1--78470,2
3451,0--224,1
3451,0--394,10
3451,1--4000,1
3451,1--101,3
3452,0--09,3
3452,0--307,2
3452,0--375,3
3452,0--394,9
3453,1--101,1
3454,0--8041,1
3454,1--101,1
3455,0--9883680,1
3456,0--9802385,1
3457,1--85381,1
3457,1--84408,2
3458,0--86068,1
3459,1--4965,1
3459,1--945572,1
3460,0--7535,1
3461,1--61404,1
3462,1--57859,1
3463,0--446,1
3464,0--9665233,1
3465,1--68005,2
3466,1--68066,1
3467,1--59116,5
3467,1--4215,30
3468,1--59116,1
3468,1--56931,1
3469,1--4215,1
3470,1--59116,3
3470,1--4215,27
3470,1--56931,1
3471,1--9747,1
3471,1--4215,7
3472,0--13,2
3473,0--7294,2
3474,0--8028,3
3475,1--4557,1
3476,0--665,1
3477,0--665,1
3478,3--11,5
3479,0--491,2
3479,0--352,3
3480,1--4292,1
3481,0--665,1
3482,0--910704,1
3483,0--688,1
3484,0--7180,1
3485,0--665,1
3486,0--393,18
3487,0--393,11
3488,0--393,9
3489,0--393,1
3490,0--8018,1
3491,1--60732,2
3491,1--60235,1
3492,0--534,2
3493,0--618,1
3493,1--133,2
3493,1--111,1
3494,1--74305,1
3494,1--86254,1
3495,0--8027,6
3495,0--7445,4
3496,0--8027,2
3497,1--4063,7
3497,0--7445,2
3498,1--4063,2
3499,1--4104,1
3500,1--932225,1
3501,0--231,2
3502,1--59992,2
3503,3--11,4
3504,3--11,2
3505,1--60058,1
3506,1--56010,1
3507,0--671,1
3508,0--7063,2
3509,0--9787355,1
3510,0--446,13
3511,0--7394,1
3511,0--446,11
3511,0--7088,1
3511,0--88103,1
3511,0--7515,1
3512,0--446,1
3513,0--9894814,1
3514,0--9913718,1
3515,0--531,2
3516,1--4516,1
3516,0--7434,1
3516,0--671,2
3517,1--84339,1
3517,1--78040,1
3518,0--918334,1
3519,1--57856,2
3520,0--9676197,1
3521,1--64263,1
3522,0--8167,1
3523,0--8230,4
3524,0--8230,2
3525,0--88133,4
3525,1--57766,3
3526,1--4786,1
3527,0--85340,1
3527,0--85078,1
3527,1--5263,4
3527,0--7502,3
3528,0--8143,2
3529,0--07,1
3530,1--84188,1
3530,0--297,5
3530,1--4746,2
3531,1--78696,1
3532,1--78342,1
3533,0--615,1
3534,0--9656353,1
3535,1--58741,1
3536,0--8195,1
3537,1--63459,1
3538,1--64020,2
3538,1--68328,1
3538,0--314,1
3539,1--940425,1
3539,1--935978,1
3540,0--307,3
3541,0--87424,1
3542,0--307,2
3543,0--615,1
3544,1--61164,2
3544,0--664,1
3545,1--61164,1
3546,0--689,1
3547,1--63391,1
3548,0--8133,4
3549,0--8133,1
3550,1--881390,1
3551,1--59722,1
3552,1--4104,3
3552,0--399,1
3553,1--58724,1
3553,1--4104,2
3554,1--893672,1
3555,3--86335,1
3556,0--7274,1
3557,0--9910436,1
3558,1--4738,1
3559,1--939023,1
3560,0--9799255,1
3561,1--61720,1
3562,0--8095,2
3563,0--7045,1
3564,1--118,78
3564,1--119,38
3564,0--471,37
3564,1--4051,4
3564,0--470,17
3565,0--665,1
3566,0--471,14
3567,1--119,8
3567,1--57331,1
3567,1--4443,5
3567,0--470,2
3567,1--4051,3
3567,1--118,16
3568,1--119,1
3569,1--118,1
3570,1--118,1
3570,0--471,2
3571,0--470,1
3572,1--118,1
3573,1--118,1
3574,0--226,1
3575,0--434,1
3576,1--68285,1
3577,0--323,1
3578,0--8028,1
3579,0--00,1
3580,0--8215,1
3581,1--4831,2
3582,1--4831,1
3583,0--06,18
3584,0--06,3
3585,0--683,4
3586,0--683,1
3587,0--7884,1
3588,0--9632705,1
3589,0--912696,1
3590,1--884158,1
3591,1--911188,1
3592,1--4777,1
3592,1--4994,1
3592,1--61533,1
3593,0--7540,1
3594,1--4084,1
3595,1--55817,1
3596,0--517,1
3597,1--874581,1
3598,1--57910,1
3598,1--5326,2
3598,1--4982,2
3599,1--60899,1
3599,1--4982,1
3600,0--692,1
3601,0--86171,1
3602,1--940014,1
3603,1--4408,1
3603,0--06,2
3604,1--944229,1
3604,1--938067,1
3605,0--9503454,1
3606,1--4698,5
3606,1--5438,1
3606,1--4548,2
3606,1--4963,1
3606,1--4511,6
3607,0--8080,1
3608,1--4511,3
3609,0--9673983,1
3610,0--7043,1
3611,0--89703,1
3612,1--873203,1
3613,0--85709,4
3614,0--85709,3
3614,1--78242,3
3614,1--907184,1
3614,0--08,1
3615,0--917627,1
3616,0--9661585,1
3617,0--85009,1
3618,0--915380,1
3618,1--944585,1
3619,1--61475,1
3620,1--85326,1
3621,1--4648,6
3621,0--8213,6
3621,0--585,1
3622,1--4648,2
3622,92--870,1
3623,1--4648,1
3624,0--7166,3
3625,0--7166,1
3626,1--941480,1
3627,1--925278,1
3628,981--4415,1
3628,981--4596,1
3628,981--4583,1
3628,981--4612,1
3628,981--323,1
3628,981--4689,1
3628,981--270,1
3628,981--4602,3
3628,981--4472,1
3628,981--4329,1
3628,981--310,1
3628,981--4503,1
3628,981--4522,1
3628,981--4616,1
3628,981--02,1
3628,981--4696,1
3628,981--4449,1
3628,981--4508,1
3628,981--4355,1
3628,981--4619,1
3628,981--4719,1
3628,981--4618,1
3628,981--4641,2
3629,981--4602,1
3630,981--4733,1
3631,981--314,1
3632,1--60780,10
3633,0--437,1
3634,1--62549,1
3635,1--936376,1
3636,0--373,5
3637,0--87901,1
3638,1--55911,2
3638,1--55624,2
3639,1--935904,1
3640,0--615,1
3641,1--118,2
3642,1--86100,2
3643,1--942247,1
3644,1--9845,3
3644,1--5245,1
3644,0--7388,1
3645,1--4363,1
3645,1--4500,1
3645,1--4010,1
3646,1--4931,1
3646,1--4836,1
3646,1--4990,1
3647,1--5456,1
3648,1--936649,1
3649,0--300,1
3650,0--300,14
3651,0--938692,1
3652,0--9647169,1
3653,0--87062,1
3654,0--8151,1
3655,0--440,4
3656,1--4998,1
3657,1--4736,1
3658,0--316,1
3658,1--9753,1
3659,0--316,6
3659,1--9753,2
3660,0--316,1
3660,1--9753,1
3661,0--9729427,1
3662,1--930238,1
3663,0--9960894,1
3664,1--62088,1
3665,1--7271,1
3666,1--78576,2
3667,1--78576,1
3668,0--8468,1
3668,1--4201,6
3669,1--4201,4
3670,1--85649,1
3670,0--86232,1
3670,1--78032,3
3671,1--78699,1
3672,1--5173,1
3673,0--7603,1
3673,1--939581,1
3674,1--78279,1
3674,1--84694,1
3674,1--78099,1
3675,1--84089,1
3676,1--921731,1
3677,0--262,1
3678,0--310,1
3679,0--310,4
3680,0--310,5
3681,0--310,1
3682,0--310,1
962,322,1
2529,1287,1
1638,3275,1
1117,1115,1
1095,1098,1