"id","isbn"
0,"0--9834486"
1,"1--63235"
2,"89--5592"
3,"1--365"
4,"88--7439"
5,"88--7439"
6,"1--78099"
7,"1--940772"
8,"0--89579"
9,"0--7136"
9,"0--397"
10,"0--7503"
11,"0--7407"
12,"0--665"
13,"0--665"
14,"0--7190"
15,"0--87604"
16,"0--498"
17,"1--4276"
18,"1--62722"
19,"0--349"
20,"1--55859"
21,"1--938763"
22,"1--4408"
22,"1--61069"
22,"0--87436"
22,"1--322"
23,"1--56239"
24,"1--62970"
24,"1--64185"
24,"1--68080"
24,"1--5321"
25,"1--5321"
26,"1--62403"
26,"1--61714"
27,"0--200"
28,"1--4267"
29,"1--77349"
30,"0--8109"
31,"1--4197"
31,"1--61312"
32,"1--4832"
32,"0--12"
33,"1--4832"
33,"0--12"
34,"1--61811"
35,"0--89733"
36,"0--89733"
37,"1--57939"
38,"1--937007"
38,"0--441"
39,"0--441"
40,"1--4503"
41,"1--58113"
41,"0--89791"
42,"0--8478"
43,"1--945150"
44,"1--56698"
45,"0--900575"
46,"1--63229"
47,"0--7136"
48,"0--85274"
49,"1--4405"
50,"1--943886"
51,"0--321"
52,"0--321"
52,"0--201"
53,"0--201"
54,"0--9622558"
55,"0--321"
56,"0--321"
56,"0--201"
56,"0--13"
57,"1--909112"
58,"607--618"
59,"1--59193"
60,"0--934860"
61,"0--911655"
62,"1--911597"
63,"1--935002"
64,"0--87586"
65,"0--9861672"
66,"1--58426"
67,"0--321"
68,"0--692"
69,"1--56396"
70,"0--7354"
71,"0--9991953"
72,"1--61775"
73,"0--910034"
74,"1--5364"
74,"1--4242"
74,"1--4301"
74,"1--4424"
74,"1--4814"
74,"0--329"
75,"1--4352"
75,"0--689"
75,"0--88103"
75,"0--02"
76,"1--4352"
76,"1--4169"
76,"0--689"
76,"1--4287"
76,"0--8335"
76,"1--4177"
76,"0--88103"
76,"0--439"
76,"1--4131"
76,"0--7569"
76,"0--329"
76,"0--02"
77,"1--4814"
78,"0--9842883"
79,"1--4937"
80,"0--8451"
81,"0--8075"
81,"1--4806"
82,"0--916856"
83,"0--88200"
84,"0--86604"
85,"1--941999"
86,"1--101"
86,"0--679"
86,"0--345"
86,"0--525"
86,"1--5247"
86,"0--385"
86,"0--307"
87,"1--61620"
88,"0--87586"
89,"1--4071"
90,"0--692"
91,"0--9829430"
92,"0--04"
92,"1--925266"
92,"1--74343"
92,"1--76063"
92,"1--76011"
93,"1--84614"
94,"0--7490"
95,"0--205"
96,"1--78332"
97,"0--88168"
98,"1--882483"
99,"1--901435"
100,"1--4422"
100,"0--7591"
101,"1--64152"
102,"0--935901"
103,"1--59350"
104,"0--8144"
105,"0--8144"
106,"0--7614"
107,"1--4209"
108,"1--4778"
109,"0--912146"
110,"1--5300"
111,"0--8488"
112,"1--4819"
113,"1--56389"
114,"1--61002"
115,"1--56051"
116,"0--252"
117,"1--61438"
118,"1--59031"
119,"0--470"
120,"0--88318"
120,"0--8412"
121,"0--913312"
122,"1--886775"
123,"1--60958"
124,"1--68337"
125,"1--5221"
126,"0--939450"
127,"0--86612"
128,"1--57165"
129,"1--943546"
130,"0--7354"
130,"1--56396"
131,"0--8389"
132,"0--8144"
133,"0--8218"
134,"1--4704"
134,"0--8218"
135,"0--89970"
136,"1--947800"
137,"0--87169"
138,"0--88048"
139,"0--89042"
140,"1--58562"
141,"1--58562"
142,"1--4338"
143,"0--918676"
144,"0--89118"
145,"0--7844"
145,"1--63266"
146,"1--58528"
147,"1--943751"
148,"1--339"
149,"0--9712945"
150,"0--89957"
151,"1--943208"
152,"1--68203"
153,"1--60753"
154,"1--60753"
155,"0--323"
156,"1--62326"
157,"0--300"
158,"0--9962525"
159,"1--947002"
160,"0--404"
161,"1--4197"
162,"0--385"
162,"0--345"
162,"0--307"
162,"0--679"
163,"0--9658392"
164,"0--393"
164,"0--7136"
165,"0--9910476"
166,"1--84939"
166,"1--78344"
166,"0--86264"
167,"1--4494"
167,"1--4156"
167,"0--7407"
168,"1--84540"
169,"0--9711950"
170,"1--911007"
171,"0--9861489"
172,"0--615"
173,"0--250"
174,"1--55451"
175,"1--78308"
176,"0--902028"
177,"1--936482"
178,"0--7495"
178,"981--234"
179,"0--87553"
180,"1--948062"
181,"1--4950"
182,"1--84543"
183,"1--4665"
183,"1--315"
183,"1--77188"
184,"1--4822"
184,"1--926895"
184,"1--77188"
185,"1--4302"
185,"1--4842"
186,"0--87795"
186,"0--575"
187,"1--55970"
187,"1--62872"
188,"1--4671"
189,"1--4073"
190,"1--78491"
191,"1--879035"
192,"1--68255"
193,"0--208"
194,"0--671"
195,"0--668"
196,"0--19"
196,"1--84193"
197,"1--78404"
198,"0--88233"
199,"2--503"
199,"0--86698"
200,"1--56287"
201,"0--405"
202,"3--86335"
203,"0--09"
204,"0--09"
205,"0--910158"
206,"0--9740635"
207,"0--934770"
208,"1--60807"
208,"1--63081"
209,"0--545"
210,"0--9954827"
211,"0--9835723"
212,"1--4166"
213,"0--7277"
214,"1--282"
214,"1--4724"
214,"1--306"
214,"1--322"
214,"1--4094"
214,"1--85928"
214,"0--7546"
215,"1--4724"
216,"1--4724"
217,"1--4724"
218,"0--87170"
219,"1--68367"
220,"0--7918"
221,"0--87189"
222,"0--87389"
223,"0--930011"
224,"0--942920"
225,"1--61738"
225,"1--58113"
225,"0--201"
225,"1--4503"
226,"0--915552"
227,"0--9707890"
228,"1--57020"
229,"1--59407"
230,"1--61428"
230,"2--84323"
231,"0--946627"
232,"1--62135"
233,"1--107"
234,"1--60728"
235,"1--4814"
236,"0--689"
237,"1--4169"
237,"0--689"
237,"1--4424"
237,"1--4814"
237,"0--8335"
238,"0--85789"
239,"1--61977"
240,"0--87113"
240,"0--8021"
241,"1--60138"
242,"0--7432"
242,"1--9821"
242,"1--4391"
242,"1--4767"
242,"1--5011"
243,"1--4767"
244,"0--9897773"
245,"1--5108"
246,"1--893699"
247,"1--4458"
248,"1--4458"
249,"0--9566452"
250,"1--63439"
251,"1--921962"
252,"1--76054"
253,"1--76033"
254,"1--76046"
255,"1--85078"
256,"1--9845"
257,"1--4259"
257,"1--4772"
257,"1--4918"
257,"1--4817"
258,"1--4898"
258,"1--62127"
258,"1--4896"
259,"1--61238"
259,"1--59880"
260,"0--932212"
261,"1--892384"
262,"1--56027"
263,"1--61954"
264,"0--380"
264,"0--606"
265,"0--380"
265,"0--06"
266,"0--380"
267,"1--4896"
268,"1--84135"
269,"1--4260"
270,"1--883725"
271,"1--885813"
272,"1--4336"
273,"0--631"
273,"1--55786"
274,"0--86054"
275,"0--7134"
276,"0--7134"
277,"0--87930"
278,"0--7607"
279,"0--7607"
280,"0--615"
281,"0--7434"
282,"0--671"
283,"0--8010"
284,"0--8010"
285,"0--8010"
286,"1--4525"
287,"0--449"
287,"0--345"
288,"0--345"
288,"0--8335"
288,"0--449"
288,"0--312"
288,"0--307"
289,"0--345"
290,"0--88410"
291,"1--4336"
292,"0--85151"
293,"0--553"
293,"0--440"
293,"0--87129"
293,"3--453"
293,"0--7181"
294,"0--01"
294,"0--553"
294,"0--8041"
294,"1--299"
294,"0--613"
294,"0--88103"
294,"0--329"
295,"0--345"
296,"0--553"
297,"0--307"
297,"0--553"
298,"0--440"
298,"0--329"
299,"0--440"
299,"1--299"
300,"1--885167"
301,"1--78285"
301,"1--84686"
301,"1--905236"
302,"0--7607"
302,"1--56619"
302,"0--06"
303,"0--7607"
303,"0--06"
303,"0--389"
304,"0--86611"
305,"1--78112"
306,"0--8120"
306,"0--7641"
307,"1--4380"
307,"0--7641"
308,"0--7641"
309,"1--4380"
310,"1--5416"
310,"0--465"
311,"0--89676"
311,"0--7134"
312,"0--900913"
313,"1--932792"
314,"0--7540"
314,"1--4084"
314,"1--4056"
315,"1--4084"
316,"1--84990"
316,"0--563"
317,"0--692"
318,"0--8341"
319,"0--8341"
320,"0--8070"
321,"0--665"
322,"1--5197"
323,"1--937508"
324,"1--62933"
325,"1--68402"
325,"1--62724"
326,"0--9842951"
327,"1--7323421"
328,"0--88322"
329,"1--57490"
330,"0--674"
331,"1--61194"
332,"1--936878"
333,"1--62617"
333,"0--531"
334,"1--62617"
334,"0--531"
335,"1--939529"
335,"1--941631"
335,"1--937856"
336,"1--4509"
337,"0--87502"
338,"0--393"
338,"0--510"
339,"1--84788"
339,"0--85785"
340,"1--84788"
340,"0--85785"
341,"1--78238"
341,"1--78533"
342,"1--78238"
342,"1--84545"
342,"1--78533"
343,"0--441"
344,"0--87639"
345,"0--425"
345,"0--671"
346,"0--425"
346,"1--61793"
347,"0--425"
348,"0--441"
348,"0--399"
349,"0--425"
350,"0--425"
351,"0--425"
351,"0--441"
351,"0--515"
352,"1--935902"
353,"1--4596"
354,"1--58314"
355,"0--9961136"
356,"0--7642"
356,"1--61664"
357,"0--7642"
358,"1--5025"
359,"1--84457"
360,"0--12"
361,"1--4336"
362,"0--564"
363,"1--4375"
364,"1--113"
365,"0--692"
366,"1--921790"
367,"0--9927344"
368,"1--937548"
369,"1--85627"
370,"0--203"
371,"3--7643"
372,"0--8176"
372,"3--7643"
373,"0--943994"
374,"0--910240"
375,"1--78590"
376,"1--78590"
377,"0--9993290"
378,"0--7481"
379,"0--933121"
380,"1--84970"
381,"1--61876"
382,"0--7166"
383,"0--9964001"
384,"1--68433"
385,"0--87685"
386,"0--552"
387,"0--9856122"
388,"0--85640"
389,"1--4332"
390,"0--631"
390,"0--632"
390,"1--55786"
391,"0--470"
392,"0--7137"
393,"0--9883214"
394,"1--62040"
394,"1--4742"
394,"1--63286"
394,"1--4725"
394,"1--4088"
394,"0--7475"
394,"1--4411"
394,"1--4729"
394,"0--8264"
394,"0--567"
394,"1--60819"
394,"1--4081"
394,"1--59691"
394,"1--78093"
394,"1--350"
395,"1--4725"
395,"1--62892"
395,"1--4411"
395,"1--283"
395,"1--306"
395,"1--5013"
395,"1--336"
395,"1--84966"
395,"1--4742"
395,"1--78093"
395,"1--350"
396,"1--4411"
396,"1--4725"
397,"1--870630"
398,"1--68119"
398,"1--4088"
399,"1--4729"
400,"1--4742"
400,"1--4725"
401,"1--60819"
402,"1--5266"
402,"1--59691"
403,"1--4985"
403,"1--350"
403,"1--4088"
404,"1--4729"
405,"0--567"
406,"1--4725"
406,"1--350"
407,"1--934706"
408,"0--14"
409,"1--944515"
410,"0--912652"
411,"0--672"
412,"0--370"
412,"1--84792"
413,"0--86516"
414,"1--62639"
415,"1--5232"
416,"1--59955"
417,"1--7906"
418,"1--56625"
419,"1--912575"
419,"1--910878"
420,"1--4835"
421,"1--61984"
422,"0--8369"
423,"0--317"
423,"3--8334"
424,"1--4392"
425,"1--4392"
426,"0--531"
427,"0--245"
428,"1--5141"
429,"0--89370"
429,"0--88496"
430,"1--911145"
431,"1--892850"
432,"1--57297"
433,"0--7537"
434,"0--665"
435,"1--910126"
435,"1--907967"
436,"0--8395"
437,"1--84615"
438,"1--934490"
439,"1--4727"
439,"1--4453"
440,"1--85891"
441,"0--87888"
442,"0--8283"
443,"1--941298"
444,"1--85753"
445,"0--8369"
446,"1--5076"
447,"0--914327"
448,"1--9739"
449,"0--87178"
450,"0--8425"
451,"1--933979"
452,"1--61961"
453,"90--04"
454,"90--04"
455,"90--04"
456,"1--4558"
457,"0--7156"
457,"0--906515"
458,"1--62513"
459,"1--4073"
460,"0--563"
461,"0--7141"
462,"0--580"
463,"1--5086"
464,"0--9614640"
465,"0--931181"
466,"0--307"
467,"0--8157"
468,"1--874409"
469,"1--941415"
470,"0--9798697"
471,"1--56849"
472,"1--62031"
473,"1--57018"
474,"0--9863707"
475,"1--351"
475,"1--78676"
476,"1--55645"
477,"1--60649"
477,"1--947441"
478,"1--5225"
479,"1--78055"
480,"0--08"
480,"0--7506"
481,"1--4831"
482,"1--4831"
483,"0--9891462"
484,"1--61294"
485,"1--60705"
486,"1--61745"
487,"0--7735"
488,"0--665"
488,"0--684"
489,"0--665"
490,"1--4776"
491,"1--78064"
492,"1--78639"
492,"1--84593"
492,"1--78924"
492,"1--78064"
493,"1--86011"
494,"0--912714"
495,"0--8010"
496,"1--903499"
497,"1--139"
497,"1--316"
498,"1--4438"
498,"1--5275"
499,"1--904868"
500,"1--316"
500,"0--511"
500,"1--283"
500,"1--322"
500,"1--107"
500,"1--139"
500,"1--108"
500,"1--5108"
500,"0--521"
501,"1--57113"
502,"1--929919"
503,"0--901615"
504,"0--7735"
505,"0--9627423"
506,"0--7636"
507,"0--7636"
507,"1--4287"
507,"1--4395"
507,"1--4177"
507,"1--56402"
507,"0--329"
508,"1--936196"
509,"958--8296"
510,"1--84195"
511,"1--68410"
512,"1--84825"
513,"0--224"
514,"1--4846"
514,"1--9771"
515,"0--7368"
516,"1--4296"
517,"1--68436"
518,"0--9826472"
519,"1--60163"
520,"0--911744"
521,"1--300"
522,"0--665"
523,"1--85868"
524,"1--78097"
525,"1--78097"
525,"1--78312"
526,"0--915604"
527,"0--8065"
527,"0--8184"
528,"0--89089"
528,"1--59460"
528,"1--61163"
529,"1--908211"
530,"0--7867"
530,"0--88184"
531,"0--88184"
532,"0--88184"
533,"1--62442"
534,"1--5326"
534,"1--4982"
535,"1--61200"
536,"1--78570"
536,"1--61200"
537,"1--911115"
538,"0--304"
539,"1--78840"
540,"607--463"
541,"0--86178"
542,"0--8132"
543,"0--8132"
544,"0--932790"
545,"1--5026"
545,"1--62712"
546,"1--5026"
547,"0--944052"
548,"0--9849609"
549,"0--9882544"
550,"0--89087"
551,"1--58767"
552,"1--337"
553,"1--4354"
553,"1--305"
553,"1--4737"
553,"1--337"
553,"1--133"
553,"1--285"
553,"1--111"
554,"0--17"
555,"1--305"
556,"0--9546041"
557,"0--9729943"
558,"0--9785508"
559,"1--61782"
560,"0--8191"
561,"1--4422"
562,"1--58547"
563,"1--64358"
563,"1--62899"
563,"1--61173"
563,"1--68324"
564,"1--60285"
565,"1--61173"
566,"0--941846"
567,"0--8272"
568,"0--85514"
569,"1--85152"
570,"1--78063"
570,"1--84334"
571,"1--84541"
572,"1--84541"
573,"0--225"
574,"94--009"
574,"0--412"
575,"0--9897432"
576,"1--5005"
577,"1--58089"
577,"1--5364"
578,"1--4448"
578,"0--7089"
579,"0--7858"
580,"0--911860"
581,"0--7011"
582,"1--5321"
583,"1--85623"
584,"1--4381"
585,"0--7910"
585,"1--4381"
586,"0--12"
587,"1--63471"
587,"1--62431"
588,"1--84234"
589,"1--84234"
590,"0--9903862"
591,"1--56976"
592,"1--61373"
593,"1--59192"
594,"1--61159"
595,"1--84643"
596,"0--913778"
596,"1--59296"
596,"1--60253"
596,"1--5038"
597,"0--89239"
597,"1--4517"
598,"0--516"
599,"0--86220"
599,"0--7451"
599,"0--7540"
600,"0--85119"
600,"0--7838"
600,"1--55504"
600,"0--89340"
600,"0--07"
600,"0--7540"
600,"0--7451"
600,"0--7862"
600,"0--7927"
600,"0--85046"
600,"1--4056"
601,"1--9763"
602,"0--8158"
603,"1--5348"
604,"0--8118"
605,"1--4521"
606,"0--9501803"
607,"0--87148"
607,"1--59684"
608,"0--88404"
609,"0--7020"
609,"0--443"
610,"1--78249"
611,"1--60433"
612,"0--85732"
613,"1--84918"
614,"0--9990688"
615,"1--58720"
616,"0--87907"
617,"0--8065"
618,"0--8065"
619,"0--19"
620,"0--89919"
620,"0--547"
620,"0--380"
621,"1--4000"
622,"0--620"
623,"1--907127"
624,"1--60537"
625,"0--86283"
626,"1--61958"
627,"1--948418"
628,"0--8220"
629,"1--85109"
630,"1--4074"
631,"0--89287"
632,"2--240"
633,"1--891276"
634,"1--936113"
634,"1--62182"
635,"0--89145"
636,"1--59740"
637,"0--02"
638,"0--00"
638,"0--394"
638,"0--583"
638,"0--06"
638,"0--261"
638,"0--02"
638,"0--246"
639,"1--84340"
640,"0--380"
641,"0--692"
642,"0--910412"
643,"1--85833"
644,"0--231"
645,"0--665"
646,"0--910007"
647,"0--85198"
648,"1--84859"
649,"1--76010"
650,"1--57533"
651,"0--923907"
652,"1--57324"
653,"0--570"
654,"1--889609"
655,"1--4721"
656,"0--306"
657,"0--8092"
658,"1--5272"
659,"1--4411"
659,"1--85539"
659,"0--8264"
660,"1--4411"
660,"1--306"
661,"1--4411"
661,"1--283"
662,"1--891171"
663,"612--55"
664,"1--55659"
665,"0--552"
666,"0--552"
667,"0--552"
668,"1--78205"
668,"1--85918"
669,"0--8014"
670,"0--00"
670,"0--340"
671,"0--340"
672,"0--9847338"
673,"1--84901"
674,"0--8050"
675,"1--5063"
676,"0--8039"
677,"1--4912"
678,"1--60206"
679,"1--60206"
680,"0--86586"
681,"1--64009"
681,"1--58243"
681,"1--61902"
682,"1--68268"
683,"1--58450"
683,"1--59863"
684,"1--5244"
684,"1--59811"
685,"1--5244"
685,"1--68047"
686,"1--4833"
687,"1--4271"
687,"0--7787"
688,"1--4898"
688,"0--7787"
688,"1--4271"
689,"1--4200"
690,"1--4822"
690,"1--4665"
690,"1--5231"
690,"1--4724"
690,"1--4398"
690,"1--317"
690,"1--306"
690,"1--84569"
690,"1--351"
690,"1--315"
690,"0--8493"
690,"1--4987"
690,"1--138"
690,"1--4200"
690,"1--62870"
691,"1--4987"
692,"1--4665"
693,"1--121"
694,"1--5056"
694,"1--5031"
694,"1--4910"
694,"1--5169"
694,"1--5076"
694,"1--5309"
694,"1--5007"
694,"1--5173"
694,"1--5396"
694,"1--9795"
694,"1--4936"
694,"0--9888542"
694,"1--5227"
694,"1--4953"
694,"1--9764"
694,"1--4937"
694,"1--4825"
694,"1--4810"
694,"1--4905"
694,"1--5303"
694,"1--4912"
695,"1--4819"
695,"1--4750"
695,"1--4947"
695,"1--4774"
695,"1--4942"
695,"1--4679"
695,"1--4935"
695,"1--5214"
695,"1--5371"
695,"1--5005"
695,"1--4839"
696,"1--5088"
696,"1--5373"
696,"1--5446"
697,"1--62832"
697,"1--60818"
698,"1--880675"
699,"0--517"
700,"0--7858"
701,"1--4405"
702,"0--9791412"
703,"1--60144"
704,"1--62953"
705,"1--55859"
706,"0--89594"
707,"0--8245"
708,"0--8245"
709,"1--4335"
710,"0--690"
711,"1--5247"
711,"0--517"
712,"0--385"
713,"0--307"
714,"0--307"
715,"0--9904151"
716,"1--4974"
717,"1--5168"
718,"0--87707"
719,"1--876996"
720,"1--4422"
721,"1--57586"
722,"1--940430"
723,"1--78202"
724,"1--5108"
724,"1--61782"
725,"1--4956"
726,"0--665"
727,"0--385"
727,"1--84992"
728,"0--679"
729,"94--009"
730,"0--442"
731,"0--89191"
732,"1--84615"
733,"0--7382"
734,"0--306"
734,"1--59740"
734,"0--7382"
735,"0--9927318"
736,"1--85389"
737,"1--4037"
738,"1--870582"
739,"0--7613"
739,"1--4677"
740,"0--937762"
741,"1--5067"
742,"1--9797"
743,"1--58465"
744,"0--9861555"
745,"1--4463"
746,"1--910200"
747,"1--85346"
748,"1--9833"
749,"1--56792"
750,"1--941701"
751,"0--7564"
752,"0--7564"
753,"0--9605276"
754,"1--4012"
755,"1--56243"
756,"3--11"
756,"1--61451"
757,"1--61451"
758,"3--11"
759,"3--11"
760,"1--911095"
761,"1--906614"
762,"0--345"
762,"0--399"
763,"1--101"
763,"0--440"
763,"0--345"
763,"1--299"
763,"0--385"
764,"0--440"
764,"0--685"
765,"0--440"
766,"0--385"
766,"0--7857"
766,"0--307"
766,"0--679"
767,"0--385"
768,"1--62070"
769,"1--84084"
769,"0--7525"
770,"1--4404"
771,"0--460"
772,"0--517"
773,"0--924357"
773,"1--58667"
774,"0--615"
775,"1--60641"
775,"1--60907"
776,"0--87747"
776,"0--87579"
777,"0--7684"
778,"0--233"
779,"3--423"
780,"1--61003"
781,"1--911306"
781,"1--907893"
782,"0--06"
783,"0--913546"
784,"0--7352"
784,"0--8037"
785,"0--385"
785,"0--7394"
786,"1--4793"
787,"0--692"
788,"0--929239"
789,"1--4352"
789,"0--7868"
789,"1--4177"
790,"1--4847"
791,"1--59961"
792,"1--4847"
793,"1--4847"
794,"1--62681"
795,"1--4654"
796,"1--4654"
797,"1--4654"
797,"1--336"
798,"1--4575"
799,"1--61781"
800,"0--85105"
801,"0--7685"
802,"0--8439"
803,"0--8439"
804,"0--241"
804,"1--4053"
804,"1--86466"
804,"0--7894"
805,"0--241"
805,"0--86288"
806,"1--4809"
807,"0--8059"
808,"0--385"
809,"0--88899"
810,"0--486"
811,"0--486"
812,"0--486"
813,"0--486"
814,"1--935703"
815,"1--909293"
816,"0--385"
817,"0--8222"
818,"0--8222"
819,"0--9998170"
820,"1--64080"
820,"1--63216"
821,"0--9894202"
822,"0--7156"
823,"1--62011"
824,"0--8223"
824,"1--283"
825,"1--78046"
826,"1--947458"
827,"0--87690"
827,"0--451"
827,"0--525"
827,"1--4072"
828,"0--525"
829,"0--525"
829,"0--14"
830,"1--4718"
831,"1--60690"
831,"1--5241"
832,"0--419"
832,"0--665"
833,"0--19"
834,"80--7484"
835,"0--7592"
836,"0--7131"
837,"1--84720"
837,"1--84980"
837,"1--78347"
837,"1--78195"
837,"1--84844"
837,"1--84376"
837,"1--84542"
837,"0--85793"
837,"1--85898"
837,"1--78254"
837,"1--84064"
837,"1--78100"
838,"1--78347"
838,"1--78471"
838,"1--78536"
838,"1--84542"
838,"1--85278"
838,"1--84064"
838,"1--78100"
839,"0--7734"
840,"0--665"
841,"90--04"
842,"0--525"
843,"0--9993768"
844,"0--9851876"
845,"0--9628190"
846,"1--4107"
847,"1--317"
847,"0--203"
847,"1--138"
847,"1--84407"
848,"0--85692"
849,"0--939758"
850,"0--87985"
851,"1--58927"
852,"0--06"
853,"1--78552"
853,"1--910259"
854,"1--58086"
854,"1--60130"
854,"0--7945"
855,"1--55576"
856,"0--85224"
856,"1--306"
856,"1--299"
856,"0--7486"
856,"1--4744"
857,"0--9984877"
858,"85--328"
859,"0--7586"
860,"958--42"
861,"1--56063"
862,"958--738"
863,"1--5032"
864,"0--8388"
865,"0--8028"
866,"0--8028"
867,"1--4052"
868,"1--4052"
868,"1--78031"
869,"1--60684"
870,"1--57506"
871,"960--03"
872,"1--906011"
873,"1--939275"
874,"1--4052"
875,"1--943425"
876,"94--90947"
877,"0--85709"
878,"1--4199"
879,"1--4199"
880,"1--4199"
881,"1--4199"
882,"0--241"
883,"0--323"
883,"1--4377"
883,"0--444"
883,"0--85709"
883,"85--352"
883,"0--12"
883,"1--4557"
884,"0--12"
885,"0--7506"
886,"0--323"
887,"0--323"
887,"1--4557"
888,"0--444"
889,"0--444"
890,"0--375"
890,"0--14"
890,"1--4487"
891,"1--78441"
892,"1--78560"
893,"1--78714"
894,"1--78714"
895,"1--5086"
896,"1--5307"
897,"1--59270"
898,"1--9734"
899,"0--85229"
899,"7--00"
900,"0--85229"
901,"0--85083"
902,"0--443"
903,"0--340"
904,"0--7660"
905,"1--9785"
905,"0--7660"
906,"1--61308"
907,"1--61308"
908,"1--63459"
909,"0--380"
909,"0--06"
910,"0--692"
911,"1--68076"
912,"0--9913460"
913,"1--84553"
914,"0--911317"
915,"0--615"
916,"1--68078"
917,"1--77655"
918,"1--871891"
919,"0--9556887"
920,"0--941816"
921,"1--5121"
922,"1--55799"
923,"0--85234"
924,"0--460"
925,"1--909133"
926,"1--878972"
927,"1--4751"
928,"0--671"
929,"1--61519"
930,"0--682"
931,"0--9966649"
932,"1--908998"
932,"1--911335"
932,"1--912477"
933,"0--413"
934,"2--204"
935,"90--420"
936,"0--86187"
937,"0--7232"
938,"1--4451"
938,"0--7496"
938,"0--531"
939,"0--8036"
940,"0--8036"
941,"1--84617"
941,"1--84395"
941,"0--85617"
941,"1--4448"
941,"1--84782"
941,"0--7089"
941,"0--85456"
942,"1--4448"
942,"0--7089"
943,"0--7089"
944,"0--7089"
945,"0--88323"
946,"0--8007"
946,"0--665"
946,"1--4412"
947,"0--571"
947,"0--312"
948,"0--571"
948,"1--78283"
949,"1--78330"
950,"0--8160"
951,"0--87196"
952,"1--306"
952,"1--62788"
953,"1--5013"
953,"1--56367"
954,"1--61147"
955,"1--5460"
956,"1--300"
957,"0--7627"
958,"0--7627"
958,"1--4930"
959,"0--7507"
960,"0--7507"
961,"1--4403"
962,"0--9635306"
963,"1--60699"
964,"0--85236"
965,"0--374"
966,"0--449"
966,"0--399"
967,"0--449"
967,"0--679"
968,"0--449"
969,"0--449"
970,"0--449"
971,"0--449"
972,"0--8224"
973,"1--4729"
974,"0--665"
975,"1--78176"
976,"0--312"
976,"1--250"
977,"0--87306"
978,"1--933397"
979,"1--63194"
980,"1--936932"
980,"1--55861"
981,"1--55861"
982,"1--934200"
982,"1--78470"
983,"0--932511"
984,"1--84409"
985,"1--5030"
986,"1--62229"
987,"0--9914643"
988,"0--9728111"
989,"0--932379"
990,"1--878253"
991,"0--692"
992,"1--57958"
993,"1--886288"
994,"0--00"
995,"0--942226"
996,"0--939896"
997,"1--5196"
998,"1--136"
999,"1--64185"
999,"1--63517"
1000,"0--8041"
1000,"0--14"
1000,"1--101"
1001,"0--8414"
1002,"1--4552"
1003,"0--00"
1004,"1--78155"
1005,"1--119"
1006,"0--8232"
1007,"0--446"
1008,"1--4104"
1008,"0--7653"
1008,"0--8125"
1008,"1--250"
1009,"0--484"
1009,"1--330"
1009,"1--332"
1010,"0--8006"
1010,"1--4514"
1010,"1--5064"
1011,"0--88150"
1012,"0--85242"
1013,"1--59871"
1014,"1--85182"
1014,"1--84682"
1015,"1--84682"
1016,"0--9981144"
1017,"1--884800"
1018,"0--00"
1019,"1--84780"
1020,"0--9911027"
1021,"0--7432"
1021,"1--4767"
1021,"0--02"
1022,"1--63198"
1023,"0--692"
1024,"0--573"
1024,"0--05"
1025,"0--9679034"
1026,"0--9887225"
1027,"0--13"
1028,"1--9810"
1029,"1--5398"
1030,"1--78084"
1031,"1--78389"
1032,"1--78546"
1033,"0--415"
1033,"0--04"
1033,"0--203"
1033,"1--134"
1033,"1--138"
1034,"0--8076"
1035,"3--487"
1036,"0--7935"
1037,"3--13"
1038,"1--4104"
1038,"1--57072"
1038,"0--8161"
1039,"0--7838"
1039,"0--8161"
1040,"0--9623474"
1041,"0--425"
1041,"0--665"
1041,"0--399"
1041,"0--7394"
1042,"0--665"
1043,"0--900841"
1044,"1--4997"
1045,"0--88365"
1046,"1--4713"
1047,"1--4104"
1047,"1--4103"
1048,"1--4104"
1048,"1--59413"
1049,"1--4104"
1049,"1--59413"
1050,"0--8103"
1051,"1--56368"
1052,"1--944838"
1053,"0--907623"
1054,"1--5011"
1054,"0--8317"
1054,"1--4767"
1055,"1--59562"
1056,"0--9570269"
1057,"1--4718"
1058,"1--4898"
1058,"1--5263"
1058,"1--5382"
1058,"1--4824"
1059,"0--8240"
1060,"1--5077"
1061,"0--919155"
1062,"0--9613104"
1063,"0--89556"
1064,"0--665"
1065,"1--86089"
1066,"0--8063"
1067,"1--4997"
1068,"0--9614248"
1069,"0--665"
1070,"1--931397"
1071,"1--86239"
1072,"0--8137"
1073,"3--487"
1074,"1--62616"
1075,"0--934485"
1076,"1--9794"
1077,"1--107"
1078,"0--89236"
1078,"1--60606"
1079,"0--304"
1079,"1--57999"
1080,"1--4988"
1081,"1--4988"
1082,"0--7171"
1083,"0--7171"
1084,"1--58423"
1085,"0--665"
1086,"0--536"
1087,"0--02"
1088,"1--84611"
1089,"1--4930"
1090,"0--9971354"
1091,"0--375"
1092,"0--307"
1093,"0--307"
1094,"1--906897"
1095,"0--575"
1096,"1--68099"
1097,"1--60219"
1098,"1--910158"
1099,"1--56637"
1100,"1--63126"
1101,"1--888052"
1102,"2--88124"
1103,"2--88124"
1104,"1--4632"
1105,"0--88243"
1106,"1--59240"
1107,"1--59240"
1108,"0--665"
1109,"1--4724"
1110,"1--4724"
1111,"0--7627"
1112,"1--4995"
1113,"0--246"
1114,"0--586"
1115,"94--011"
1115,"1--85333"
1116,"94--011"
1117,"0--9961117"
1118,"0--517"
1119,"0--586"
1119,"0--246"
1120,"1--4555"
1121,"0--446"
1121,"1--5387"
1121,"1--4555"
1122,"1--4555"
1122,"1--68331"
1123,"1--85627"
1124,"0--547"
1125,"1--931241"
1126,"0--89066"
1127,"1--62755"
1128,"1--55597"
1129,"0--912910"
1130,"1--62634"
1131,"1--351"
1132,"1--910996"
1133,"0--06"
1133,"0--605"
1134,"0--313"
1134,"1--4408"
1135,"0--313"
1135,"0--8371"
1136,"0--86043"
1136,"0--8398"
1137,"0--9906098"
1138,"1--55905"
1139,"0--912516"
1140,"1--60583"
1141,"0--665"
1142,"1--5117"
1142,"0--692"
1143,"0--448"
1144,"0--448"
1145,"0--8021"
1145,"0--500"
1146,"0--8089"
1147,"1--5413"
1148,"0--578"
1149,"0--9617367"
1150,"1--60918"
1150,"1--4625"
1150,"0--89862"
1151,"1--4625"
1152,"0--12"
1153,"0--12"
1153,"0--7506"
1154,"0--08"
1155,"0--7451"
1156,"0--8050"
1157,"0--665"
1158,"0--665"
1159,"0--8109"
1160,"1--61925"
1161,"0--316"
1162,"1--4736"
1163,"1--4451"
1164,"1--60384"
1165,"1--62466"
1166,"0--7091"
1167,"1--60559"
1168,"0--600"
1169,"0--931539"
1170,"0--7362"
1171,"0--15"
1172,"0--613"
1172,"0--15"
1173,"0--15"
1174,"0--15"
1175,"1--290"
1176,"0--373"
1177,"0--9575949"
1178,"0--88295"
1179,"0--373"
1180,"0--373"
1180,"1--4268"
1181,"0--373"
1181,"1--335"
1182,"0--373"
1183,"1--335"
1184,"1--335"
1185,"0--373"
1186,"0--9865996"
1187,"0--517"
1188,"0--691"
1188,"1--4242"
1188,"0--665"
1188,"0--613"
1188,"0--06"
1188,"1--84724"
1188,"0--7538"
1189,"0--09"
1189,"0--06"
1190,"1--4000"
1190,"0--00"
1190,"0--380"
1190,"0--8124"
1190,"0--06"
1190,"0--688"
1190,"0--690"
1190,"0--330"
1191,"1--4242"
1191,"0--00"
1191,"0--06"
1191,"0--329"
1192,"0--06"
1193,"0--06"
1194,"0--06"
1195,"0--7587"
1195,"0--380"
1195,"1--4242"
1195,"0--06"
1195,"0--688"
1195,"1--4420"
1196,"0--00"
1197,"0--88730"
1198,"0--00"
1199,"0--00"
1200,"0--00"
1201,"0--06"
1201,"1--4806"
1201,"1--4844"
1202,"0--06"
1203,"0--06"
1204,"0--06"
1205,"0--06"
1206,"0--06"
1207,"0--00"
1208,"0--06"
1209,"0--385"
1209,"0--06"
1210,"0--245"
1210,"0--13"
1211,"2--8187"
1212,"0--85719"
1213,"1--57794"
1214,"0--8109"
1215,"1--84946"
1216,"1--84946"
1216,"1--5099"
1216,"1--78225"
1217,"1--62527"
1217,"1--63369"
1217,"1--4221"
1218,"1--63369"
1219,"1--55832"
1220,"1--61250"
1220,"1--934742"
1221,"0--674"
1222,"0--689"
1222,"0--674"
1222,"0--434"
1223,"0--7369"
1224,"0--7450"
1225,"1--909400"
1226,"1--909400"
1227,"1--86046"
1228,"3--7186"
1229,"0--9855433"
1230,"1--4019"
1231,"1--78180"
1232,"1--56830"
1233,"1--60846"
1234,"1--62092"
1235,"0--8019"
1236,"1--62092"
1237,"0--89486"
1238,"1--78185"
1238,"1--78854"
1239,"1--78669"
1240,"0--7472"
1241,"0--7553"
1242,"1--4722"
1243,"0--692"
1244,"1--56793"
1245,"0--7573"
1246,"0--9991034"
1247,"1--61837"
1248,"0--89346"
1249,"0--325"
1249,"0--370"
1249,"0--435"
1249,"0--434"
1250,"0--435"
1251,"0--435"
1252,"0--435"
1253,"1--4109"
1253,"1--4846"
1253,"1--4329"
1254,"0--534"
1255,"1--911512"
1255,"1--912174"
1256,"1--56563"
1257,"1--63511"
1258,"0--8050"
1258,"1--62779"
1259,"0--8098"
1260,"0--7884"
1261,"0--7884"
1262,"1--84309"
1263,"1--5369"
1264,"981--4412"
1265,"0--8090"
1266,"0--87052"
1267,"0--665"
1268,"1--4671"
1268,"1--62619"
1269,"88--7851"
1270,"1--4736"
1270,"0--340"
1271,"1--4736"
1271,"1--4711"
1271,"0--340"
1272,"1--4447"
1273,"0--297"
1273,"0--340"
1274,"1--4449"
1275,"1--4718"
1275,"1--4441"
1275,"1--5104"
1276,"0--340"
1277,"0--8041"
1278,"0--88937"
1279,"0--8234"
1280,"1--58640"
1281,"0--8419"
1282,"0--8050"
1283,"1--78553"
1284,"962--7128"
1285,"1--883536"
1286,"0--692"
1287,"1--55013"
1288,"0--395"
1289,"0--547"
1289,"0--618"
1289,"0--544"
1289,"1--4395"
1289,"0--613"
1289,"1--4131"
1289,"0--8191"
1289,"0--395"
1289,"0--329"
1290,"0--395"
1290,"0--375"
1290,"0--618"
1291,"0--547"
1291,"1--4806"
1291,"1--306"
1291,"0--544"
1291,"1--4481"
1291,"1--328"
1292,"1--84232"
1292,"0--7551"
1293,"0--88258"
1294,"0--8144"
1295,"1--946136"
1296,"1--306"
1296,"0--87322"
1296,"1--4504"
1297,"1--56432"
1297,"1--62313"
1298,"1--62703"
1298,"1--4939"
1299,"0--9995120"
1300,"0--665"
1301,"0--87328"
1302,"1--84904"
1302,"3--03734"
1303,"0--09"
1304,"1--4827"
1305,"0--345"
1305,"0--7868"
1305,"1--368"
1306,"0--7868"
1307,"1--4974"
1308,"1--78076"
1308,"0--85773"
1308,"1--78673"
1308,"1--78672"
1308,"1--78831"
1308,"1--78453"
1308,"0--85772"
1309,"1--78453"
1310,"0--85771"
1310,"1--86064"
1311,"1--9868"
1312,"0--615"
1313,"1--939550"
1314,"0--7277"
1315,"1--84046"
1315,"1--84831"
1316,"0--9851388"
1317,"1--932733"
1318,"958--8461"
1319,"1--68405"
1320,"0--8249"
1321,"0--7645"
1322,"1--61377"
1323,"0--7803"
1323,"1--4673"
1323,"1--5386"
1323,"1--4799"
1323,"1--5090"
1324,"0--7695"
1325,"1--58113"
1325,"0--8186"
1326,"1--119"
1326,"1--4673"
1326,"1--4799"
1326,"0--470"
1327,"1--911040"
1328,"1--5225"
1329,"1--4666"
1330,"1--61350"
1331,"1--78440"
1332,"0--85734"
1333,"1--62164"
1334,"0--9575354"
1335,"0--9836610"
1336,"88--6520"
1337,"1--4831"
1338,"1--321"
1339,"0--87995"
1340,"0--385"
1341,"1--60706"
1341,"1--63215"
1341,"1--58240"
1342,"1--5343"
1343,"0--8194"
1343,"0--930815"
1344,"1--4403"
1345,"1--78326"
1346,"1--5001"
1347,"0--253"
1348,"1--78062"
1349,"0--9619952"
1350,"0--9884537"
1351,"1--938309"
1352,"0--203"
1352,"1--4200"
1353,"1--62396"
1354,"1--62396"
1354,"1--64113"
1355,"1--4666"
1355,"1--5225"
1356,"0--00"
1357,"1--61314"
1358,"1--58511"
1359,"0--255"
1360,"0--7803"
1360,"0--7381"
1361,"0--85296"
1362,"0--9827559"
1363,"0--912024"
1364,"0--7503"
1365,"1--910393"
1366,"0--9845695"
1367,"1--4831"
1368,"1--912254"
1369,"0--932040"
1370,"1--78320"
1370,"1--84150"
1371,"1--78320"
1372,"0--9656405"
1373,"1--59782"
1374,"1--61161"
1375,"0--85111"
1376,"1--898298"
1377,"0--08"
1378,"1--56024"
1379,"0--89214"
1380,"1--4983"
1380,"1--4639"
1380,"1--4552"
1380,"1--4843"
1380,"1--4755"
1380,"1--4519"
1380,"1--283"
1380,"1--4623"
1380,"1--4518"
1380,"1--5135"
1381,"1--4983"
1381,"1--5135"
1382,"0--9829155"
1383,"0--930330"
1384,"1--57146"
1385,"0--7178"
1386,"1--78068"
1387,"0--89287"
1388,"1--939507"
1389,"1--58117"
1390,"0--902852"
1391,"1--911295"
1392,"0--7165"
1393,"1--901091"
1394,"0--8290"
1395,"0--256"
1396,"0--07"
1397,"0--7531"
1398,"1--74133"
1398,"0--7531"
1399,"0--7531"
1400,"1--61091"
1401,"0--665"
1402,"1--119"
1402,"1--78548"
1402,"1--84821"
1403,"1--78405"
1404,"1--119"
1404,"1--84821"
1405,"1--84821"
1406,"1--78548"
1407,"1--84928"
1408,"1--84502"
1409,"1--4443"
1410,"0--595"
1410,"1--4697"
1411,"0--595"
1411,"1--4759"
1412,"0--8308"
1413,"0--8308"
1414,"0--8041"
1415,"1--78240"
1416,"1--78040"
1417,"0--87668"
1418,"1--78733"
1418,"0--224"
1419,"0--665"
1420,"1--4214"
1420,"0--8018"
1421,"0--671"
1422,"0--665"
1423,"0--665"
1423,"0--7195"
1423,"0--907978"
1424,"0--89236"
1424,"1--60606"
1425,"0--89236"
1426,"0--665"
1427,"1--60427"
1428,"0--9623934"
1429,"0--471"
1429,"1--281"
1429,"0--470"
1430,"0--8220"
1430,"0--471"
1430,"1--119"
1430,"0--470"
1430,"1--118"
1430,"1--4051"
1431,"0--85131"
1432,"0--665"
1433,"1--60287"
1434,"0--9967059"
1435,"1--5008"
1436,"0--85724"
1437,"0--9976998"
1438,"1--9836"
1439,"0--227"
1440,"1--58012"
1441,"1--5310"
1442,"1--5186"
1443,"1--4616"
1444,"1--4929"
1445,"0--9994136"
1446,"0--9574250"
1447,"0--9612806"
1448,"1--84310"
1448,"1--283"
1448,"1--78592"
1448,"1--322"
1448,"0--85700"
1448,"1--84905"
1448,"1--78450"
1449,"0--300"
1450,"0--8276"
1451,"1--939561"
1452,"0--935672"
1453,"1--908519"
1454,"1--62365"
1455,"1--909612"
1456,"90--272"
1457,"90--272"
1458,"1--84454"
1459,"1--78606"
1460,"0--381"
1461,"2--7420"
1462,"0--86196"
1463,"1--63121"
1463,"1--56691"
1463,"1--61238"
1464,"1--4736"
1465,"0--7195"
1466,"1--118"
1466,"1--119"
1466,"1--322"
1466,"0--470"
1467,"1--118"
1467,"1--119"
1467,"0--470"
1467,"1--4051"
1468,"1--58811"
1468,"90--272"
1469,"0--9747152"
1470,"0--665"
1471,"1--56246"
1472,"0--85409"
1473,"1--59940"
1474,"1--284"
1474,"1--4496"
1475,"1--4840"
1476,"1--118"
1476,"0--87589"
1476,"1--119"
1477,"0--515"
1478,"0--515"
1479,"0--515"
1480,"1--62031"
1481,"0--688"
1482,"0--316"
1483,"1--56881"
1484,"1--4990"
1485,"1--61067"
1486,"1--4277"
1487,"1--4277"
1488,"1--60978"
1489,"1--5348"
1490,"0--9653966"
1491,"1--78241"
1492,"1--5194"
1493,"1--5033"
1494,"1--61775"
1495,"0--203"
1496,"1--5350"
1497,"1--5487"
1498,"1--4652"
1499,"1--4104"
1500,"0--306"
1501,"0--89276"
1502,"0--8046"
1503,"1--4967"
1503,"0--7582"
1504,"0--8065"
1504,"1--57566"
1505,"1--4201"
1505,"1--4967"
1505,"0--7860"
1505,"0--8217"
1505,"1--62953"
1506,"0--87338"
1506,"1--60635"
1506,"1--61277"
1507,"3--7356"
1508,"1--5495"
1509,"1--5011"
1510,"0--9964840"
1511,"1--5345"
1512,"1--61018"
1513,"1--55453"
1514,"1--4156"
1514,"0--329"
1514,"0--7534"
1515,"1--368"
1516,"0--9840058"
1517,"0--932592"
1518,"0--306"
1518,"90--277"
1518,"1--4020"
1519,"0--7923"
1520,"0--306"
1520,"94--011"
1520,"1--4020"
1520,"0--7923"
1521,"0--03"
1522,"0--375"
1522,"0--394"
1522,"0--679"
1523,"4--7700"
1523,"0--87011"
1524,"0--7494"
1525,"0--7494"
1526,"0--914427"
1527,"1--4935"
1528,"1--938467"
1529,"1--4402"
1530,"0--8019"
1530,"1--4402"
1530,"0--87349"
1531,"0--9712176"
1532,"1--947178"
1533,"1--85733"
1534,"1--84135"
1534,"0--85783"
1534,"1--909487"
1535,"0--89538"
1536,"0--665"
1537,"1--58826"
1538,"0--665"
1539,"0--9614176"
1540,"0--910856"
1541,"0--9888615"
1542,"0--241"
1543,"1--911600"
1544,"3--8383"
1545,"0--9726323"
1546,"0--913428"
1547,"1--901522"
1548,"0--376"
1549,"0--906717"
1550,"1--59413"
1551,"1--60059"
1552,"0--613"
1552,"0--375"
1553,"0--375"
1554,"1--78067"
1554,"1--78627"
1554,"1--85669"
1555,"1--909830"
1556,"1--315"
1557,"0--203"
1558,"1--5136"
1559,"0--913875"
1560,"0--665"
1561,"0--316"
1562,"1--9811"
1563,"0--665"
1564,"1--941112"
1565,"1--61103"
1566,"0--665"
1567,"1--61132"
1568,"1--937952"
1569,"1--907975"
1569,"1--909662"
1569,"1--351"
1569,"1--904350"
1569,"1--315"
1570,"0--8439"
1571,"1--78383"
1571,"0--85052"
1572,"1--5415"
1573,"0--8431"
1574,"1--62004"
1575,"1--62004"
1576,"1--910600"
1577,"1--59021"
1578,"1--68359"
1579,"1--4985"
1579,"0--7391"
1580,"0--7391"
1581,"1--5486"
1582,"0--86597"
1583,"1--59853"
1584,"1--911498"
1585,"1--943174"
1586,"0--9704361"
1587,"0--9764749"
1588,"0--691"
1588,"1--933823"
1589,"0--7648"
1590,"1--84351"
1591,"1--4849"
1592,"0--87910"
1593,"1--84617"
1593,"1--4448"
1593,"1--84395"
1593,"0--7089"
1594,"1--60797"
1595,"0--7459"
1596,"0--201"
1597,"1--4511"
1597,"1--4698"
1598,"0--692"
1599,"0--940450"
1600,"1--258"
1601,"1--4998"
1602,"0--7553"
1603,"0--692"
1604,"1--5169"
1605,"1--5344"
1606,"0--87907"
1606,"0--8146"
1606,"1--336"
1607,"1--63400"
1608,"0--9573938"
1609,"0--9977018"
1610,"0--87140"
1611,"0--9833583"
1612,"0--89957"
1613,"1--5010"
1614,"1--9794"
1615,"1--56718"
1616,"1--59526"
1617,"1--85051"
1618,"1--74220"
1619,"1--78701"
1620,"1--86450"
1620,"1--74104"
1620,"1--74059"
1620,"1--74220"
1620,"1--74179"
1620,"0--86442"
1621,"0--582"
1622,"0--470"
1623,"1--63113"
1624,"1--85967"
1625,"0--7877"
1626,"1--55547"
1627,"3--7913"
1628,"1--5236"
1629,"0--8071"
1630,"0--89108"
1631,"1--4075"
1632,"0--373"
1633,"1--335"
1633,"0--373"
1634,"1--4910"
1635,"1--56565"
1636,"0--85330"
1637,"0--373"
1638,"0--7188"
1639,"0--9853399"
1640,"1--935871"
1641,"0--578"
1642,"1--62637"
1642,"1--58826"
1643,"0--7627"
1643,"1--59921"
1644,"1--60183"
1645,"1--60183"
1646,"0--9991958"
1647,"0--85046"
1648,"0--8247"
1649,"1--59077"
1650,"0--7181"
1651,"90--247"
1651,"90--04"
1652,"0--9619229"
1653,"0--87332"
1654,"84--8026"
1654,"0--585"
1654,"0--262"
1655,"0--9502260"
1656,"0--356"
1656,"0--382"
1657,"0--354"
1658,"1--912339"
1659,"0--9662206"
1660,"0--85705"
1661,"0--312"
1661,"0--333"
1661,"0--02"
1662,"1--5098"
1663,"1--5098"
1664,"1--319"
1664,"0--333"
1664,"0--230"
1665,"0--7380"
1666,"0--02"
1667,"0--913080"
1668,"1--928800"
1669,"0--9977936"
1670,"1--912022"
1671,"1--4338"
1672,"0--7505"
1673,"1--85057"
1674,"0--86009"
1674,"0--8415"
1674,"1--85389"
1675,"1--85487"
1676,"1--936447"
1677,"1--60336"
1678,"1--78843"
1679,"0--596"
1680,"1--4571"
1681,"90--466"
1682,"1--85936"
1683,"0--7190"
1683,"1--78499"
1684,"1--61729"
1685,"1--5098"
1686,"1--84611"
1687,"0--9743746"
1688,"1--351"
1689,"0--9854969"
1690,"1--4814"
1690,"0--689"
1691,"1--9863"
1692,"1--58037"
1693,"0--87462"
1694,"0--8379"
1695,"1--133"
1696,"1--5333"
1697,"1--85317"
1698,"1--60468"
1699,"94--009"
1700,"1--4806"
1700,"0--606"
1700,"1--4844"
1700,"1--4847"
1700,"1--5321"
1701,"1--302"
1702,"0--7851"
1703,"0--7851"
1704,"0--7851"
1705,"0--7851"
1705,"1--302"
1706,"1--62086"
1707,"1--4222"
1708,"1--4222"
1709,"1--56333"
1710,"1--56333"
1711,"1--62122"
1712,"1--78462"
1713,"1--55899"
1714,"0--915692"
1715,"1--911616"
1716,"0--88385"
1717,"1--910504"
1718,"0--929895"
1719,"0--454"
1720,"1--59188"
1721,"1--9866"
1722,"1--871125"
1723,"0--8266"
1724,"0--07"
1724,"1--259"
1724,"2--7042"
1725,"1--59013"
1726,"0--7864"
1726,"1--4766"
1727,"0--7735"
1728,"1--259"
1728,"1--260"
1728,"1--309"
1728,"0--07"
1728,"981--4670"
1728,"0--02"
1729,"0--07"
1730,"1--260"
1731,"0--07"
1732,"0--07"
1733,"0--9976911"
1734,"3--11"
1735,"1--942556"
1736,"1--4666"
1737,"0--942097"
1738,"1--9833"
1739,"0--9749609"
1740,"0--911910"
1741,"0--911910"
1742,"0--696"
1743,"0--696"
1744,"1--57463"
1745,"0--452"
1746,"0--86303"
1747,"1--4226"
1748,"1--910248"
1749,"0--423"
1749,"0--413"
1749,"0--416"
1750,"1--4052"
1750,"0--7497"
1750,"0--416"
1751,"0--413"
1752,"0--915371"
1753,"0--7607"
1753,"1--4351"
1754,"1--938922"
1755,"1--58839"
1756,"1--259"
1757,"1--84317"
1757,"1--78243"
1758,"1--62896"
1758,"1--61186"
1758,"1--62895"
1758,"1--60917"
1759,"1--85117"
1760,"0--7356"
1761,"0--931209"
1762,"1--938063"
1763,"1--4564"
1764,"1--78209"
1765,"1--84059"
1766,"0--9607742"
1767,"0--6481839"
1768,"0--9962985"
1769,"1--62652"
1770,"0--263"
1771,"0--373"
1772,"0--665"
1773,"0--9858398"
1774,"1--4961"
1775,"0--310"
1776,"1--4668"
1776,"1--250"
1777,"1--61225"
1778,"1--78472"
1778,"1--84000"
1779,"1--61228"
1780,"1--56731"
1781,"0--9899550"
1782,"1--61599"
1783,"1--78188"
1784,"0--87352"
1785,"0--375"
1785,"0--394"
1785,"0--679"
1786,"1--56144"
1787,"1--947083"
1787,"1--60650"
1788,"1--62733"
1789,"1--63094"
1789,"1--62733"
1789,"1--5167"
1790,"1--58093"
1791,"1--57255"
1791,"1--60201"
1792,"1--58367"
1793,"1--4778"
1794,"0--8024"
1794,"1--57567"
1795,"0--8024"
1796,"0--9981922"
1797,"1--56691"
1798,"1--936814"
1799,"1--59829"
1799,"1--60845"
1800,"1--59829"
1801,"1--60037"
1801,"1--68350"
1801,"1--61448"
1802,"0--12"
1803,"1--931798"
1804,"1--931887"
1805,"0--9755892"
1806,"0--688"
1807,"0--688"
1808,"0--323"
1809,"0--938432"
1810,"0--7603"
1811,"0--915134"
1812,"0--913063"
1813,"88--6749"
1814,"3--11"
1815,"94--009"
1816,"1--9875"
1817,"1--4352"
1817,"0--688"
1818,"1--84769"
1818,"1--78309"
1819,"1--921363"
1820,"1--84769"
1821,"1--59426"
1822,"1--74336"
1823,"1--890385"
1824,"1--63345"
1825,"1--56647"
1826,"0--935180"
1827,"0--7974"
1828,"1--78705"
1829,"0--445"
1830,"1--5040"
1831,"94--6208"
1832,"0--8402"
1833,"1--56858"
1834,"0--309"
1835,"0--309"
1836,"1--928896"
1837,"1--905722"
1838,"0--394"
1839,"0--671"
1840,"1--55833"
1841,"0--88080"
1842,"1--937870"
1843,"0--8141"
1844,"1--58208"
1845,"1--85709"
1846,"0--89468"
1846,"0--226"
1847,"0--642"
1848,"1--4262"
1848,"1--4287"
1848,"1--4263"
1848,"1--133"
1848,"1--285"
1848,"0--7362"
1849,"1--4263"
1850,"1--4351"
1850,"0--7922"
1850,"1--4262"
1851,"0--8373"
1852,"0--87217"
1853,"1--892237"
1854,"1--929773"
1855,"0--8442"
1856,"1--78001"
1857,"1--939829"
1858,"0--9769584"
1859,"0--11"
1859,"0--565"
1860,"0--9912600"
1861,"1--61251"
1861,"1--68247"
1862,"1--61291"
1863,"1--59005"
1864,"1--68112"
1865,"0--940884"
1866,"0--8371"
1867,"0--17"
1868,"1--60009"
1869,"1--5142"
1870,"0--9828061"
1871,"1--78183"
1871,"1--5231"
1872,"0--07"
1872,"0--451"
1872,"1--322"
1872,"0--452"
1873,"0--941533"
1874,"1--84566"
1874,"1--85348"
1875,"0--8112"
1876,"0--8112"
1877,"0--8112"
1878,"1--5120"
1879,"0--450"
1880,"1--58107"
1881,"1--60882"
1881,"1--62625"
1882,"1--86966"
1883,"1--84840"
1884,"0--89016"
1885,"0--9881711"
1886,"0--89494"
1887,"1--59558"
1888,"0--7357"
1888,"0--321"
1889,"0--89823"
1890,"1--874367"
1891,"0--471"
1891,"1--4725"
1892,"0--7352"
1893,"1--68137"
1894,"1--4798"
1895,"0--8147"
1895,"1--4798"
1896,"1--56784"
1897,"1--58273"
1898,"0--7171"
1899,"1--7190"
1900,"1--85459"
1900,"1--84842"
1901,"1--61263"
1901,"1--68107"
1902,"1--933449"
1903,"0--9661105"
1904,"1--936828"
1905,"1--4133"
1906,"0--944508"
1906,"0--917316"
1906,"0--87337"
1907,"1--5099"
1907,"3--8487"
1908,"0--374"
1909,"1--5168"
1910,"0--9772714"
1911,"0--938190"
1911,"1--55643"
1911,"1--58394"
1912,"0--89134"
1913,"1--78690"
1914,"0--393"
1914,"0--7358"
1915,"0--7463"
1915,"1--78694"
1916,"0--930350"
1917,"0--87358"
1918,"0--8101"
1919,"0--89002"
1920,"0--942802"
1921,"0--393"
1922,"1--59953"
1923,"1--5362"
1923,"0--85763"
1924,"1--907903"
1925,"1--84899"
1926,"1--63117"
1926,"1--63463"
1927,"1--63482"
1927,"1--62417"
1927,"1--63117"
1927,"1--63485"
1927,"1--63321"
1927,"1--5361"
1927,"1--63463"
1928,"1--63117"
1929,"1--63485"
1930,"1--62081"
1931,"1--5361"
1931,"1--61122"
1931,"1--62618"
1931,"0--941743"
1932,"1--63482"
1932,"1--62417"
1932,"1--63485"
1932,"1--63321"
1932,"1--5361"
1932,"1--63463"
1933,"1--63482"
1933,"1--62948"
1933,"1--63485"
1933,"1--63321"
1933,"1--5361"
1933,"1--63463"
1934,"1--60198"
1935,"0--8155"
1936,"0--8442"
1937,"0--8442"
1938,"1--59547"
1939,"1--68137"
1940,"0--7825"
1941,"1--78099"
1941,"1--78535"
1942,"1--84717"
1943,"0--9831244"
1944,"1--5114"
1945,"1--306"
1945,"1--4493"
1945,"0--596"
1946,"0--937175"
1947,"1--4920"
1947,"1--4919"
1948,"1--4919"
1949,"90--6194"
1949,"1--58456"
1950,"0--85735"
1950,"1--78112"
1951,"1--78319"
1951,"1--78682"
1952,"0--451"
1953,"0--943734"
1954,"0--379"
1955,"0--374"
1956,"0--88254"
1956,"0--374"
1957,"0--7064"
1958,"0--7064"
1959,"1--938895"
1960,"1--61220"
1961,"0--942148"
1962,"0--8142"
1963,"0--8214"
1964,"1--5467"
1965,"0--9976809"
1966,"1--7323065"
1967,"0--9740599"
1968,"1--55035"
1969,"0--9844207"
1970,"1--4619"
1970,"1--935864"
1971,"1--78074"
1971,"1--78607"
1971,"1--85168"
1972,"1--78607"
1972,"1--85168"
1973,"0--906500"
1974,"0--451"
1975,"0--451"
1976,"1--78374"
1977,"0--8126"
1978,"0--87548"
1979,"1--4804"
1979,"1--4532"
1979,"1--4976"
1980,"1--4976"
1981,"1--55752"
1982,"1--939710"
1983,"0--356"
1983,"0--316"
1984,"1--55143"
1984,"1--55469"
1984,"1--4598"
1985,"1--4566"
1986,"1--84121"
1987,"0--531"
1987,"1--4083"
1988,"0--9791314"
1989,"1--61491"
1990,"1--935150"
1991,"0--9554134"
1991,"1--908024"
1992,"0--7528"
1992,"1--85798"
1993,"1--5101"
1993,"1--4440"
1994,"1--941806"
1995,"0--85045"
1996,"1--4728"
1997,"1--85532"
1997,"1--4728"
1998,"1--908276"
1999,"1--910303"
2000,"0--9718801"
2001,"1--4327"
2002,"1--78570"
2002,"1--78297"
2002,"1--84217"
2003,"0--19"
2004,"0--19"
2005,"1--4294"
2005,"1--281"
2005,"0--444"
2005,"0--7221"
2005,"4--89358"
2005,"0--19"
2006,"1--136"
2007,"0--8487"
2008,"1--59638"
2009,"0--86003"
2009,"0--312"
2010,"0--87226"
2011,"3--0343"
2011,"1--78707"
2011,"0--8204"
2011,"1--4331"
2012,"0--85059"
2013,"0--615"
2014,"1--78588"
2015,"1--84969"
2015,"1--78328"
2015,"0--203"
2015,"1--78528"
2015,"1--78398"
2015,"1--299"
2015,"1--78439"
2015,"1--78217"
2015,"1--78355"
2016,"1--84969"
2017,"1--62838"
2017,"1--64138"
2018,"1--62414"
2019,"0--7653"
2020,"1--137"
2021,"1--137"
2022,"1--349"
2022,"1--306"
2022,"1--322"
2022,"1--137"
2022,"1--299"
2022,"3--319"
2022,"0--230"
2022,"1--4039"
2023,"1--4633"
2023,"1--5065"
2024,"1--5439"
2025,"0--330"
2025,"1--925481"
2026,"0--330"
2026,"1--5098"
2027,"981--4411"
2028,"0--9926582"
2029,"1--84653"
2030,"1--7320607"
2031,"0--394"
2032,"1--59707"
2032,"1--62991"
2033,"0--7701"
2034,"0--698"
2035,"1--59451"
2036,"0--399"
2037,"1--55778"
2038,"85--93600"
2039,"1--62055"
2040,"0--13"
2041,"1--78160"
2042,"1--4752"
2043,"1--4748"
2043,"1--4075"
2043,"1--4723"
2043,"1--4054"
2043,"1--5270"
2043,"1--78186"
2044,"1--4748"
2044,"1--4723"
2045,"0--7525"
2046,"1--4054"
2046,"0--7525"
2047,"0--940813"
2048,"0--692"
2049,"0--578"
2050,"1--939221"
2051,"0--87348"
2052,"0--87348"
2053,"0--9555415"
2054,"1--59857"
2055,"0--9672259"
2056,"0--9674086"
2057,"0--8198"
2058,"0--8091"
2059,"0--9846724"
2060,"0--321"
2060,"0--13"
2061,"0--557"
2062,"0--89716"
2063,"0--321"
2063,"1--292"
2063,"0--273"
2063,"0--13"
2064,"0--536"
2065,"0--13"
2065,"0--7897"
2065,"0--582"
2065,"0--321"
2065,"1--4082"
2066,"0--321"
2066,"0--13"
2067,"1--292"
2068,"1--256"
2068,"1--269"
2069,"1--84523"
2070,"2--7584"
2070,"90--429"
2071,"1--60598"
2071,"1--68177"
2072,"0--14"
2073,"1--4556"
2073,"0--88289"
2074,"1--4738"
2075,"1--4738"
2076,"0--87574"
2077,"1--5236"
2078,"0--14"
2079,"0--451"
2079,"0--14"
2079,"0--441"
2080,"1--59420"
2080,"1--101"
2080,"0--241"
2080,"1--4059"
2080,"0--14"
2081,"0--14"
2082,"0--14"
2083,"0--451"
2083,"0--14"
2083,"1--4242"
2083,"0--425"
2084,"1--9848"
2085,"0--14"
2086,"0--7352"
2087,"0--8041"
2088,"1--58567"
2088,"1--84159"
2089,"0--271"
2090,"0--7273"
2091,"1--60795"
2092,"0--06"
2092,"0--688"
2093,"0--06"
2094,"0--06"
2095,"1--935797"
2096,"1--78099"
2097,"0--89598"
2098,"0--578"
2099,"0--08"
2100,"1--4832"
2100,"1--4831"
2100,"0--08"
2101,"1--4832"
2101,"1--4831"
2102,"0--399"
2102,"0--448"
2103,"0--399"
2104,"962--593"
2105,"1--85964"
2106,"0--605"
2107,"1--57962"
2108,"0--7382"
2109,"1--56474"
2110,"0--9641080"
2111,"0--646"
2112,"3--631"
2113,"1--4331"
2114,"0--88088"
2115,"0--88132"
2116,"0--7689"
2116,"1--56079"
2117,"0--937997"
2118,"0--7148"
2119,"0--7148"
2120,"0--7148"
2121,"0--935603"
2122,"1--84819"
2123,"0--271"
2123,"0--300"
2123,"0--87633"
2124,"1--4441"
2125,"1--85799"
2125,"1--4091"
2126,"1--5037"
2127,"1--936429"
2128,"0--349"
2129,"0--312"
2130,"0--312"
2131,"0--330"
2132,"1--78144"
2133,"1--84893"
2134,"1--4982"
2135,"0--552"
2136,"0--330"
2137,"1--4048"
2137,"1--4795"
2138,"1--888284"
2139,"0--937664"
2139,"0--905473"
2140,"0--8298"
2141,"0--692"
2142,"1--56164"
2143,"0--523"
2144,"0--9853875"
2145,"0--85372"
2146,"0--273"
2147,"0--939650"
2148,"0--88734"
2149,"0--306"
2149,"1--4615"
2149,"1--4684"
2150,"0--306"
2151,"0--85965"
2152,"0--9864069"
2153,"0--452"
2153,"0--453"
2153,"1--101"
2154,"1--59756"
2155,"1--59756"
2156,"0--7453"
2156,"1--84964"
2157,"1--4165"
2158,"1--4391"
2158,"0--7434"
2158,"1--5011"
2158,"0--671"
2158,"1--4165"
2158,"0--939149"
2158,"1--4516"
2158,"0--7318"
2159,"1--4516"
2160,"0--671"
2161,"1--62031"
2162,"0--545"
2163,"0--9860462"
2164,"1--4642"
2164,"1--59058"
2165,"1--283"
2165,"1--84742"
2165,"1--4473"
2166,"1--5095"
2166,"0--7456"
2167,"1--5095"
2167,"0--7456"
2168,"1--77110"
2169,"0--316"
2170,"0--445"
2171,"0--7704"
2172,"0--910411"
2173,"1--57687"
2174,"1--5081"
2174,"1--4994"
2175,"1--909280"
2176,"0--03"
2176,"0--275"
2176,"1--4408"
2177,"0--313"
2178,"1--85648"
2179,"1--891053"
2179,"0--675"
2179,"0--13"
2180,"0--7352"
2181,"0--13"
2182,"0--13"
2183,"0--87552"
2184,"3--7913"
2185,"1--58910"
2186,"0--8431"
2187,"0--312"
2188,"1--57440"
2189,"1--57440"
2190,"1--56898"
2191,"1--4008"
2191,"0--691"
2192,"1--882792"
2193,"1--56327"
2194,"1--942151"
2195,"1--59102"
2196,"1--321"
2196,"1--339"
2196,"0--355"
2196,"0--662"
2196,"1--267"
2196,"1--303"
2196,"1--369"
2197,"0--438"
2198,"0--14"
2198,"1--321"
2198,"1--339"
2198,"1--243"
2199,"1--63337"
2200,"1--315"
2200,"1--84872"
2200,"0--415"
2200,"1--138"
2201,"1--887841"
2202,"1--5417"
2202,"1--61039"
2203,"1--5093"
2204,"0--9961495"
2205,"1--326"
2206,"1--892005"
2207,"0--14"
2207,"0--670"
2207,"1--101"
2208,"1--4156"
2208,"0--670"
2208,"1--4287"
2208,"1--4395"
2208,"0--14"
2208,"1--4177"
2208,"0--698"
2208,"0--451"
2208,"0--606"
2208,"0--7569"
2209,"0--14"
2210,"0--14"
2211,"1--5114"
2212,"1--61249"
2213,"1--55753"
2214,"0--9916091"
2215,"1--62469"
2216,"1--78269"
2217,"1--78227"
2217,"1--78269"
2218,"0--399"
2219,"0--399"
2220,"0--515"
2221,"0--7525"
2222,"1--68297"
2223,"1--949566"
2224,"0--9714548"
2225,"1--86160"
2226,"1--59253"
2227,"0--7043"
2228,"1--56761"
2228,"0--7897"
2229,"1--62365"
2229,"1--68144"
2229,"1--78648"
2230,"1--78648"
2231,"0--8356"
2231,"1--322"
2232,"1--59474"
2232,"1--68369"
2233,"0--451"
2233,"0--665"
2233,"0--8376"
2234,"0--665"
2235,"0--9512933"
2236,"1--58423"
2237,"1--63158"
2238,"1--933199"
2239,"1--351"
2239,"1--322"
2240,"1--4747"
2240,"1--4062"
2240,"1--4329"
2241,"0--8114"
2241,"0--8172"
2242,"0--8330"
2243,"0--528"
2244,"0--8129"
2244,"1--101"
2244,"0--679"
2244,"1--4806"
2244,"0--394"
2244,"0--04"
2244,"0--553"
2244,"1--5379"
2244,"0--7364"
2244,"0--525"
2244,"1--5247"
2244,"0--399"
2244,"0--385"
2244,"0--375"
2245,"0--440"
2246,"1--61793"
2246,"1--59413"
2246,"1--5247"
2246,"1--9848"
2246,"0--7393"
2247,"0--375"
2248,"0--89004"
2249,"1--9842"
2250,"1--4474"
2251,"1--4455"
2252,"0--9837951"
2253,"0--89577"
2254,"1--62145"
2255,"0--276"
2256,"0--06"
2257,"1--78023"
2258,"1--78023"
2258,"1--78914"
2259,"1--78108"
2260,"1--63440"
2261,"0--87376"
2262,"1--60554"
2263,"0--9852327"
2264,"1--68282"
2264,"1--60152"
2265,"1--68282"
2266,"1--60178"
2267,"1--902603"
2268,"0--8307"
2269,"1--62157"
2270,"1--62157"
2271,"1--892729"
2272,"1--4826"
2273,"0--87891"
2273,"0--7386"
2274,"1--315"
2274,"1--138"
2275,"1--78133"
2276,"0--8007"
2277,"0--9799073"
2278,"0--9834446"
2279,"0--384"
2280,"0--8239"
2281,"1--63121"
2282,"1--84604"
2283,"0--433"
2284,"1--5059"
2285,"0--87380"
2286,"0--9990249"
2287,"1--62649"
2288,"1--932426"
2289,"1--57966"
2290,"1--55547"
2291,"1--322"
2291,"1--101"
2291,"1--57322"
2292,"0--8478"
2293,"0--8478"
2294,"1--59643"
2295,"1--84617"
2295,"0--7198"
2295,"0--7091"
2295,"0--7090"
2296,"1--5147"
2297,"1--4948"
2298,"0--906185"
2299,"0--692"
2300,"1--86105"
2301,"1--84954"
2302,"0--451"
2303,"1--56496"
2304,"1--62315"
2304,"1--64152"
2305,"1--937538"
2306,"1--62336"
2307,"90--420"
2307,"94--012"
2308,"90--420"
2308,"94--012"
2309,"1--4446"
2310,"0--912141"
2311,"1--57951"
2312,"1--4987"
2313,"1--4777"
2314,"1--5081"
2315,"1--948122"
2316,"1--941519"
2317,"1--84353"
2318,"1--68191"
2318,"1--64156"
2318,"1--62717"
2319,"0--08"
2319,"1--61205"
2319,"1--322"
2319,"1--351"
2319,"1--912303"
2319,"0--8153"
2319,"1--4987"
2319,"0--7146"
2319,"1--62958"
2319,"0--415"
2319,"0--429"
2319,"1--4724"
2319,"1--317"
2319,"1--283"
2319,"1--299"
2319,"0--7103"
2319,"1--135"
2319,"0--203"
2319,"1--306"
2319,"1--134"
2319,"0--367"
2319,"1--4094"
2319,"0--86656"
2319,"1--315"
2319,"1--136"
2319,"1--85728"
2319,"1--912127"
2319,"1--912282"
2319,"1--59451"
2319,"1--78220"
2319,"1--138"
2319,"1--4557"
2319,"0--7656"
2320,"0--7100"
2320,"94--011"
2320,"0--415"
2321,"0--7100"
2322,"1--84972"
2323,"1--317"
2323,"1--315"
2324,"1--351"
2325,"1--4422"
2325,"1--4758"
2325,"1--5381"
2325,"0--8108"
2325,"1--56699"
2325,"0--7425"
2326,"1--61048"
2326,"1--322"
2327,"1--78348"
2328,"1--78660"
2329,"1--78348"
2330,"0--7425"
2330,"1--4616"
2330,"1--299"
2331,"1--907533"
2332,"1--909741"
2333,"1--904096"
2334,"1--84973"
2334,"1--84569"
2335,"1--62716"
2336,"1--84973"
2337,"0--7624"
2338,"0--7624"
2339,"1--5027"
2340,"1--5008"
2341,"0--8135"
2342,"0--665"
2343,"0--665"
2344,"0--573"
2344,"1--4683"
2344,"0--575"
2345,"0--385"
2346,"0--665"
2347,"1--58840"
2348,"1--63078"
2349,"1--56091"
2350,"0--8039"
2350,"1--84787"
2350,"1--78402"
2350,"1--4739"
2350,"0--85702"
2350,"1--306"
2350,"1--4129"
2350,"1--4833"
2350,"1--4462"
2351,"1--5264"
2352,"0--8039"
2352,"1--4739"
2352,"1--4522"
2352,"1--4833"
2352,"1--5264"
2353,"1--5063"
2353,"1--4522"
2354,"1--5264"
2355,"1--4739"
2356,"1--879725"
2357,"1--5051"
2358,"0--355"
2358,"1--321"
2359,"1--58765"
2359,"1--4298"
2360,"1--934594"
2361,"1--908836"
2361,"1--910669"
2362,"1--78463"
2363,"1--59998"
2364,"1--61921"
2365,"0--672"
2365,"0--7686"
2365,"1--56276"
2365,"0--13"
2366,"0--573"
2367,"1--4351"
2368,"1--4568"
2369,"0--692"
2370,"1--68292"
2371,"1--936747"
2372,"1--55544"
2372,"1--59047"
2373,"0--323"
2373,"1--4160"
2373,"0--7216"
2373,"0--7020"
2373,"1--4557"
2374,"1--62837"
2375,"0--8108"
2376,"1--85727"
2377,"1--4736"
2378,"0--7643"
2379,"0--7643"
2380,"0--02"
2381,"0--8052"
2381,"0--902308"
2382,"1--4649"
2383,"0--8420"
2384,"0--89130"
2385,"0--590"
2385,"0--7587"
2385,"0--545"
2385,"1--4071"
2385,"1--74169"
2385,"0--8335"
2385,"1--338"
2385,"0--439"
2385,"1--4420"
2385,"0--606"
2385,"0--329"
2386,"0--590"
2387,"1--4431"
2388,"0--590"
2388,"1--4071"
2389,"1--55858"
2389,"0--590"
2389,"1--5182"
2389,"1--5364"
2389,"1--4806"
2389,"0--545"
2389,"1--4071"
2389,"1--5379"
2389,"1--78845"
2389,"1--4395"
2389,"0--606"
2389,"1--338"
2389,"0--439"
2389,"1--4844"
2389,"1--76063"
2389,"0--329"
2390,"0--545"
2390,"1--338"
2391,"0--590"
2392,"1--4046"
2392,"0--439"
2393,"0--375"
2393,"0--605"
2394,"0--911336"
2395,"0--334"
2396,"0--901021"
2397,"0--9858322"
2398,"0--7559"
2399,"0--7432"
2399,"1--4391"
2399,"0--7434"
2399,"0--684"
2399,"0--14"
2399,"1--4767"
2399,"0--7394"
2399,"1--5011"
2400,"0--684"
2401,"0--684"
2402,"0--684"
2403,"0--356"
2404,"1--118"
2405,"1--63057"
2406,"1--63322"
2407,"0--8164"
2408,"0--85742"
2409,"1--4000"
2410,"1--58005"
2411,"1--78221"
2411,"1--84448"
2412,"1--78221"
2413,"0--913708"
2414,"1--62824"
2415,"0--394"
2416,"0--9909453"
2417,"1--943689"
2418,"1--58435"
2419,"1--76010"
2420,"0--936340"
2421,"94--6300"
2422,"0--9976134"
2423,"1--78125"
2424,"0--9884259"
2425,"1--62692"
2426,"1--62692"
2427,"1--60980"
2427,"1--888363"
2428,"0--7278"
2429,"0--7278"
2430,"1--84751"
2430,"0--7278"
2431,"1--84751"
2431,"0--7278"
2432,"0--7278"
2433,"0--87773"
2433,"1--61180"
2433,"0--394"
2434,"0--9609814"
2435,"1--912091"
2436,"0--9993299"
2437,"0--578"
2438,"1--63152"
2439,"1--304"
2439,"1--312"
2439,"963--527"
2439,"1--329"
2440,"0--88133"
2441,"1--4258"
2442,"1--62795"
2443,"1--940172"
2444,"0--7478"
2445,"1--57335"
2445,"1--56924"
2446,"0--7699"
2447,"1--943977"
2448,"1--910758"
2449,"1--938835"
2450,"0--451"
2450,"0--525"
2451,"0--451"
2452,"0--451"
2453,"1--55671"
2454,"0--373"
2455,"0--373"
2456,"1--62136"
2457,"0--9966199"
2458,"0--356"
2459,"0--663"
2459,"0--8136"
2460,"1--62686"
2461,"0--671"
2462,"1--84739"
2462,"0--7432"
2462,"1--4713"
2462,"1--9821"
2462,"1--4391"
2462,"0--7434"
2462,"0--684"
2462,"0--85707"
2462,"0--689"
2462,"1--4711"
2462,"1--4767"
2462,"0--671"
2462,"1--84738"
2462,"1--5011"
2463,"1--4516"
2464,"1--4814"
2464,"1--4169"
2465,"1--5011"
2465,"1--4767"
2466,"0--689"
2467,"0--02"
2467,"0--684"
2468,"1--4516"
2468,"0--7432"
2468,"1--4391"
2468,"1--4767"
2469,"0--671"
2470,"1--4711"
2471,"1--4814"
2471,"1--4169"
2472,"1--4814"
2473,"1--61634"
2474,"1--61738"
2475,"1--942021"
2476,"0--9968777"
2477,"88--572"
2478,"1--5107"
2479,"1--62873"
2479,"1--61608"
2479,"1--63450"
2479,"1--62636"
2479,"1--63220"
2479,"1--62914"
2479,"1--5107"
2480,"0--553"
2481,"1--61711"
2481,"1--63091"
2482,"0--89357"
2483,"0--89357"
2484,"1--58340"
2484,"1--59920"
2484,"1--62588"
2485,"1--4657"
2486,"1--301"
2487,"0--8317"
2488,"0--06"
2489,"1--907804"
2490,"1--58834"
2491,"0--665"
2492,"1--56098"
2493,"0--692"
2494,"0--89777"
2495,"0--902869"
2496,"1--58644"
2497,"1--351"
2498,"1--58983"
2499,"1--55563"
2500,"1--61902"
2501,"1--56947"
2502,"0--9677328"
2503,"0--692"
2504,"1--56899"
2505,"1--62203"
2506,"1--4926"
2506,"1--4022"
2507,"1--4022"
2508,"0--89608"
2509,"1--4390"
2510,"0--8093"
2511,"1--85240"
2512,"1--879892"
2513,"1--943006"
2514,"0--9854651"
2515,"0--281"
2516,"1--4395"
2516,"0--14"
2517,"0--9793723"
2518,"1--63392"
2519,"0--7515"
2519,"0--7221"
2519,"0--399"
2520,"1--62841"
2520,"1--5106"
2520,"0--8194"
2521,"0--8194"
2521,"1--5106"
2521,"1--62841"
2522,"0--7803"
2523,"1--907427"
2524,"0--419"
2524,"0--203"
2525,"1--61321"
2526,"1--59961"
2526,"1--61479"
2527,"0--387"
2527,"94--007"
2527,"1--4614"
2527,"4--431"
2527,"1--4939"
2527,"1--4419"
2527,"1--4471"
2527,"1--84628"
2527,"3--319"
2527,"81--322"
2527,"3--540"
2527,"1--4899"
2527,"1--84882"
2528,"981--10"
2528,"3--658"
2528,"3--319"
2529,"3--319"
2530,"1--4471"
2531,"1--4939"
2532,"0--8261"
2533,"0--8261"
2533,"1--322"
2534,"981--287"
2534,"1--4757"
2534,"3--319"
2535,"0--387"
2535,"3--540"
2536,"1--4299"
2536,"1--4844"
2536,"1--4420"
2536,"1--250"
2537,"0--9629250"
2538,"0--02"
2539,"0--312"
2539,"1--250"
2540,"0--312"
2541,"1--4668"
2541,"1--137"
2541,"1--58238"
2541,"0--312"
2541,"0--7705"
2541,"1--250"
2542,"1--55862"
2543,"0--312"
2543,"1--4668"
2543,"1--250"
2544,"0--312"
2545,"0--8117"
2546,"1--5036"
2546,"0--8047"
2547,"1--911304"
2548,"1--9813"
2549,"1--877978"
2550,"0--930261"
2551,"1--60977"
2552,"1--880777"
2553,"0--7914"
2553,"1--4384"
2553,"0--585"
2554,"0--11"
2555,"0--8128"
2556,"0--8128"
2557,"1--940968"
2558,"0--9766150"
2559,"1--4027"
2559,"1--59961"
2560,"1--4549"
2561,"1--4549"
2562,"1--57990"
2562,"1--60059"
2563,"0--8069"
2564,"1--4027"
2564,"1--4549"
2565,"1--5485"
2566,"1--4537"
2567,"0--420"
2568,"0--9859746"
2569,"1--878060"
2569,"1--936590"
2570,"0--7737"
2571,"0--665"
2572,"1--4342"
2572,"1--4965"
2573,"0--9969486"
2574,"0--9961903"
2575,"1--58654"
2576,"1--61188"
2577,"0--665"
2578,"1--938499"
2579,"1--944520"
2580,"1--60976"
2581,"1--62857"
2582,"0--912647"
2583,"1--84715"
2584,"0--934840"
2585,"1--85170"
2586,"1--85170"
2587,"0--7944"
2588,"1--62036"
2589,"1--59606"
2590,"1--949061"
2591,"1--84953"
2592,"1--84953"
2593,"1--55713"
2594,"1--4992"
2595,"0--376"
2596,"1--4619"
2596,"1--4384"
2597,"0--9997239"
2598,"1--4912"
2599,"0--85448"
2600,"0--414"
2601,"1--78226"
2602,"1--4621"
2603,"1--60718"
2604,"0--9618683"
2605,"0--8156"
2606,"0--8125"
2606,"1--250"
2607,"0--9994135"
2608,"0--665"
2608,"0--7180"
2608,"1--4003"
2608,"1--78598"
2609,"0--933220"
2610,"0--9634636"
2611,"0--06"
2611,"0--690"
2612,"0--9796479"
2613,"1--879784"
2614,"1--85566"
2615,"0--89555"
2615,"1--61890"
2616,"0--89555"
2617,"0--89555"
2618,"0--908396"
2618,"0--88072"
2619,"0--09"
2620,"0--8008"
2621,"0--426"
2622,"0--07"
2623,"1--84976"
2624,"1--60085"
2625,"0--422"
2626,"1--942768"
2627,"0--8448"
2627,"0--415"
2627,"1--317"
2627,"0--203"
2627,"1--351"
2627,"0--8493"
2627,"1--315"
2627,"0--7484"
2628,"1--4987"
2628,"1--351"
2628,"1--315"
2629,"1--138"
2630,"1--58979"
2631,"1--57258"
2632,"0--340"
2633,"1--4333"
2633,"1--4807"
2633,"1--4938"
2634,"0--8077"
2635,"1--934534"
2636,"0--9955162"
2637,"1--4973"
2638,"1--878907"
2639,"1--4758"
2640,"1--7208"
2641,"1--78741"
2642,"0--300"
2643,"1--59213"
2643,"1--4399"
2644,"0--9573204"
2645,"1--62845"
2646,"1--4822"
2647,"0--500"
2648,"0--500"
2649,"0--500"
2650,"1--78308"
2651,"0--9903082"
2652,"0--930452"
2652,"1--55936"
2653,"1--890348"
2654,"81--87326"
2654,"81--7059"
2655,"0--86577"
2655,"1--62623"
2655,"3--13"
2656,"0--9907224"
2657,"0--88378"
2658,"1--4778"
2659,"1--4299"
2659,"1--250"
2660,"1--59554"
2661,"1--133"
2662,"0--7862"
2663,"0--7593"
2664,"0--314"
2665,"0--7862"
2666,"1--4104"
2666,"1--4713"
2666,"1--4056"
2666,"1--4084"
2666,"0--89621"
2666,"1--4458"
2666,"1--56054"
2666,"0--7862"
2666,"0--7540"
2667,"1--4104"
2668,"1--4448"
2668,"0--7089"
2669,"0--517"
2670,"0--9964852"
2671,"1--85501"
2672,"1--85501"
2673,"1--58925"
2674,"0--525"
2675,"1--60469"
2676,"0--8094"
2677,"0--8094"
2678,"0--9929309"
2679,"1--941040"
2680,"0--665"
2681,"1--78565"
2681,"1--84856"
2681,"1--78116"
2681,"0--85768"
2682,"1--78586"
2683,"1--931514"
2683,"1--5444"
2683,"1--59182"
2683,"1--4278"
2684,"0--7653"
2685,"0--7653"
2685,"0--8125"
2685,"1--250"
2686,"0--7653"
2687,"0--914293"
2688,"1--911300"
2689,"1--935179"
2689,"1--943145"
2690,"1--929099"
2691,"1--948174"
2692,"1--250"
2692,"1--4668"
2692,"0--8125"
2692,"0--312"
2692,"0--7653"
2693,"0--7653"
2694,"0--7653"
2695,"1--59095"
2696,"0--684"
2697,"0--684"
2698,"1--4669"
2698,"1--4269"
2699,"1--873756"
2700,"3--03826"
2700,"3--03813"
2701,"3--03835"
2701,"3--03813"
2702,"1--56000"
2702,"1--4128"
2703,"0--309"
2704,"0--552"
2705,"1--64125"
2706,"0--670"
2707,"0--8167"
2708,"0--9542079"
2709,"0--7172"
2710,"0--440"
2711,"1--4800"
2712,"0--11"
2713,"0--88038"
2713,"0--7869"
2714,"1--893207"
2715,"0--88776"
2715,"1--101"
2716,"0--9754803"
2717,"0--606"
2718,"1--4629"
2719,"0--8048"
2719,"1--4629"
2719,"4--8053"
2720,"1--4143"
2720,"0--8423"
2721,"1--4964"
2722,"0--8247"
2723,"1--4921"
2724,"0--9855876"
2725,"1--4448"
2725,"0--7089"
2725,"0--85456"
2725,"0--8161"
2726,"1--61243"
2727,"0--549"
2727,"0--612"
2727,"0--315"
2728,"0--692"
2729,"1--63023"
2730,"1--55989"
2731,"1--911604"
2732,"1--939968"
2733,"1--946928"
2734,"0--9956664"
2735,"3--438"
2736,"92--1"
2737,"0--85781"
2738,"1--60137"
2739,"1--933348"
2740,"1--60127"
2741,"1--936424"
2742,"0--520"
2742,"1--283"
2743,"0--87663"
2744,"0--7893"
2745,"958--8359"
2746,"0--8173"
2747,"0--8165"
2748,"0--226"
2748,"1--282"
2748,"1--306"
2748,"1--283"
2748,"0--665"
2749,"0--8203"
2750,"0--252"
2750,"1--283"
2751,"1--60938"
2752,"0--8131"
2753,"1--61376"
2753,"1--62534"
2753,"1--281"
2754,"0--472"
2755,"0--8166"
2756,"0--8262"
2757,"0--87417"
2758,"1--58465"
2759,"0--8263"
2760,"1--4696"
2760,"0--8078"
2761,"1--57441"
2762,"0--268"
2763,"0--8122"
2764,"0--8229"
2764,"1--4625"
2764,"1--322"
2765,"1--58046"
2766,"1--61117"
2766,"1--57003"
2767,"1--57233"
2768,"0--292"
2769,"1--4426"
2769,"1--4875"
2770,"0--9741923"
2771,"0--8139"
2772,"0--295"
2773,"0--299"
2773,"1--299"
2774,"0--520"
2774,"0--521"
2774,"1--107"
2775,"0--7618"
2776,"0--7618"
2777,"0--87081"
2777,"1--60732"
2778,"0--8130"
2779,"0--7006"
2780,"0--8131"
2781,"1--60473"
2782,"0--89093"
2783,"1--937561"
2784,"0--04"
2785,"1--935830"
2786,"1--62286"
2786,"1--60162"
2787,"1--4095"
2787,"1--4749"
2787,"0--88110"
2787,"0--7945"
2788,"1--4095"
2788,"0--7945"
2789,"0--87421"
2790,"0--575"
2791,"1--5142"
2792,"90--00"
2793,"0--442"
2794,"1--940425"
2794,"1--943665"
2795,"3--525"
2796,"0--8265"
2797,"1--938164"
2798,"1--4381"
2799,"1--84730"
2800,"3--86984"
2801,"1--78504"
2802,"1--62273"
2803,"1--78168"
2803,"1--78873"
2803,"1--85984"
2803,"1--78478"
2803,"0--86091"
2803,"0--902308"
2804,"1--939130"
2805,"1--942993"
2806,"1--4012"
2807,"0--8442"
2808,"0--575"
2809,"0--8443"
2810,"0--7069"
2811,"0--525"
2811,"0--14"
2811,"0--670"
2812,"0--670"
2813,"0--14"
2813,"0--670"
2814,"0--09"
2814,"1--78470"
2815,"1--4000"
2815,"0--394"
2815,"0--679"
2815,"0--375"
2815,"0--307"
2816,"1--84408"
2817,"1--85381"
2818,"1--4555"
2819,"1--932676"
2820,"1--118"
2820,"1--306"
2821,"1--4215"
2822,"0--605"
2822,"1--4215"
2822,"1--59116"
2823,"1--5444"
2823,"1--9747"
2823,"1--59116"
2823,"1--4215"
2824,"1--61839"
2825,"0--370"
2826,"1--893622"
2826,"0--7868"
2827,"0--615"
2828,"0--901905"
2829,"0--665"
2830,"0--00"
2831,"3--11"
2832,"0--435"
2833,"0--06"
2833,"0--688"
2834,"0--393"
2834,"1--61091"
2835,"0--7216"
2836,"0--697"
2837,"1--4074"
2838,"1--85188"
2838,"0--491"
2839,"0--7167"
2840,"1--4641"
2841,"0--393"
2842,"0--393"
2843,"0--534"
2844,"1--133"
2845,"1--936649"
2845,"0--9828414"
2846,"0--00"
2847,"0--8027"
2848,"0--8027"
2849,"1--4063"
2849,"0--7445"
2850,"1--4063"
2851,"1--59415"
2852,"0--87069"
2853,"0--231"
2854,"0--231"
2855,"1--59992"
2856,"3--11"
2857,"1--63322"
2858,"0--446"
2859,"0--446"
2859,"0--445"
2860,"0--446"
2861,"1--4516"
2862,"0--931846"
2863,"1--68111"
2864,"1--910979"
2865,"0--307"
2865,"1--57856"
2866,"0--273"
2866,"0--8230"
2867,"0--8230"
2868,"0--7704"
2869,"0--7496"
2870,"1--4786"
2871,"1--84934"
2872,"3--8309"
2873,"0--7502"
2873,"0--85078"
2873,"0--85340"
2874,"0--8143"
2875,"1--4421"
2876,"1--904130"
2877,"0--938862"
2878,"0--7538"
2878,"0--297"
2879,"0--87728"
2880,"0--941807"
2880,"1--55670"
2881,"1--933339"
2882,"1--58741"
2883,"0--8195"
2884,"1--64020"
2884,"1--63459"
2884,"1--63460"
2884,"0--314"
2884,"1--68328"
2885,"0--9742137"
2886,"0--314"
2886,"0--8299"
2887,"1--938228"
2888,"0--9796625"
2889,"0--87424"
2890,"0--8133"
2891,"0--7867"
2891,"0--86531"
2891,"0--429"
2891,"0--89158"
2891,"0--8133"
2892,"0--87108"
2893,"0--9955770"
2894,"1--4104"
2894,"1--59722"
2894,"1--4056"
2895,"1--4104"
2895,"1--4328"
2895,"0--399"
2896,"0--9798400"
2897,"0--88368"
2898,"0--85488"
2898,"0--262"
2899,"0--8230"
2900,"1--84995"
2900,"1--5231"
2901,"1--84780"
2901,"1--78603"
2902,"1--62830"
2903,"1--942266"
2904,"0--471"
2904,"1--280"
2904,"1--119"
2904,"2--225"
2904,"81--224"
2904,"0--470"
2904,"1--118"
2904,"0--02"
2905,"1--4443"
2905,"1--119"
2905,"0--470"
2905,"1--118"
2905,"1--4051"
2906,"1--118"
2907,"0--471"
2908,"0--471"
2909,"0--7645"
2910,"0--7645"
2911,"0--471"
2911,"1--59124"
2912,"0--471"
2913,"0--8032"
2914,"0--8028"
2914,"1--4674"
2915,"0--8215"
2916,"0--433"
2917,"0--688"
2918,"0--683"
2919,"0--498"
2920,"0--904655"
2921,"0--09"
2921,"1--5081"
2922,"1--85089"
2923,"1--55817"
2924,"0--933595"
2925,"0--9990753"
2926,"1--4982"
2927,"1--4982"
2927,"1--62564"
2928,"1--57910"
2928,"1--4982"
2929,"0--86171"
2930,"1--84564"
2931,"0--06"
2932,"0--9717279"
2933,"0--7869"
2934,"0--7869"
2935,"1--55742"
2936,"0--697"
2937,"0--942320"
2938,"0--920911"
2939,"1--4963"
2939,"1--4511"
2939,"0--8080"
2940,"1--4511"
2941,"1--4548"
2942,"0--692"
2943,"1--908818"
2943,"0--85709"
2943,"1--85573"
2944,"0--85709"
2944,"1--85573"
2944,"1--84569"
2945,"0--9891397"
2946,"0--8047"
2946,"1--4214"
2947,"1--7327410"
2948,"1--59325"
2949,"0--87680"
2950,"1--60226"
2951,"1--55622"
2952,"0--7611"
2953,"1--60057"
2954,"0--8368"
2955,"1--4648"
2956,"1--4648"
2957,"0--8213"
2958,"0--7166"
2959,"0--7166"
2960,"0--930242"
2961,"981--4293"
2961,"981--4261"
2961,"981--4616"
2961,"981--4415"
2961,"981--4513"
2961,"981--02"
2961,"1--306"
2961,"981--327"
2961,"981--4689"
2961,"1--78634"
2961,"981--4556"
2961,"981--314"
2961,"981--256"
2961,"981--4583"
2961,"981--4566"
2961,"981--4579"
2962,"981--02"
2963,"981--327"
2964,"981--314"
2964,"981--322"
2965,"1--78634"
2966,"1--60780"
2967,"0--373"
2968,"1--4641"
2968,"1--4292"
2969,"1--889379"
2970,"0--9979049"
2971,"1--59963"
2972,"1--86100"
2973,"0--312"
2974,"0--922066"
2975,"1--60787"
2976,"1--909624"
2977,"1--906042"
2978,"1--4931"
2978,"1--4990"
2979,"1--4771"
2980,"1--59781"
2981,"0--300"
2982,"1--57198"
2983,"1--57198"
2984,"0--553"
2984,"0--7857"
2984,"0--440"
2984,"1--299"
2984,"0--606"
2984,"0--375"
2984,"0--307"
2985,"0--440"
2986,"1--932300"
2987,"0--7595"
2987,"0--316"
2988,"0--09"
2989,"1--78250"
2990,"0--944483"
2990,"0--946003"
2991,"0--7367"
2992,"0--8217"
2992,"1--4201"
2993,"1--78699"
2994,"1--78032"
2994,"1--78360"
2995,"1--5146"
2996,"0--7603"
2997,"1--78279"
2997,"1--84694"
2998,"1--921919"
2999,"0--915630"
3000,"0--310"
3001,"0--310"
3002,"1--890951"
