cluster_id,isbn,record,type
0,1--85029,1,1
1,1--63235,1,1
2,1--5084,1,1
3,1--7324712,1,1
4,1--58500,1,1
4,1--58721,1,1
5,1--4033,1,1
6,1--5011,1,1
7,0--9896385,1,1
8,1--68095,1,1
9,1--337,1,1
10,0--394,1,1
11,0--665,1,1
12,1--84614,1,1
12,0--7139,2,1
13,0--678,1,1
14,0--665,1,1
15,0--665,1,1
16,0--498,1,1
17,0--7495,1,1
18,1--942197,1,1
19,0--557,1,1
20,1--56051,1,1
21,0--349,2,1
22,1--84997,1,1
23,0--89835,1,1
24,0--89659,2,1
24,1--55859,1,1
25,0--7893,1,1
25,0--7892,1,1
26,1--4976,1,1
27,1--86147,1,1
28,0--87436,1,1
28,1--59884,1,1
29,1--61069,1,1
29,1--4408,1,1
30,1--938763,1,1
31,1--56239,1,1
32,1--68080,1,1
33,1--5321,1,1
34,1--61758,1,1
35,1--61783,1,1
36,1--5321,2,1
37,0--200,1,1
38,1--84569,1,1
39,0--8109,1,1
40,0--8109,5,1
41,0--7665,1,1
42,1--4197,2,1
43,0--7587,1,1
43,0--8109,1,1
44,1--4832,17,1
44,0--08,1,1
44,0--12,29,1
45,1--4832,5,1
45,1--4831,1,1
46,1--4832,1,1
47,1--61811,2,1
48,0--89733,3,1
49,0--89733,2,1
50,0--89733,1,1
50,1--61373,1,1
51,0--88091,1,1
52,1--78375,1,1
52,0--7505,1,1
53,0--7407,1,1
54,1--101,1,1
55,0--441,4,1
55,0--425,2,1
55,0--88103,1,1
56,0--441,2,1
57,1--338,1,1
58,0--8478,1,1
59,1--58331,1,1
60,0--6482883,1,1
61,1--84465,1,1
61,1--908049,1,1
62,0--239,1,1
63,1--55850,2,1
64,0--13,3,1
64,0--201,13,1
64,0--321,5,1
65,0--582,1,1
66,0--321,1,1
67,0--201,5,1
68,1--5201,1,1
69,1--4729,1,1
70,0--917561,2,1
71,0--13,1,1
72,1--909112,1,1
72,1--912234,1,1
73,1--4169,1,1
73,1--59961,1,1
73,1--57973,1,1
74,1--59932,1,1
75,1--59193,1,1
76,0--88411,1,1
77,1--884989,1,1
78,0--9943631,1,1
79,0--8419,1,1
80,1--879164,1,1
81,1--9867,1,1
82,1--935002,1,1
83,1--118,1,1
84,1--945540,1,1
84,1--941999,1,1
85,0--9861672,1,1
86,1--58426,1,1
87,1--945498,1,1
88,0--932627,1,1
89,1--84935,3,1
90,3--11,1,1
91,1--61775,1,1
92,0--910034,1,1
93,0--8389,1,1
94,1--4424,2,1
94,1--4814,4,1
94,0--689,4,1
94,0--02,1,1
95,0--689,2,1
96,1--4169,3,1
96,0--7587,1,1
96,0--671,1,1
96,0--689,1,1
96,1--4156,1,1
96,0--7857,1,1
97,0--7509,1,1
97,0--86299,1,1
98,0--88240,1,1
99,1--4976,1,1
99,0--8075,3,1
100,0--202,2,1
101,0--202,1,1
102,0--394,4,1
102,0--679,2,1
102,1--4000,1,1
102,0--525,1,1
102,0--307,3,1
102,0--553,2,1
102,1--9848,1,1
102,0--440,1,1
102,0--375,2,1
103,0--615,1,1
104,0--7390,1,1
105,1--4574,1,1
106,1--61620,1,1
107,1--61620,1,1
108,1--62894,1,1
109,1--5025,1,1
110,1--74331,1,1
110,0--04,6,1
111,0--7139,1,1
112,0--7490,1,1
113,0--205,1,1
114,1--61564,1,1
115,1--78332,2,1
116,0--7591,1,1
116,1--4422,1,1
117,1--55583,1,1
118,1--55583,1,1
119,0--8144,2,1
120,0--7614,1,1
121,1--4778,1,1
121,0--7614,1,1
122,1--5039,1,1
123,1--78274,1,1
124,0--912146,1,1
125,0--8488,1,1
125,0--88411,1,1
126,1--61002,1,1
127,1--56395,1,1
128,0--252,1,1
128,1--306,1,1
129,1--62722,3,1
129,1--64105,2,1
129,1--61438,2,1
130,1--61632,1,1
131,0--8412,2,1
132,1--934984,1,1
133,1--938921,1,1
134,1--5108,1,1
135,0--942320,1,1
136,0--8447,1,1
137,1--118,2,1
138,1--60958,1,1
138,0--606,1,1
138,1--5182,1,1
138,1--59369,1,1
138,1--4287,1,1
138,1--4395,1,1
138,1--60744,1,1
139,1--62410,1,1
139,1--5231,1,1
140,1--56396,1,1
141,0--517,1,1
142,1--5108,1,1
143,0--8218,3,1
143,1--4704,15,1
144,0--665,1,1
145,0--86536,1,1
146,1--932364,1,1
146,1--884829,1,1
147,1--61190,1,1
148,1--878147,1,1
149,1--4338,5,1
149,1--55798,3,1
150,0--86536,1,1
151,0--88195,1,1
152,1--61738,1,1
153,0--87262,1,1
153,0--7844,5,1
154,1--68015,1,1
154,1--891255,1,1
154,1--61344,1,1
155,0--665,1,1
156,0--89259,1,1
157,1--339,2,1
157,1--303,1,1
157,1--321,1,1
158,1--61797,1,1
159,1--62576,1,1
160,1--60895,1,1
161,1--68151,1,1
162,1--60753,1,1
163,1--68152,1,1
163,1--68151,1,1
164,1--68152,1,1
165,1--937484,1,1
166,1--886212,1,1
167,0--9837025,1,1
168,0--692,1,1
169,0--8174,1,1
170,1--64089,1,1
171,0--8218,1,1
172,0--87720,1,1
173,90--8964,1,1
174,1--4197,1,1
175,1--5237,1,1
176,0--88236,1,1
177,0--307,3,1
177,0--385,3,1
177,1--299,1,1
178,0--385,1,1
179,0--393,2,1
179,0--7136,2,1
179,1--4081,1,1
180,0--86264,1,1
180,1--78344,3,1
180,1--84939,1,1
180,1--84270,1,1
181,1--78344,1,1
182,1--4494,1,1
183,1--4494,3,1
184,0--7407,1,1
185,1--62138,1,1
186,0--85766,2,1
187,0--207,3,1
188,0--207,1,1
189,0--250,1,1
190,1--940364,1,1
191,1--4991,1,1
192,1--55451,1,1
193,1--55037,1,1
194,0--85728,1,1
194,1--78308,3,1
195,0--88010,1,1
196,1--85149,1,1
197,1--888460,1,1
198,1--59711,1,1
199,1--55783,1,1
200,1--315,2,1
200,1--926895,1,1
200,1--77188,4,1
200,1--351,1,1
201,1--940743,1,1
202,1--935328,1,1
203,1--4302,7,1
203,1--4842,11,1
203,1--59059,1,1
204,0--9924032,1,1
205,0--87795,1,1
206,1--60718,1,1
207,0--668,1,1
208,1--62872,2,1
209,0--7385,2,1
210,1--900850,1,1
211,1--4671,3,1
211,0--7385,1,1
212,1--4073,6,1
212,1--78491,5,1
213,1--78491,4,1
214,1--68255,3,1
215,1--68255,2,1
216,1--907896,1,1
217,0--208,1,1
218,1--4814,1,1
219,0--668,1,1
220,1--84837,1,1
221,1--84858,1,1
222,0--89804,1,1
223,1--908343,1,1
224,2--503,1,1
224,0--86698,1,1
225,0--916179,1,1
226,1--85063,1,1
226,0--14,3,1
226,0--7100,1,1
227,1--85132,1,1
228,0--87000,1,1
229,1--86147,1,1
229,1--84322,1,1
230,1--85409,1,1
231,0--405,14,1
232,0--405,1,1
233,0--405,12,1
233,87--85176,1,1
234,0--340,1,1
234,0--7131,8,1
235,0--7493,1,1
235,0--09,6,1
236,0--09,5,1
237,0--7347,1,1
237,1--85514,1,1
238,1--5185,1,1
239,1--63081,1,1
239,1--60807,2,1
240,0--545,1,1
241,1--908967,1,1
242,0--9835723,1,1
243,0--87846,1,1
244,1--4166,3,1
245,1--63530,1,1
246,1--315,3,1
246,1--306,3,1
246,1--4094,16,1
246,1--4724,26,1
246,0--7546,7,1
246,1--322,1,1
246,1--85972,1,1
246,1--317,1,1
246,1--351,3,1
247,1--4724,1,1
247,0--7546,1,1
247,1--351,1,1
248,1--4094,1,1
248,1--306,1,1
248,1--4724,2,1
249,1--4724,2,1
250,1--4094,1,1
251,0--86078,1,1
252,1--85398,1,1
253,0--87848,1,1
254,1--888582,1,1
255,0--87170,1,1
256,1--55581,3,1
257,0--446,1,1
258,0--7355,3,1
259,0--89443,1,1
260,0--87389,2,1
261,0--926508,1,1
262,1--4503,1,1
262,0--89871,1,1
263,0--317,1,1
264,1--5238,1,1
265,1--59407,1,1
266,1--68221,1,1
267,0--9645867,1,1
268,0--6481864,1,1
269,1--56286,1,1
270,1--886529,1,1
271,0--689,4,1
272,1--4169,1,1
272,1--4424,2,1
273,1--78239,1,1
274,1--61977,1,1
275,0--8021,3,1
275,0--87113,1,1
276,0--7434,1,1
277,1--4767,1,1
278,1--5011,1,1
279,1--58270,1,1
279,1--5011,1,1
280,0--9978974,1,1
281,0--9778023,1,1
282,1--4713,2,1
283,1--4713,1,1
283,1--4084,1,1
284,0--914904,1,1
285,1--78455,1,1
286,1--74249,4,1
287,1--76033,2,1
288,1--85078,1,1
289,1--4196,1,1
290,1--4969,1,1
290,1--5049,1,1
290,1--4490,2,1
290,1--4772,1,1
290,1--4918,2,1
291,1--4401,1,1
291,0--595,1,1
292,0--7495,1,1
293,1--57027,1,1
294,0--85147,1,1
295,1--873796,1,1
296,1--4896,2,1
297,1--62127,1,1
297,1--4896,2,1
298,1--63121,1,1
299,1--61238,1,1
300,1--59471,1,1
301,0--87055,2,1
302,0--87055,1,1
303,1--56027,1,1
304,1--61954,1,1
305,0--9841497,1,1
306,0--380,25,1
306,0--06,4,1
306,0--00,2,1
306,1--4201,1,1
307,0--380,18,1
307,0--06,3,1
307,1--4169,1,1
307,0--671,1,1
308,0--9897782,1,1
309,0--8054,1,1
310,0--631,5,1
311,0--578,1,1
312,3--7618,1,1
313,1--63339,1,1
314,1--5419,1,1
315,0--316,4,1
316,0--316,3,1
317,0--7607,2,1
318,1--4516,1,1
318,0--671,3,1
319,0--671,1,1
320,0--7020,1,1
321,0--912841,1,1
322,1--891696,1,1
323,0--8010,2,1
324,0--310,1,1
324,0--8010,4,1
325,0--8010,4,1
326,1--4525,1,1
327,0--345,39,1
327,0--449,11,1
328,0--7434,1,1
328,1--101,3,1
328,0--399,1,1
328,0--356,1,1
328,0--613,1,1
328,0--449,6,1
328,1--68324,1,1
328,0--8041,1,1
328,1--299,1,1
328,0--345,33,1
328,0--00,1,1
329,0--345,1,1
330,0--345,2,1
330,0--449,1,1
331,0--88410,1,1
332,0--06,1,1
333,1--59409,1,1
334,0--934411,1,1
335,0--8213,1,1
336,0--7181,1,1
336,0--689,1,1
336,0--7704,1,1
336,1--4424,1,1
336,0--553,52,1
336,3--453,1,1
337,1--4517,1,1
337,1--4176,1,1
337,0--15,1,1
337,0--13,1,1
337,0--8041,2,1
337,0--553,40,1
337,0--440,1,1
337,0--87720,1,1
337,1--299,1,1
338,0--553,1,1
339,0--440,2,1
340,0--385,1,1
341,0--7807,1,1
342,1--4073,2,1
343,1--5328,1,1
344,0--9621603,1,1
345,1--61626,1,1
346,1--68322,1,1
347,1--4232,1,1
347,1--57222,1,1
348,0--380,1,1
349,1--84686,4,1
350,1--78285,1,1
350,1--84148,2,1
350,1--84686,3,1
351,0--918588,1,1
352,1--4954,1,1
353,0--06,3,1
353,0--7607,5,1
353,1--4351,3,1
353,0--88029,3,1
353,1--56619,4,1
354,0--06,1,1
354,0--7607,4,1
354,0--88029,2,1
354,1--56619,1,1
355,1--56619,1,1
356,0--257,1,1
357,1--78112,3,1
358,1--78112,1,1
359,0--8120,1,1
360,1--78402,1,1
361,1--905989,1,1
362,0--465,6,1
362,1--5416,1,1
363,0--7867,1,1
364,0--631,1,1
365,0--7134,1,1
366,1--58026,1,1
367,1--4084,2,1
367,1--59722,1,1
367,1--4056,9,1
367,0--7862,1,1
368,1--84990,2,1
368,1--78594,1,1
369,1--78017,1,1
370,0--8341,2,1
371,0--8070,8,1
372,1--68402,1,1
372,1--64280,1,1
373,1--5004,1,1
374,0--8253,1,1
375,1--4576,3,1
375,1--319,1,1
376,1--57490,1,1
377,0--394,2,1
378,0--674,7,1
379,1--9761,1,1
380,0--531,3,1
380,1--62617,6,1
381,1--948742,1,1
382,1--4108,2,1
382,1--4509,1,1
382,1--60437,1,1
382,1--61672,1,1
383,0--9960803,1,1
384,0--9658028,1,1
385,1--84520,1,1
385,0--907582,1,1
385,1--85973,1,1
386,1--84788,1,1
387,1--78238,1,1
388,1--306,1,1
388,1--78533,2,1
388,0--85745,2,1
388,1--84545,1,1
389,0--515,1,1
390,0--441,3,1
390,0--425,29,1
391,0--698,1,1
391,0--425,13,1
391,0--515,1,1
392,1--78239,1,1
393,0--05,1,1
394,0--451,1,1
394,0--425,8,1
395,0--515,2,1
396,0--425,2,1
397,0--425,1,1
398,0--441,1,1
398,0--515,1,1
399,0--399,1,1
399,0--441,1,1
400,0--425,2,1
400,1--4406,1,1
400,1--4362,1,1
401,1--62656,1,1
402,0--7890,1,1
403,0--9862515,1,1
404,1--60220,1,1
405,1--4403,1,1
406,0--9618828,1,1
407,0--7506,1,1
408,1--56320,1,1
409,1--62956,1,1
410,1--925186,1,1
410,1--925247,1,1
411,0--13,1,1
412,1--78741,1,1
413,0--8323,1,1
414,0--9842003,1,1
415,0--8176,1,1
416,3--7643,1,1
417,0--85790,1,1
418,1--78027,1,1
419,1--84954,1,1
420,1--78590,1,1
421,1--908524,1,1
422,0--9632908,1,1
423,0--9715404,1,1
424,1--57912,2,1
425,1--908966,1,1
426,1--936891,1,1
427,1--62557,1,1
428,1--84416,1,1
428,1--84970,1,1
429,0--88739,1,1
430,0--692,1,1
431,1--61296,1,1
432,0--87685,4,1
433,1--306,1,1
433,1--61277,1,1
434,0--552,1,1
434,1--78416,2,1
435,0--9833933,1,1
436,0--665,1,1
437,0--631,12,1
437,1--4051,4,1
437,1--55786,1,1
438,0--470,3,1
439,0--632,1,1
440,0--631,2,1
441,0--470,2,1
442,0--86542,1,1
442,1--4443,1,1
442,0--470,1,1
443,1--4729,4,1
443,1--63286,2,1
443,1--4411,4,1
443,1--4742,9,1
443,1--4725,13,1
443,1--4088,7,1
443,0--7475,3,1
443,1--59990,1,1
443,0--567,7,1
444,1--350,16,1
444,1--306,1,1
444,1--4411,1,1
444,1--4742,6,1
444,1--4725,6,1
444,1--5013,2,1
444,1--62892,1,1
444,0--8264,1,1
445,1--350,7,1
446,1--4725,1,1
447,1--85471,1,1
448,1--870630,1,1
449,1--4088,1,1
449,1--62040,1,1
450,1--4729,1,1
451,1--350,1,1
451,1--4725,1,1
451,1--4081,1,1
452,1--60819,1,1
452,1--4088,1,1
453,1--63286,1,1
454,1--63557,1,1
455,1--4088,1,1
456,1--4482,1,1
457,1--4729,1,1
458,0--567,2,1
459,0--567,3,1
460,1--4742,1,1
460,1--4725,1,1
461,1--350,2,1
462,1--4729,1,1
463,1--68308,1,1
464,0--936185,1,1
465,0--545,1,1
466,0--912652,1,1
467,1--5098,1,1
468,1--933346,1,1
469,0--312,1,1
470,1--68188,1,1
471,1--60796,1,1
472,0--925299,1,1
473,1--55850,1,1
474,0--672,1,1
475,1--78230,1,1
475,0--670,1,1
475,0--465,1,1
475,1--84792,1,1
476,1--62639,1,1
477,0--517,1,1
478,1--59955,1,1
479,1--910508,2,1
480,1--911242,1,1
480,1--910706,2,1
481,0--8297,1,1
482,1--940598,1,1
483,1--58509,1,1
484,1--944695,1,1
485,0--9932256,1,1
486,0--9978763,1,1
487,0--8369,2,1
488,1--61863,1,1
489,1--62015,1,1
490,0--531,3,1
491,0--531,2,1
492,1--68415,1,1
492,1--60886,1,1
493,1--60886,1,1
494,0--87351,1,1
495,0--00,1,1
496,0--7537,1,1
497,1--893654,1,1
498,1--910126,1,1
499,0--8395,6,1
500,0--900952,1,1
501,0--85115,3,1
501,0--87471,1,1
501,1--78327,2,1
501,1--84615,2,1
502,1--62091,1,1
503,0--9616068,1,1
504,0--86709,1,1
505,81--280,1,1
506,0--7636,1,1
507,0--02,1,1
508,1--84100,1,1
508,0--86283,1,1
509,1--338,1,1
510,0--88464,1,1
511,1--5197,1,1
512,0--9840745,1,1
513,0--88404,1,1
514,0--9862826,1,1
515,90--04,28,1
516,90--04,2,1
517,90--04,1,1
518,1--4418,1,1
519,0--906515,2,1
519,1--85399,1,1
520,0--88486,2,1
521,1--5292,1,1
522,1--62513,1,1
523,1--61530,1,1
524,1--4073,1,1
525,1--907585,1,1
526,0--85170,1,1
527,0--7123,1,1
527,0--8020,1,1
528,0--7141,2,1
529,0--520,1,1
529,0--7141,1,1
530,1--905319,1,1
531,1--4245,1,1
532,1--55481,1,1
533,0--307,1,1
533,0--7679,1,1
534,0--307,2,1
535,0--88145,1,1
536,0--8157,3,1
537,1--133,1,1
537,0--495,2,1
538,0--534,1,1
538,0--495,1,1
539,0--8185,1,1
540,1--929145,1,1
541,1--78121,1,1
542,1--61254,1,1
543,1--59942,1,1
544,0--9859409,1,1
545,0--415,1,1
546,0--931494,1,1
547,0--9773738,1,1
548,0--89966,1,1
549,1--61148,1,1
550,0--8212,1,1
551,0--85011,1,1
552,1--78676,2,1
552,1--351,1,1
553,1--59659,1,1
553,1--7225,1,1
554,0--86012,1,1
555,0--665,1,1
556,1--63157,2,1
557,1--948976,1,1
558,1--4555,1,1
559,0--12,1,1
560,0--89397,1,1
560,0--7506,5,1
561,0--12,4,1
561,0--7506,4,1
562,0--407,1,1
563,1--4831,1,1
564,0--408,2,1
565,1--4104,1,1
566,0--914881,1,1
566,1--60705,1,1
567,0--943502,1,1
568,0--8048,3,1
569,0--8048,2,1
570,0--665,1,1
571,1--84904,2,1
572,0--517,1,1
572,1--4000,1,1
573,0--9909357,1,1
574,0--916626,1,1
575,0--8016,1,1
576,0--85435,1,1
577,1--78064,1,1
578,1--84593,1,1
578,0--85199,2,1
578,1--78064,5,1
578,1--78639,3,1
579,0--85199,1,1
580,1--936646,1,1
581,1--879394,1,1
582,0--903319,1,1
583,0--9788703,1,1
584,0--934971,1,1
585,1--4438,5,1
585,1--5275,4,1
586,1--108,1,1
586,0--521,1,1
587,0--521,102,1
588,1--108,39,1
588,1--107,73,1
588,0--511,9,1
588,1--139,16,1
588,1--316,29,1
588,0--521,101,1
589,1--107,1,1
590,1--57113,1,1
591,1--60381,1,1
592,3--593,3,1
593,3--593,2,1
594,0--329,1,1
594,0--7636,23,1
594,1--56402,2,1
594,1--4131,1,1
594,1--5362,1,1
595,0--9932755,1,1
596,0--85786,3,1
596,1--78689,1,1
597,1--892306,1,1
598,0--9913340,1,1
599,0--9974446,1,1
600,0--399,2,1
601,0--85708,1,1
601,1--4342,1,1
602,1--4966,1,1
603,1--4329,1,1
604,1--4765,1,1
604,1--62065,1,1
604,0--7368,1,1
605,0--9971625,1,1
606,1--58042,1,1
607,0--911744,1,1
608,1--63265,1,1
609,0--665,1,1
610,1--78011,1,1
611,1--84732,1,1
611,1--85868,1,1
612,1--878379,1,1
613,0--87003,1,1
614,1--63282,1,1
615,1--57505,1,1
615,0--8225,1,1
615,0--87614,1,1
616,1--5124,1,1
617,0--7867,3,1
617,0--88184,4,1
618,0--88184,1,1
619,0--7867,1,1
620,0--88184,1,1
621,1--5117,1,1
622,1--4838,1,1
623,0--665,1,1
624,1--61325,1,1
625,0--545,2,1
626,0--545,1,1
627,1--78874,1,1
628,0--89827,1,1
629,1--62032,1,1
629,1--4982,4,1
629,1--5326,2,1
629,1--62564,2,1
630,1--61200,7,1
631,1--61200,1,1
632,1--61200,3,1
633,0--665,2,1
633,0--02,1,1
633,0--304,1,1
633,0--00,1,1
634,0--665,1,1
635,0--7858,1,1
636,1--84879,1,1
637,0--9893576,1,1
638,1--78469,1,1
639,0--8132,4,1
640,1--5238,1,1
641,1--5193,1,1
642,1--874241,1,1
643,1--62713,1,1
643,1--5026,3,1
644,1--5026,1,1
645,1--60047,1,1
646,1--4812,1,1
647,1--118,1,1
648,1--934309,1,1
649,1--337,4,1
650,1--305,11,1
650,1--285,5,1
650,1--337,3,1
650,1--4737,2,1
650,1--4619,1,1
651,1--305,1,1
651,1--285,1,1
652,1--60285,1,1
653,0--9819005,1,1
654,1--4773,1,1
655,1--4422,1,1
656,1--4422,4,1
657,1--60285,3,1
658,1--58547,1,1
658,1--62899,7,1
658,1--68324,7,1
658,1--64358,1,1
658,1--61173,5,1
659,1--60285,1,1
659,1--58547,2,1
660,1--61173,1,1
661,1--5460,1,1
662,615--5225,1,1
663,963--386,1,1
664,1--58664,1,1
665,0--335,1,1
666,1--910627,1,1
667,1--84605,1,1
667,0--09,1,1
668,0--939784,1,1
669,1--55517,1,1
670,0--9647194,1,1
671,1--4736,1,1
672,0--245,1,1
673,1--85152,1,1
674,1--68350,1,1
675,1--84541,1,1
676,0--412,8,1
676,94--009,1,1
677,0--412,1,1
678,1--9998593,1,1
679,1--5496,1,1
680,0--398,1,1
681,0--8048,1,1
682,1--58450,1,1
683,0--306,1,1
684,1--60734,1,1
684,1--58089,1,1
685,1--84395,1,1
685,0--7089,6,1
685,1--4448,2,1
686,0--441,2,1
687,0--89009,1,1
687,0--7858,4,1
688,0--7858,2,1
689,1--78413,1,1
690,0--517,1,1
691,0--7011,4,1
691,0--330,1,1
692,0--9965712,1,1
693,0--8160,1,1
694,0--7910,1,1
694,1--55546,2,1
695,1--55546,1,1
696,1--931167,1,1
697,1--5341,1,1
697,1--63472,1,1
698,1--56850,1,1
699,1--61373,1,1
700,1--61159,1,1
701,1--935096,1,1
702,1--904550,1,1
702,0--85953,1,1
703,1--84643,1,1
704,1--5038,5,1
704,0--913778,1,1
705,0--89239,1,1
706,0--06,1,1
707,0--516,2,1
708,0--516,1,1
709,1--223,1,1
709,1--62323,2,1
710,0--692,1,1
711,1--84464,1,1
712,0--7451,21,1
713,0--7451,1,1
713,0--7089,1,1
714,0--7451,18,1
714,0--85119,3,1
714,0--7838,1,1
714,0--86220,1,1
714,1--55504,6,1
714,0--89340,2,1
714,0--312,1,1
714,0--7540,5,1
714,0--7927,1,1
715,0--9664536,1,1
716,0--87061,1,1
717,0--915684,1,1
718,0--87508,2,1
719,0--87952,1,1
720,0--9889290,1,1
721,1--5272,1,1
722,1--4081,1,1
723,1--4521,1,1
724,0--87148,1,1
725,0--443,2,1
726,0--9910420,1,1
727,1--78249,1,1
728,1--63202,1,1
729,0--9839837,1,1
730,0--13,2,1
730,1--58705,2,1
730,1--58714,1,1
730,1--58720,1,1
731,0--8065,1,1
732,0--87286,1,1
733,1--63240,1,1
734,0--19,27,1
735,0--19,26,1
736,0--544,3,1
736,1--328,1,1
737,0--517,1,1
738,1--909828,1,1
739,1--85959,1,1
740,0--9765196,1,1
741,1--60537,1,1
742,0--8063,2,1
743,0--8063,1,1
744,1--62778,2,1
745,1--942954,1,1
746,1--57860,1,1
747,0--300,1,1
748,0--8220,1,1
749,0--8220,1,1
750,1--85089,1,1
751,0--89287,1,1
752,1--62774,1,1
753,1--63487,1,1
754,0--89145,4,1
755,1--84890,1,1
756,0--02,2,1
756,0--684,1,1
757,0--600,1,1
758,0--06,23,1
758,0--914629,1,1
758,0--88214,1,1
758,0--00,29,1
759,0--00,1,1
760,0--00,1,1
761,0--529,1,1
762,1--890730,1,1
763,0--86283,1,1
764,1--85833,1,1
765,0--9746539,1,1
766,0--9623556,1,1
767,0--231,18,1
768,0--231,17,1
768,0--19,1,1
769,0--620,1,1
770,1--62276,1,1
771,1--58899,1,1
772,92--825,2,1
773,0--9856480,1,1
774,1--881479,1,1
775,1--56751,1,1
776,1--61229,1,1
777,1--84859,4,1
777,0--85092,4,1
778,0--8038,1,1
779,1--78279,1,1
779,1--78099,2,1
780,1--4747,1,1
780,0--7565,1,1
781,1--86340,1,1
782,1--5236,1,1
783,94--011,1,1
784,1--880229,1,1
785,0--7586,2,1
786,0--8237,1,1
787,1--908428,1,1
788,1--906364,1,1
789,1--57625,1,1
790,1--84232,1,1
791,0--9890608,1,1
792,0--306,1,1
793,0--8092,1,1
793,0--07,1,1
794,1--4288,1,1
795,1--4411,4,1
795,0--8264,6,1
795,0--8044,1,1
796,958--9351,1,1
797,1--105,1,1
798,0--89191,1,1
799,1--62125,1,1
800,1--85833,1,1
801,0--7613,1,1
801,0--606,1,1
802,1--55659,1,1
803,0--9896512,1,1
804,0--552,7,1
805,0--552,5,1
805,0--440,1,1
806,0--8014,4,1
807,0--8014,3,1
807,1--5017,3,1
808,0--87291,1,1
809,0--9943034,1,1
810,1--4721,1,1
811,1--84887,1,1
811,1--78239,1,1
812,1--4522,1,1
812,1--5063,1,1
813,1--4833,1,1
814,1--4833,1,1
814,0--7619,1,1
815,1--56518,1,1
816,0--87609,1,1
817,1--58243,1,1
817,1--64009,2,1
817,1--61902,1,1
818,0--600,1,1
819,0--915608,1,1
820,1--62108,1,1
821,0--698,1,1
822,1--4833,2,1
823,0--86505,1,1
824,0--7787,1,1
825,0--7787,6,1
826,1--4271,1,1
826,0--7787,5,1
827,0--904508,1,1
828,0--9544613,1,1
829,1--315,4,1
829,0--429,2,1
829,1--4200,2,1
829,1--4441,1,1
829,1--4665,7,1
829,1--4987,15,1
829,0--8493,2,1
829,0--203,1,1
829,1--351,9,1
829,1--138,6,1
829,1--4822,12,1
829,1--4398,6,1
830,1--315,1,1
830,0--429,1,1
830,1--4665,3,1
830,1--4987,4,1
830,1--138,1,1
830,1--4822,4,1
830,1--4398,2,1
831,1--78029,1,1
832,1--5441,1,1
833,0--312,1,1
834,1--4495,1,1
834,1--4929,2,1
834,1--5307,2,1
834,1--4849,1,1
834,1--4895,1,1
834,1--4995,1,1
834,1--4922,1,1
834,1--4782,1,1
834,1--9805,1,1
834,1--4663,1,1
834,1--4781,1,1
834,1--4752,1,1
834,1--4997,1,1
834,0--9930940,1,1
834,1--4827,1,1
834,1--4775,1,1
834,1--5009,1,1
834,1--4700,1,1
835,1--4975,1,1
835,1--5058,1,1
836,1--5055,1,1
837,1--5447,1,1
837,1--4929,1,1
837,1--5394,1,1
837,1--5307,1,1
837,1--7174,1,1
837,1--5025,1,1
837,1--4699,1,1
837,1--4959,1,1
837,1--4937,1,1
837,0--9980828,1,1
837,1--9832,1,1
837,1--5175,1,1
837,1--9811,1,1
837,1--5446,1,1
837,1--5442,1,1
837,1--5306,1,1
837,1--5398,1,1
837,1--4810,1,1
837,1--5002,1,1
837,1--9841,1,1
837,1--5089,1,1
837,1--7220,1,1
837,1--4960,1,1
837,1--5114,1,1
837,1--4935,1,1
837,1--9869,1,1
837,1--5470,1,1
837,1--4802,1,1
837,1--4954,1,1
837,1--5374,1,1
837,1--5057,1,1
837,1--4910,1,1
838,1--880675,1,1
839,0--88488,1,1
840,0--9547634,1,1
841,0--517,1,1
842,0--7858,3,1
843,0--8126,1,1
844,0--451,1,1
844,1--57912,1,1
844,0--00,1,1
845,1--5072,1,1
846,1--56052,1,1
847,1--55547,1,1
848,1--68331,1,1
849,1--4627,1,1
850,0--8245,2,1
851,0--8245,1,1
852,0--89107,1,1
853,0--690,2,1
853,0--8152,1,1
854,1--101,1,1
855,0--553,1,1
856,0--385,1,1
857,1--78583,1,1
858,1--5247,1,1
858,0--517,3,1
858,0--553,1,1
859,1--84797,1,1
860,0--9521779,1,1
861,0--665,1,1
862,0--665,1,1
863,1--940430,1,1
864,1--62276,1,1
865,0--443,1,1
866,1--4957,1,1
866,0--7609,1,1
867,0--7007,1,1
868,0--910965,1,1
869,1--9838,1,1
870,1--5089,1,1
871,0--665,1,1
872,0--665,1,1
873,0--665,1,1
874,0--679,1,1
875,0--86486,1,1
875,1--85649,1,1
876,90--277,1,1
877,1--78744,1,1
877,1--84384,6,1
878,1--84384,1,1
879,0--665,1,1
880,0--306,4,1
881,0--7382,3,1
882,0--7382,1,1
883,0--7382,1,1
884,0--306,3,1
885,0--7582,1,1
886,1--84262,2,1
887,1--85389,2,1
888,1--85389,1,1
888,1--84262,1,1
889,1--62897,2,1
889,1--56478,1,1
890,1--4530,1,1
891,2--205,3,1
892,0--917201,1,1
893,1--59307,1,1
893,1--61655,1,1
894,0--232,1,1
895,0--9882176,2,1
895,0--9969895,1,1
895,0--9969896,3,1
896,0--7814,1,1
896,1--4347,2,1
896,0--912692,1,1
897,0--385,1,1
898,0--87923,1,1
898,1--56792,2,1
899,1--56792,1,1
900,1--988631,1,1
901,1--941701,2,1
901,3--86930,1,1
902,0--88677,1,1
903,0--87997,1,1
903,0--698,1,1
903,0--7564,2,1
904,0--692,1,1
905,0--8128,1,1
906,1--4012,6,1
907,1--4012,1,1
908,0--929500,1,1
909,1--61451,3,1
909,3--11,35,1
909,3--0346,1,1
909,1--5015,2,1
910,1--61451,1,1
910,3--11,1,1
910,1--5015,1,1
911,3--11,2,1
912,3--11,1,1
913,0--665,1,1
914,1--62202,1,1
915,1--910251,1,1
916,1--939755,1,1
917,0--05,1,1
917,0--345,4,1
918,0--345,3,1
919,0--345,2,1
920,0--385,3,1
920,0--440,2,1
921,0--385,1,1
921,0--440,1,1
922,0--9991037,1,1
923,1--4481,1,1
923,0--385,3,1
923,0--915220,1,1
923,0--440,35,1
924,0--679,1,1
925,0--440,12,1
925,0--307,1,1
925,0--396,1,1
925,1--5181,1,1
926,0--440,3,1
927,0--385,1,1
927,0--440,2,1
928,0--440,1,1
929,0--440,2,1
929,1--4131,1,1
930,0--8273,2,1
931,3--7913,2,1
932,3--7913,1,1
933,0--385,3,1
934,0--385,1,1
935,0--8180,1,1
936,1--62571,1,1
937,0--9609986,1,1
938,0--7044,1,1
939,0--9662468,1,1
940,0--517,1,1
941,1--62465,1,1
942,0--9703964,1,1
943,0--89281,1,1
944,1--56043,1,1
945,0--87516,2,1
946,0--87516,1,1
947,0--9670843,1,1
948,1--942261,1,1
949,1--101,1,1
949,1--5444,1,1
949,0--7352,1,1
949,0--8037,4,1
950,0--385,2,1
950,0--8037,3,1
951,0--385,1,1
952,1--5022,1,1
953,1--5405,1,1
954,1--937735,2,1
955,1--937735,1,1
956,1--937901,1,1
957,0--9807460,1,1
958,1--62707,1,1
959,1--57293,1,1
960,1--4231,1,1
960,1--60686,1,1
960,0--7868,1,1
961,1--4847,1,1
961,1--368,1,1
962,1--62681,1,1
962,1--68230,1,1
963,0--241,2,1
963,1--4654,8,1
964,0--241,1,1
965,0--7894,3,1
966,1--5364,1,1
966,1--5490,1,1
966,1--5182,1,1
966,0--7566,2,1
966,0--7894,2,1
966,1--4654,7,1
967,1--4654,1,1
967,0--7566,1,1
968,1--85882,1,1
969,0--396,4,1
970,0--553,1,1
971,0--396,2,1
972,0--665,1,1
973,1--4575,1,1
974,1--60844,1,1
975,0--9729467,1,1
976,0--85105,1,1
976,0--19,1,1
977,1--85881,1,1
978,1--55611,1,1
979,0--8439,3,1
980,0--8439,1,1
980,0--85768,1,1
981,0--8439,1,1
982,0--9883329,1,1
983,85--250,1,1
983,0--7566,2,1
984,0--241,1,1
985,1--4809,1,1
986,0--88029,2,1
987,0--256,1,1
988,1--933675,1,1
989,1--948340,1,1
990,0--9718696,1,1
991,0--9972899,1,1
992,0--552,1,1
992,0--385,9,1
993,1--78162,1,1
994,0--7394,1,1
995,0--88899,1,1
995,1--926685,2,1
995,1--55365,1,1
996,0--486,13,1
997,0--486,12,1
998,0--486,10,1
999,0--486,4,1
1000,1--943402,1,1
1001,1--4617,2,1
1002,1--4617,1,1
1002,1--60893,1,1
1003,1--935703,1,1
1004,0--9898242,1,1
1005,0--394,1,1
1005,0--517,1,1
1006,0--87749,1,1
1006,0--8473,1,1
1007,0--89676,1,1
1008,0--8222,7,1
1009,0--8222,4,1
1010,1--62798,3,1
1010,1--63533,1,1
1010,1--62380,1,1
1011,0--9564110,1,1
1012,1--907002,1,1
1013,0--7156,1,1
1014,0--87800,1,1
1015,1--62013,2,1
1015,1--62011,2,1
1015,1--62012,2,1
1015,1--63421,1,1
1016,0--8223,6,1
1016,1--283,2,1
1017,1--84483,1,1
1018,1--4597,1,1
1019,1--78046,2,1
1020,0--931745,1,1
1021,1--938093,1,1
1022,1--940575,1,1
1023,1--5247,1,1
1023,0--525,5,1
1023,1--4022,1,1
1023,1--101,1,1
1024,0--525,1,1
1024,0--14,1,1
1025,0--534,1,1
1026,0--9864304,1,1
1027,1--4718,3,1
1028,1--4976,1,1
1028,1--941531,1,1
1028,1--937854,1,1
1028,1--941088,1,1
1029,0--419,2,1
1030,0--203,1,1
1031,0--7131,3,1
1032,80--7484,1,1
1033,2--37372,1,1
1034,1--78254,1,1
1034,1--84376,1,1
1034,1--84064,1,1
1035,0--8166,1,1
1036,0--470,1,1
1036,0--85312,1,1
1037,0--525,2,1
1038,1--61756,2,1
1039,0--665,1,1
1040,0--665,1,1
1041,1--315,2,1
1041,1--317,1,1
1041,1--138,1,1
1042,0--932296,1,1
1043,1--4121,1,1
1044,0--06,1,1
1044,1--57423,1,1
1045,0--9848049,1,1
1046,0--913035,1,1
1047,1--78552,1,1
1048,0--7945,2,1
1049,1--903919,1,1
1050,1--78471,1,1
1051,1--890311,1,1
1052,0--8308,1,1
1053,0--89729,1,1
1054,1--283,1,1
1054,1--4744,7,1
1054,0--7486,12,1
1055,1--5099,1,1
1056,85--328,1,1
1057,1--945234,1,1
1058,958--781,1,1
1059,0--8297,2,1
1060,1--931536,1,1
1061,0--8179,1,1
1062,0--930315,1,1
1063,0--87694,1,1
1064,0--87778,1,1
1065,0--8388,1,1
1066,0--7131,2,1
1067,0--85793,5,1
1067,1--78347,4,1
1067,1--84542,3,1
1067,1--78254,4,1
1067,1--84720,2,1
1067,1--84376,3,1
1067,1--78100,6,1
1067,1--84844,5,1
1067,1--84980,4,1
1067,1--78195,2,1
1068,1--78536,4,1
1068,1--84542,1,1
1068,1--84064,2,1
1069,1--78254,1,1
1069,1--78897,1,1
1069,1--78471,4,1
1069,1--84980,2,1
1069,1--78643,1,1
1069,1--78536,3,1
1069,1--78811,2,1
1070,1--78347,1,1
1070,1--78811,1,1
1070,1--78471,1,1
1071,1--78195,1,1
1072,0--7734,1,1
1073,1--78536,1,1
1073,1--78471,2,1
1074,0--8028,9,1
1075,0--8028,1,1
1076,0--8028,2,1
1077,1--4052,12,1
1078,1--4052,4,1
1079,1--57506,1,1
1080,1--4492,1,1
1081,1--906011,1,1
1082,0--9823025,1,1
1083,1--86204,1,1
1083,0--00,1,1
1084,1--902618,1,1
1085,0--6484200,1,1
1086,1--7324141,1,1
1087,1--9861,1,1
1088,0--9629198,1,1
1089,1--4199,11,1
1090,1--4199,6,1
1091,1--4199,4,1
1092,1--4199,3,1
1093,1--4199,2,1
1094,1--4199,1,1
1095,1--4199,1,1
1096,0--12,1,1
1097,0--323,24,1
1097,0--85334,1,1
1097,0--12,11,1
1097,0--444,5,1
1097,1--85617,2,1
1097,1--4557,4,1
1097,1--299,1,1
1097,1--4831,1,1
1097,0--7506,1,1
1098,0--12,3,1
1099,1--4832,1,1
1100,94--011,1,1
1101,1--85617,1,1
1102,0--323,2,1
1103,0--12,1,1
1104,0--7020,1,1
1104,0--323,4,1
1104,1--4377,1,1
1104,1--4557,3,1
1105,0--444,1,1
1106,1--78190,1,1
1106,1--78560,1,1
1106,1--78350,3,1
1107,1--78635,1,1
1107,1--78714,1,1
1107,1--78350,1,1
1108,1--78714,1,1
1108,1--78754,1,1
1109,0--907453,1,1
1110,0--87523,1,1
1111,0--9616156,1,1
1112,1--948338,1,1
1113,1--59403,1,1
1114,0--85229,1,1
1114,1--59339,2,1
1115,1--59339,1,1
1116,1--4645,1,1
1116,0--7660,3,1
1117,0--7660,1,1
1118,0--7660,4,1
1119,1--68281,1,1
1120,1--58576,2,1
1121,0--380,1,1
1121,0--06,1,1
1122,1--78397,1,1
1123,0--87135,1,1
1124,0--88734,1,1
1125,0--615,1,1
1126,1--78179,2,1
1126,1--84553,2,1
1127,1--5031,1,1
1128,1--62105,1,1
1129,0--7592,2,1
1130,1--312,1,1
1131,0--615,1,1
1132,0--9930471,1,1
1133,1--4722,1,1
1134,0--674,1,1
1135,1--871891,1,1
1136,0--9886922,1,1
1136,0--9897532,1,1
1137,0--9862378,1,1
1138,1--60945,2,1
1139,0--936993,1,1
1140,0--900362,1,1
1141,1--910118,1,1
1142,0--237,1,1
1143,1--68230,1,1
1144,1--85744,1,1
1145,0--89673,1,1
1145,0--671,1,1
1146,0--917168,1,1
1147,0--671,1,1
1148,1--61519,1,1
1149,1--62424,1,1
1150,1--945566,1,1
1151,0--945092,1,1
1152,0--8036,2,1
1153,1--84782,2,1
1153,1--84617,3,1
1153,0--7089,24,1
1153,1--4448,14,1
1153,1--78541,1,1
1154,0--7089,6,1
1155,1--4448,4,1
1156,0--7089,4,1
1157,1--4448,1,1
1158,0--7146,1,1
1159,0--665,1,1
1160,0--665,1,1
1161,1--4403,1,1
1162,0--7232,2,1
1163,0--531,1,1
1164,0--9994796,1,1
1165,0--571,16,1
1166,1--7270,1,1
1167,1--85604,2,1
1168,1--78330,1,1
1168,1--85604,1,1
1169,1--4381,1,1
1169,0--8160,1,1
1170,0--612,1,1
1171,1--940997,1,1
1172,1--5028,1,1
1173,1--5013,1,1
1174,1--56367,1,1
1175,0--8386,1,1
1176,1--57749,1,1
1177,0--89276,1,1
1178,1--4555,1,1
1179,0--941404,1,1
1180,1--4351,1,1
1181,1--85000,1,1
1182,0--9727571,1,1
1183,1--5486,1,1
1184,1--60699,2,1
1185,1--60699,1,1
1186,1--85083,1,1
1186,0--916271,1,1
1187,0--374,1,1
1188,0--374,11,1
1189,1--59112,2,1
1189,0--374,5,1
1190,1--78035,1,1
1190,1--78456,1,1
1191,1--5089,1,1
1192,0--445,1,1
1192,0--449,1,1
1192,1--299,1,1
1193,0--449,1,1
1194,0--449,2,1
1195,0--449,9,1
1196,0--449,3,1
1197,0--449,3,1
1198,0--449,2,1
1199,0--915099,1,1
1200,1--57366,1,1
1201,0--8224,1,1
1202,1--4729,2,1
1203,1--4729,1,1
1204,1--250,1,1
1205,1--68025,1,1
1206,0--692,1,1
1207,1--55861,1,1
1208,0--9864373,1,1
1209,1--936239,1,1
1210,3--506,1,1
1211,1--77327,1,1
1211,1--927958,2,1
1212,1--908824,1,1
1213,0--9941764,1,1
1214,0--85119,1,1
1215,0--7451,1,1
1216,0--913643,1,1
1217,0--2281,1,1
1218,0--684,1,1
1219,1--62672,1,1
1220,0--85748,1,1
1221,1--935049,1,1
1222,3--596,1,1
1223,1--5301,1,1
1224,1--888659,1,1
1225,1--4104,1,1
1225,0--7862,1,1
1226,0--85775,1,1
1227,2--08,1,1
1228,1--250,1,1
1229,1--4951,1,1
1230,0--615,1,1
1231,1--942833,1,1
1232,0--692,1,1
1233,1--77093,1,1
1233,1--897533,1,1
1234,1--911171,1,1
1235,1--900433,1,1
1236,1--59538,1,1
1237,1--315,2,1
1237,0--240,2,1
1237,0--415,1,1
1237,1--136,1,1
1238,1--63517,1,1
1239,1--101,1,1
1240,0--307,1,1
1241,0--646,1,1
1242,0--695,1,1
1243,1--4552,1,1
1244,1--941610,1,1
1245,0--00,2,1
1246,1--939994,1,1
1247,1--936010,1,1
1248,1--946633,1,1
1249,0--8232,5,1
1250,1--61168,1,1
1251,1--5387,1,1
1252,0--8125,2,1
1252,1--250,1,1
1253,0--8125,1,1
1254,1--333,1,1
1255,1--4514,1,1
1256,1--63242,1,1
1257,1--68036,1,1
1258,1--84682,1,1
1259,1--85702,1,1
1259,0--00,1,1
1260,0--7112,1,1
1261,1--84507,3,1
1262,1--78603,1,1
1262,1--84507,2,1
1263,1--57659,1,1
1264,1--5444,1,1
1264,1--4451,4,1
1265,0--8044,1,1
1266,0--7232,3,1
1267,0--7232,1,1
1268,0--7432,1,1
1268,1--4516,3,1
1268,0--02,5,1
1268,0--684,1,1
1268,1--4391,2,1
1269,0--02,1,1
1270,0--912114,1,1
1270,1--907804,2,1
1271,1--59059,1,1
1272,1--9743,1,1
1273,1--62887,2,1
1274,0--470,1,1
1274,1--118,1,1
1275,0--13,3,1
1276,1--4639,1,1
1277,0--578,1,1
1278,0--86007,1,1
1279,1--938853,1,1
1280,0--9556069,1,1
1281,0--04,1,1
1282,0--06,1,1
1282,0--7838,1,1
1282,0--8161,29,1
1283,0--8161,2,1
1284,0--665,1,1
1285,0--665,1,1
1286,0--399,2,1
1286,0--425,1,1
1286,0--7352,2,1
1287,0--615,1,1
1288,1--4234,1,1
1289,0--9619072,1,1
1290,1--78281,1,1
1291,2--36409,1,1
1292,1--935263,1,1
1293,0--88365,2,1
1294,1--4103,7,1
1294,0--7876,1,1
1295,1--4103,1,1
1296,1--57302,1,1
1296,1--4104,4,1
1296,1--59722,1,1
1296,0--684,1,1
1296,1--4103,4,1
1296,1--59413,2,1
1297,0--8103,4,1
1298,0--8103,1,1
1299,0--9957456,1,1
1300,0--8317,3,1
1300,1--4767,1,1
1300,1--4165,1,1
1301,0--902996,1,1
1302,0--635,1,1
1303,0--88266,1,1
1304,1--4339,1,1
1304,0--8368,1,1
1305,1--5382,4,1
1305,1--4824,6,1
1306,0--8153,2,1
1307,0--8240,1,1
1308,0--8153,1,1
1309,1--5002,1,1
1310,1--55447,1,1
1311,0--9719369,1,1
1312,0--88362,1,1
1313,1--910680,2,1
1314,1--5237,1,1
1315,0--8063,1,1
1316,1--78620,1,1
1317,0--04,1,1
1317,0--415,1,1
1318,1--942695,1,1
1319,1--62616,1,1
1320,1--60606,1,1
1321,0--9816525,1,1
1322,1--57999,1,1
1323,0--906094,1,1
1324,1--4236,6,1
1325,1--4236,1,1
1326,1--4988,18,1
1327,1--4988,16,1
1328,1--4988,14,1
1329,1--68370,1,1
1330,0--7171,1,1
1331,0--7171,1,1
1332,1--5148,1,1
1333,1--909942,1,1
1334,0--07,2,1
1335,0--07,1,1
1336,1--78915,1,1
1337,0--7664,1,1
1338,0--9825353,1,1
1339,0--9929147,1,1
1340,0--87106,1,1
1340,0--7627,1,1
1341,0--307,1,1
1342,0--7364,1,1
1343,0--307,4,1
1344,1--9791,1,1
1345,3--95730,1,1
1346,0--575,8,1
1346,1--4732,1,1
1347,1--4839,1,1
1348,1--910158,1,1
1349,1--908999,1,1
1350,0--203,1,1
1350,2--88124,2,1
1351,1--61143,1,1
1351,1--61719,1,1
1351,1--4632,2,1
1352,1--4632,1,1
1353,1--59240,1,1
1354,1--4724,4,1
1354,0--566,3,1
1354,1--317,1,1
1354,0--86078,1,1
1355,0--12,1,1
1356,0--7627,1,1
1357,0--246,1,1
1357,0--586,2,1
1358,94--009,1,1
1359,0--9961117,1,1
1360,0--517,1,1
1361,0--517,1,1
1362,0--583,1,1
1363,0--586,1,1
1364,0--246,1,1
1365,0--446,3,1
1366,1--60941,1,1
1366,1--4555,6,1
1366,0--446,1,1
1366,1--68331,1,1
1366,1--5387,3,1
1367,1--4555,1,1
1367,1--5387,1,1
1368,1--5387,1,1
1369,1--4636,1,1
1370,1--85830,1,1
1371,1--85627,2,1
1372,1--949520,1,1
1373,1--78378,1,1
1373,1--84708,2,1
1374,0--15,1,1
1375,1--936114,1,1
1376,1--55597,2,1
1377,1--939014,1,1
1378,0--85784,1,1
1379,0--9776017,1,1
1380,1--4156,1,1
1380,0--15,1,1
1381,0--88138,1,1
1382,0--907400,1,1
1383,1--56510,1,1
1384,1--78353,3,1
1385,1--78353,1,1
1386,0--86288,1,1
1387,0--06,3,1
1388,0--313,2,1
1388,1--4408,1,1
1389,0--8371,19,1
1389,0--313,1,1
1390,0--8398,1,1
1391,1--68217,2,1
1392,0--9833982,1,1
1393,1--68399,1,1
1394,0--931238,1,1
1395,0--7172,3,1
1396,0--7172,2,1
1397,0--606,1,1
1397,0--605,1,1
1397,0--448,9,1
1398,0--670,1,1
1399,0--9908303,1,1
1400,0--394,2,1
1401,0--8021,5,1
1401,0--394,1,1
1402,1--909808,1,1
1402,1--910690,1,1
1402,1--898697,1,1
1403,0--930655,1,1
1404,0--8249,1,1
1405,0--692,1,1
1406,0--89862,1,1
1406,1--57230,1,1
1406,1--60623,1,1
1406,1--4625,6,1
1407,3--437,1,1
1408,0--8109,1,1
1409,0--665,1,1
1410,0--8050,2,1
1411,1--5009,1,1
1412,0--11,2,1
1413,0--8109,1,1
1414,0--672,3,1
1415,0--922613,1,1
1416,1--5098,1,1
1416,0--316,3,1
1417,0--87220,1,1
1418,1--62466,1,1
1419,1--905559,1,1
1420,0--87529,1,1
1421,1--61244,1,1
1422,1--60559,1,1
1423,0--241,3,1
1424,0--600,4,1
1425,0--600,1,1
1426,0--8437,1,1
1427,0--919654,1,1
1428,1--56053,1,1
1429,0--15,20,1
1429,1--4420,1,1
1429,0--7569,1,1
1430,0--15,1,1
1431,0--590,1,1
1431,0--15,7,1
1432,0--15,1,1
1433,1--56333,1,1
1434,1--313,1,1
1435,0--7394,1,1
1435,0--385,1,1
1436,1--4268,2,1
1436,0--373,30,1
1437,0--373,11,1
1438,0--373,4,1
1438,1--335,1,1
1439,0--373,2,1
1440,1--64080,1,1
1441,0--517,1,1
1442,0--06,100,1
1442,0--665,2,1
1442,0--691,1,1
1442,0--00,21,1
1443,0--06,21,1
1443,0--8371,1,1
1443,0--19,1,1
1443,0--8335,1,1
1444,0--06,1,1
1445,0--06,1,1
1446,0--06,3,1
1447,0--06,1,1
1448,0--06,1,1
1449,0--06,2,1
1450,0--06,2,1
1450,0--00,3,1
1451,0--06,1,1
1452,0--544,1,1
1453,0--313,1,1
1454,0--06,1,1
1455,1--5047,1,1
1456,0--88730,1,1
1457,0--06,21,1
1457,1--4242,2,1
1457,0--7587,1,1
1457,0--201,1,1
1457,0--88103,1,1
1457,0--207,1,1
1457,0--00,16,1
1458,0--06,1,1
1458,0--00,6,1
1459,0--06,1,1
1460,0--06,6,1
1460,1--5490,1,1
1460,1--4352,1,1
1460,1--4242,1,1
1460,0--606,1,1
1460,1--4301,1,1
1460,0--380,1,1
1460,0--00,1,1
1461,1--4185,1,1
1462,0--06,4,1
1462,0--00,2,1
1462,1--4420,1,1
1463,0--00,1,1
1464,0--06,3,1
1465,0--06,2,1
1466,0--06,5,1
1466,0--606,1,1
1467,0--06,7,1
1468,0--06,5,1
1468,0--329,1,1
1469,0--06,1,1
1469,0--605,1,1
1469,0--613,1,1
1470,0--380,1,1
1471,0--06,10,1
1471,0--8479,1,1
1472,0--06,1,1
1472,0--329,1,1
1472,1--4287,1,1
1472,1--4395,1,1
1472,0--439,1,1
1473,2--8187,1,1
1474,0--85719,1,1
1475,0--8109,1,1
1476,1--5099,5,1
1477,1--78225,1,1
1477,1--84946,2,1
1477,1--5099,4,1
1478,1--5099,1,1
1479,1--63369,2,1
1480,0--87584,1,1
1481,1--55832,1,1
1482,1--61250,4,1
1483,0--674,2,1
1483,1--68417,1,1
1484,0--674,49,1
1484,0--19,1,1
1485,0--674,1,1
1486,0--544,1,1
1487,0--7369,3,1
1488,0--8383,1,1
1489,0--9905050,1,1
1490,0--7890,1,1
1491,0--86656,1,1
1491,1--56024,1,1
1492,1--315,1,1
1493,0--470,1,1
1494,1--56170,1,1
1494,1--78180,2,1
1495,1--4019,2,1
1496,1--78180,1,1
1497,0--8104,1,1
1498,1--78371,1,1
1498,1--60846,4,1
1499,1--56392,1,1
1500,1--56392,1,1
1501,1--85332,1,1
1502,1--908800,1,1
1502,1--78497,3,1
1502,1--78185,2,1
1502,1--78669,1,1
1502,1--78408,1,1
1502,1--78854,1,1
1503,1--78497,1,1
1504,0--7472,2,1
1504,1--4722,1,1
1504,0--7553,2,1
1505,0--7472,1,1
1506,0--7553,1,1
1507,1--910482,1,1
1508,1--936297,1,1
1509,1--947784,1,1
1510,0--435,5,1
1510,0--325,2,1
1510,0--434,5,1
1510,0--86863,1,1
1511,0--435,1,1
1512,0--435,1,1
1513,1--4846,1,1
1513,1--4109,1,1
1513,1--4329,2,1
1513,1--4395,1,1
1513,0--431,1,1
1514,1--4846,1,1
1515,1--4240,1,1
1516,3--85272,1,1
1517,0--8195,2,1
1518,1--909384,2,1
1519,1--910777,1,1
1519,1--911096,2,1
1519,1--911512,1,1
1519,1--909384,1,1
1520,1--56563,1,1
1521,0--312,1,1
1521,0--8050,5,1
1522,0--8050,4,1
1523,1--62779,2,1
1523,1--4668,1,1
1523,0--8050,3,1
1523,1--250,1,1
1524,1--62779,1,1
1525,0--8050,1,1
1526,0--11,1,1
1527,0--8361,1,1
1528,0--9574807,1,1
1529,0--7884,2,1
1530,1--55613,1,1
1531,1--4052,1,1
1532,1--78214,1,1
1532,1--901289,1,1
1532,1--84477,1,1
1532,0--681,1,1
1533,1--78094,2,1
1533,1--84391,1,1
1534,1--9733,1,1
1535,1--988353,1,1
1536,1--944216,1,1
1537,1--64303,1,1
1537,1--68329,4,1
1538,0--8090,1,1
1539,1--5449,1,1
1540,0--590,1,1
1541,0--7818,3,1
1542,0--88254,1,1
1542,0--7818,2,1
1543,0--7818,1,1
1544,0--915057,1,1
1545,1--937941,1,1
1546,3--7913,1,1
1547,1--900168,1,1
1548,1--932663,1,1
1549,0--9652331,1,1
1550,1--62619,1,1
1550,1--4671,1,1
1550,0--7509,1,1
1551,1--84532,1,1
1552,0--547,1,1
1553,0--692,1,1
1554,1--939449,1,1
1555,1--4447,2,1
1556,0--07,1,1
1556,1--4736,1,1
1556,0--340,12,1
1556,1--4056,1,1
1557,0--340,1,1
1558,1--4441,1,1
1559,0--340,2,1
1560,1--4449,2,1
1560,0--340,1,1
1561,1--4441,1,1
1561,1--4718,1,1
1562,1--5104,1,1
1563,0--340,2,1
1564,0--7502,1,1
1564,1--5263,1,1
1565,1--5247,1,1
1565,1--9848,1,1
1565,0--553,1,1
1566,0--7012,2,1
1567,0--7012,1,1
1568,0--930878,1,1
1569,0--8050,8,1
1570,1--56054,1,1
1570,0--03,7,1
1571,0--03,1,1
1572,1--61547,1,1
1573,1--62145,1,1
1573,1--61765,1,1
1574,1--84993,1,1
1575,1--883536,1,1
1576,0--9667043,1,1
1577,1--7233,1,1
1578,1--943050,1,1
1579,0--9625254,1,1
1580,0--85709,2,1
1581,0--9909020,1,1
1582,0--8266,1,1
1583,0--7534,1,1
1583,0--547,6,1
1583,0--618,5,1
1583,0--395,10,1
1583,1--299,1,1
1584,0--547,1,1
1585,0--395,2,1
1586,0--395,1,1
1587,0--547,5,1
1587,0--618,2,1
1587,0--395,1,1
1587,0--15,3,1
1587,0--544,19,1
1588,0--544,1,1
1589,0--09,1,1
1590,0--7551,1,1
1591,1--4403,1,1
1592,0--09,1,1
1593,1--5011,1,1
1594,0--672,1,1
1595,1--84505,2,1
1595,1--84197,1,1
1596,0--00,1,1
1597,3--456,1,1
1597,0--920887,1,1
1598,1--55813,1,1
1599,1--4504,2,1
1600,0--9796395,1,1
1601,1--62313,2,1
1602,1--4939,12,1
1602,1--62703,4,1
1602,1--58829,1,1
1602,1--59259,1,1
1603,0--391,2,1
1603,0--415,1,1
1604,0--391,1,1
1605,0--19,1,1
1606,1--948195,1,1
1607,1--84622,1,1
1608,0--7645,2,1
1609,0--665,1,1
1610,1--78738,2,1
1610,1--84904,2,1
1611,0--09,2,1
1612,1--4013,1,1
1612,1--368,1,1
1613,1--4806,1,1
1613,1--4231,3,1
1614,1--4231,1,1
1615,1--4231,2,1
1616,1--4231,1,1
1617,1--887166,1,1
1618,1--78672,1,1
1618,0--85772,2,1
1618,1--78076,2,1
1618,1--86064,1,1
1618,1--78813,1,1
1618,1--78673,4,1
1618,1--78831,3,1
1618,1--84511,3,1
1618,0--85773,3,1
1618,1--84885,3,1
1618,1--78453,4,1
1619,0--85773,1,1
1619,1--78831,1,1
1619,1--78673,1,1
1620,1--78831,1,1
1621,1--901502,1,1
1622,1--64113,1,1
1622,1--62396,1,1
1623,0--13,1,1
1624,0--7434,1,1
1625,0--7277,1,1
1626,0--06,1,1
1627,1--84046,1,1
1628,0--585,1,1
1629,958--8461,1,1
1630,1--58388,1,1
1631,1--63140,3,1
1632,1--68405,1,1
1632,1--61377,1,1
1633,1--63140,2,1
1634,1--4673,2,1
1634,1--5090,1,1
1634,4--88552,1,1
1634,1--5386,4,1
1634,0--7803,1,1
1634,1--55937,1,1
1634,1--4799,3,1
1634,0--309,1,1
1635,0--8186,1,1
1636,1--283,1,1
1636,1--119,1,1
1636,1--118,3,1
1637,1--118,1,1
1638,1--909704,1,1
1638,1--911040,1,1
1639,1--85423,1,1
1640,1--5225,2,1
1640,1--4666,1,1
1641,1--4666,7,1
1642,1--61350,1,1
1643,1--84817,1,1
1644,1--78343,1,1
1645,0--85780,1,1
1646,1--58617,1,1
1646,0--89870,1,1
1647,0--9890438,1,1
1648,1--78157,1,1
1649,1--59973,1,1
1650,1--58240,1,1
1650,0--8041,1,1
1651,0--385,2,1
1652,0--385,1,1
1653,1--63215,4,1
1653,1--5343,2,1
1653,1--60706,3,1
1654,1--63215,2,1
1654,1--5343,1,1
1655,0--9969820,1,1
1656,1--60734,1,1
1657,0--915829,1,1
1658,1--84816,1,1
1658,1--78326,2,1
1659,1--250,1,1
1660,0--9638047,1,1
1661,0--86530,1,1
1662,1--59813,1,1
1663,1--935501,1,1
1664,1--282,1,1
1664,0--253,15,1
1665,0--8311,1,1
1666,1--4043,1,1
1667,0--7414,2,1
1668,1--62912,2,1
1669,1--5218,1,1
1670,1--315,1,1
1671,1--62396,3,1
1672,1--62396,2,1
1673,1--5225,2,1
1673,1--4666,2,1
1674,0--9611804,1,1
1675,1--928136,1,1
1676,1--62901,1,1
1677,1--60887,1,1
1678,1--78671,1,1
1679,1--892061,1,1
1680,1--62625,1,1
1681,1--58511,1,1
1682,0--89727,1,1
1683,0--300,1,1
1684,0--471,1,1
1684,0--7381,1,1
1685,0--9923078,1,1
1686,1--62198,1,1
1686,1--907625,1,1
1687,0--940600,1,1
1688,0--7503,1,1
1689,0--521,1,1
1690,0--85296,3,1
1691,1--84150,2,1
1691,1--78320,7,1
1692,92--801,1,1
1693,0--89138,1,1
1694,0--8028,1,1
1695,1--4976,1,1
1696,1--56656,4,1
1697,1--108,1,1
1698,1--4648,1,1
1699,0--914941,1,1
1700,0--87326,1,1
1701,1--892395,2,1
1702,0--913394,1,1
1703,1--4527,4,1
1703,1--4552,7,1
1703,0--939934,1,1
1703,1--4519,2,1
1703,1--280,1,1
1703,1--283,5,1
1703,1--55775,1,1
1703,1--4639,2,1
1703,1--4843,8,1
1703,1--4623,4,1
1703,1--4518,5,1
1703,1--4983,6,1
1703,1--4755,4,1
1704,1--4623,1,1
1704,1--283,1,1
1704,1--4518,1,1
1704,1--4527,1,1
1705,1--4623,1,1
1705,1--4518,2,1
1705,1--4527,1,1
1705,1--281,2,1
1706,1--4518,1,1
1706,1--281,1,1
1707,1--893368,1,1
1708,1--905888,1,1
1709,0--7178,2,1
1710,1--4954,1,1
1711,90--5095,1,1
1711,1--78068,6,1
1712,0--8308,1,1
1712,0--87784,1,1
1713,1--62033,1,1
1714,0--7503,1,1
1715,0--85037,1,1
1716,0--9967480,1,1
1717,0--7165,1,1
1718,0--904147,1,1
1719,0--923891,1,1
1720,0--7531,1,1
1721,0--7531,3,1
1721,1--85089,1,1
1722,0--7531,1,1
1723,0--86037,1,1
1724,1--903682,1,1
1725,0--9835613,1,1
1726,1--59726,1,1
1726,1--55963,1,1
1726,1--61091,2,1
1727,88--942200,1,1
1728,0--470,1,1
1729,0--470,1,1
1729,1--119,5,1
1729,1--118,8,1
1729,1--282,1,1
1729,1--84821,7,1
1730,1--78405,3,1
1731,1--78405,1,1
1732,1--78630,2,1
1732,1--119,2,1
1732,1--84821,2,1
1732,1--118,2,1
1733,0--08,1,1
1733,1--78548,3,1
1734,1--78548,2,1
1735,0--06,1,1
1736,1--4917,2,1
1737,1--4401,1,1
1737,0--595,2,1
1738,1--4917,1,1
1739,1--56663,1,1
1740,0--8308,1,1
1741,0--8308,4,1
1741,1--4619,1,1
1742,0--8308,1,1
1743,0--8041,4,1
1744,1--78040,2,1
1745,1--78040,1,1
1746,1--7951,1,1
1747,0--665,1,1
1747,0--397,1,1
1748,0--9969550,1,1
1749,90--272,2,1
1750,90--272,1,1
1751,0--665,1,1
1752,0--7145,1,1
1753,0--224,1,1
1754,0--936784,1,1
1755,0--665,1,1
1756,0--385,1,1
1757,0--88331,1,1
1758,0--665,2,1
1759,0--460,1,1
1760,0--671,1,1
1761,0--665,1,1
1762,0--7195,1,1
1763,0--665,1,1
1764,1--58542,1,1
1765,1--60606,1,1
1766,0--665,1,1
1767,0--470,4,1
1767,0--471,13,1
1768,0--471,8,1
1768,0--470,2,1
1768,1--118,1,1
1769,0--665,1,1
1770,0--8151,1,1
1771,0--7236,1,1
1772,0--305,1,1
1773,1--4832,1,1
1774,1--4812,1,1
1775,0--227,1,1
1776,0--9903588,1,1
1776,0--9899978,1,1
1777,0--531,1,1
1777,0--7106,1,1
1778,0--9766001,1,1
1779,1--884097,1,1
1780,0--9990982,1,1
1781,0--87477,1,1
1782,1--78450,2,1
1782,0--85700,2,1
1782,1--85302,2,1
1782,1--84905,2,1
1782,1--78592,3,1
1783,1--7321065,1,1
1784,1--879045,1,1
1785,0--8276,1,1
1786,0--8052,1,1
1787,1--57215,1,1
1788,1--909661,1,1
1789,1--4538,1,1
1790,1--63486,1,1
1791,1--62365,1,1
1792,0--06,1,1
1792,0--7882,1,1
1792,1--4420,1,1
1792,0--7569,1,1
1793,1--912081,1,1
1794,1--909612,1,1
1795,90--272,5,1
1796,1--78606,1,1
1796,1--78946,1,1
1797,1--5207,1,1
1798,1--55504,1,1
1799,1--5054,1,1
1800,1--85833,1,1
1801,2--7420,1,1
1802,0--86196,2,1
1803,0--86196,1,1
1804,0--7195,1,1
1805,0--7303,1,1
1805,0--7645,1,1
1805,1--119,22,1
1805,0--471,6,1
1806,1--119,1,1
1807,0--8220,1,1
1807,0--471,5,1
1807,0--470,5,1
1807,1--119,18,1
1807,1--118,35,1
1807,1--4443,2,1
1807,1--63026,1,1
1808,0--471,2,1
1808,0--470,1,1
1808,1--119,12,1
1808,1--118,18,1
1809,1--119,1,1
1810,1--4443,1,1
1810,0--470,1,1
1810,1--119,4,1
1810,1--118,10,1
1811,0--470,1,1
1812,1--4214,8,1
1812,0--8018,12,1
1813,1--56246,1,1
1814,0--87485,1,1
1814,0--933472,1,1
1815,1--949471,1,1
1816,0--224,3,1
1817,0--7637,2,1
1818,1--4496,1,1
1818,1--284,5,1
1819,0--7637,1,1
1820,1--5114,1,1
1821,1--940777,1,1
1822,0--7879,1,1
1822,0--470,1,1
1823,0--665,1,1
1824,0--515,5,1
1824,1--4420,1,1
1825,0--7394,1,1
1825,0--515,2,1
1826,0--515,1,1
1826,0--671,1,1
1827,1--59005,1,1
1828,0--9632616,1,1
1829,1--58871,1,1
1830,0--9801433,1,1
1831,0--9608172,1,1
1832,0--904041,1,1
1833,1--933833,1,1
1833,1--57823,1,1
1834,0--89024,1,1
1835,1--933605,1,1
1836,1--312,1,1
1837,1--5062,1,1
1838,0--615,1,1
1839,1--4537,1,1
1840,1--7205,1,1
1841,1--5348,1,1
1842,1--78220,1,1
1842,1--85575,1,1
1842,1--78241,1,1
1843,0--06,1,1
1844,0--7182,1,1
1845,0--9912268,1,1
1846,0--944510,1,1
1847,0--913580,2,1
1848,0--8403,1,1
1849,1--4652,2,1
1849,1--5249,1,1
1850,0--941522,1,1
1851,0--306,1,1
1852,0--9619508,1,1
1853,1--4537,1,1
1854,0--8046,3,1
1855,0--8217,3,1
1855,0--7582,5,1
1856,1--57566,1,1
1856,0--7582,1,1
1856,1--4967,2,1
1856,1--4201,2,1
1857,0--8217,2,1
1857,1--4201,5,1
1858,0--8217,1,1
1858,0--7582,2,1
1858,0--8065,1,1
1859,1--4967,2,1
1860,1--60635,2,1
1860,1--63101,1,1
1860,1--61277,2,1
1861,3--7356,1,1
1862,1--5123,1,1
1863,1--4325,2,1
1864,1--56459,1,1
1865,1--4325,1,1
1866,0--87029,1,1
1867,1--58865,1,1
1868,0--373,1,1
1869,0--9501946,1,1
1870,0--7534,5,1
1870,0--329,2,1
1870,1--4155,1,1
1871,1--4020,4,1
1871,0--306,6,1
1872,0--306,1,1
1873,1--4020,3,1
1873,1--4419,1,1
1873,0--7923,5,1
1873,0--306,3,1
1873,90--247,1,1
1874,90--411,3,1
1875,0--340,1,1
1876,1--60106,1,1
1877,0--87923,1,1
1877,0--375,3,1
1877,0--679,3,1
1877,0--394,10,1
1878,0--307,1,1
1879,0--692,1,1
1880,1--63393,1,1
1881,0--470,1,1
1882,1--61262,2,1
1883,0--87011,2,1
1884,1--947857,1,1
1885,3--86335,1,1
1886,0--7494,15,1
1887,0--7494,4,1
1888,0--7494,1,1
1889,0--906968,1,1
1890,1--4402,2,1
1891,1--5453,1,1
1892,1--941082,1,1
1893,1--85733,1,1
1894,0--85783,1,1
1895,1--5234,1,1
1896,1--60530,1,1
1897,1--60318,1,1
1898,0--9887154,1,1
1899,950--889,1,1
1900,0--917597,1,1
1900,1--55583,1,1
1901,0--943144,1,1
1902,0--241,1,1
1902,0--7214,1,1
1903,1--5420,1,1
1904,0--551,1,1
1905,1--58970,1,1
1906,0--9848351,1,1
1907,1--4614,1,1
1908,0--906155,1,1
1909,1--910855,1,1
1910,1--57990,2,1
1911,0--9890859,1,1
1912,1--947506,1,1
1913,0--06,1,1
1914,0--440,3,1
1915,1--4287,1,1
1915,0--329,1,1
1915,0--440,2,1
1916,1--78067,3,1
1917,1--78067,2,1
1918,1--902646,1,1
1919,0--9973712,1,1
1920,0--924886,2,1
1921,0--924886,1,1
1922,0--665,1,1
1923,0--665,1,1
1924,1--5008,1,1
1925,0--88160,1,1
1926,1--61103,1,1
1927,1--880507,1,1
1928,1--60060,1,1
1928,1--62014,1,1
1929,1--5300,1,1
1930,1--59874,1,1
1931,1--61132,2,1
1932,1--897493,1,1
1933,1--78507,1,1
1934,1--351,1,1
1935,0--8439,4,1
1936,0--9576189,1,1
1937,1--4677,1,1
1938,1--61237,1,1
1939,1--59021,1,1
1940,1--56670,1,1
1941,0--7391,10,1
1941,1--4985,3,1
1941,0--669,1,1
1942,1--4057,2,1
1942,1--5221,1,1
1942,0--7545,1,1
1943,1--4057,1,1
1944,0--86597,1,1
1944,1--61487,1,1
1945,0--494,2,1
1946,1--63400,1,1
1947,1--59853,1,1
1947,1--931082,1,1
1948,1--4521,1,1
1949,0--915042,1,1
1950,1--911282,1,1
1951,0--9822018,1,1
1952,0--930823,1,1
1953,1--947279,1,1
1954,3--662,1,1
1955,0--7648,1,1
1956,1--4776,1,1
1957,1--55844,1,1
1958,0--9785353,1,1
1959,1--84395,3,1
1959,1--84782,1,1
1959,0--7089,16,1
1959,1--4448,8,1
1960,0--7089,1,1
1961,0--7459,3,1
1961,0--86760,1,1
1961,0--7324,1,1
1962,0--7459,1,1
1963,0--00,1,1
1964,0--397,3,1
1965,1--4698,3,1
1966,1--4698,1,1
1967,1--5001,1,1
1968,1--58165,1,1
1969,0--8398,1,1
1970,1--4998,1,1
1971,0--385,1,1
1971,0--316,32,1
1971,1--4087,2,1
1971,0--7515,1,1
1971,0--7569,1,1
1971,1--59961,1,1
1972,0--316,21,1
1973,0--7394,1,1
1973,0--316,16,1
1974,0--915782,1,1
1975,1--4169,1,1
1975,0--689,1,1
1975,0--671,1,1
1975,1--4424,1,1
1975,0--02,1,1
1976,1--68010,1,1
1976,1--84869,3,1
1977,1--84869,2,1
1978,0--8226,1,1
1979,1--906764,1,1
1980,0--918208,1,1
1981,0--87140,1,1
1982,0--7387,1,1
1983,0--8093,1,1
1984,0--9926695,1,1
1985,976--650,1,1
1986,1--74220,1,1
1986,1--74104,1,1
1986,1--78657,2,1
1987,1--78657,1,1
1987,1--74360,1,1
1988,1--929048,1,1
1989,0--582,13,1
1989,0--205,1,1
1989,0--321,1,1
1990,0--582,1,1
1991,0--665,1,1
1992,0--665,1,1
1993,0--681,1,1
1994,0--7548,3,1
1995,3--7913,1,1
1996,0--8071,9,1
1997,1--4075,1,1
1998,0--373,3,1
1998,1--335,1,1
1999,0--89108,1,1
2000,1--5323,1,1
2001,0--8294,2,1
2002,0--557,1,1
2003,1--941311,1,1
2004,1--940484,1,1
2005,0--373,1,1
2006,1--84822,2,1
2007,0--7188,1,1
2008,1--935871,1,1
2009,0--8184,1,1
2010,1--55587,1,1
2011,1--62637,1,1
2012,0--9910891,1,1
2013,1--4930,1,1
2014,1--5161,1,1
2015,0--85046,1,1
2016,0--8247,4,1
2017,0--8247,1,1
2018,0--7099,1,1
2018,0--87332,1,1
2019,0--262,2,1
2020,90--04,1,1
2020,90--247,1,1
2021,1--912453,1,1
2022,0--356,1,1
2022,0--7515,1,1
2022,0--7088,1,1
2023,0--382,1,1
2024,0--382,1,1
2025,1--934133,1,1
2026,1--68144,1,1
2026,0--85705,2,1
2027,0--85738,1,1
2027,0--85705,1,1
2028,0--230,21,1
2028,0--312,3,1
2028,0--02,6,1
2028,0--665,2,1
2028,1--4050,2,1
2028,1--4472,4,1
2028,0--333,14,1
2028,1--5098,4,1
2029,0--230,1,1
2030,1--5098,3,1
2030,1--5290,1,1
2030,1--4472,2,1
2031,0--230,1,1
2031,1--4050,1,1
2032,0--435,1,1
2033,0--333,2,1
2034,0--02,1,1
2034,0--684,1,1
2035,1--56159,1,1
2036,0--02,1,1
2037,1--4617,1,1
2038,1--933823,1,1
2039,0--9729263,1,1
2040,0--7505,9,1
2041,1--85057,1,1
2042,0--86009,2,1
2043,0--9899434,1,1
2044,1--59948,1,1
2045,1--84018,1,1
2046,1--78057,1,1
2047,1--893352,1,1
2048,0--7924,1,1
2049,0--7497,1,1
2050,0--7190,4,1
2051,0--7493,1,1
2052,1--63353,1,1
2053,1--937707,2,1
2054,1--941234,1,1
2055,1--61729,1,1
2056,1--63343,1,1
2057,0--230,1,1
2058,1--85269,2,1
2059,1--84611,1,1
2059,1--84444,1,1
2059,1--78142,1,1
2060,1--85487,1,1
2061,0--8247,1,1
2062,0--203,1,1
2063,1--9849,1,1
2064,1--4424,1,1
2065,0--9559957,1,1
2066,1--306,1,1
2067,0--544,2,1
2067,1--328,1,1
2068,0--7145,3,1
2069,0--87462,1,1
2070,0--7614,3,1
2071,1--60870,1,1
2072,0--462,1,1
2073,0--7851,14,1
2073,1--4847,1,1
2074,0--87135,2,1
2075,1--302,6,1
2076,0--7851,1,1
2077,0--7851,11,1
2078,1--302,1,1
2079,1--302,7,1
2079,0--7851,9,1
2079,1--84653,1,1
2080,0--7851,1,1
2081,1--302,4,1
2081,0--7851,1,1
2082,0--9832209,1,1
2083,0--9819634,1,1
2084,1--4912,1,1
2085,1--63177,1,1
2086,1--4222,12,1
2087,1--59084,2,1
2087,1--4222,4,1
2088,1--56333,1,1
2089,0--8139,1,1
2090,1--56156,1,1
2091,1--78589,1,1
2091,1--78803,1,1
2092,1--5108,1,1
2093,0--88385,4,1
2094,0--9853978,1,1
2095,0--323,1,1
2096,0--670,1,1
2096,0--14,1,1
2096,1--59188,1,1
2097,0--578,1,1
2098,0--19,1,1
2099,0--7864,1,1
2100,0--7710,1,1
2101,1--902937,1,1
2102,0--7864,6,1
2102,1--4766,5,1
2103,0--7864,4,1
2104,0--7864,1,1
2105,0--7864,2,1
2106,0--7864,1,1
2106,1--4766,4,1
2107,0--7735,7,1
2108,0--7735,1,1
2109,1--259,8,1
2109,0--470,1,1
2109,1--281,1,1
2109,0--07,40,1
2109,958--600,1,1
2110,0--07,2,1
2111,0--07,1,1
2112,1--57768,2,1
2113,1--57768,1,1
2114,0--07,1,1
2115,0--07,1,1
2116,1--259,6,1
2116,1--260,1,1
2116,981--315,1,1
2116,1--308,1,1
2116,981--4577,1,1
2116,0--07,10,1
2116,0--02,1,1
2117,1--259,1,1
2118,1--259,1,1
2119,0--07,1,1
2120,0--07,1,1
2121,0--07,1,1
2122,0--07,2,1
2123,1--259,1,1
2123,0--07,1,1
2124,0--07,1,1
2125,1--85822,1,1
2126,1--4516,1,1
2127,1--879727,1,1
2128,1--5225,1,1
2129,1--58044,1,1
2130,1--906935,1,1
2131,0--07,1,1
2132,0--7866,1,1
2133,0--615,1,1
2134,1--56044,1,1
2135,0--89732,1,1
2136,1--5057,1,1
2137,1--62763,1,1
2138,1--85752,1,1
2138,1--873644,1,1
2139,0--86554,1,1
2139,0--88146,1,1
2140,0--692,1,1
2141,1--85391,1,1
2142,0--8266,1,1
2143,0--86303,1,1
2144,0--87779,2,1
2145,0--87779,1,1
2146,1--4226,1,1
2146,0--89906,1,1
2147,0--416,5,1
2147,0--413,6,1
2148,0--416,1,1
2149,1--4351,2,1
2150,1--55199,1,1
2151,1--58839,1,1
2151,0--87099,1,1
2152,1--78255,1,1
2152,1--84126,1,1
2153,1--62895,1,1
2153,1--61186,1,1
2153,1--60917,2,1
2154,0--7356,1,1
2155,1--84059,1,1
2156,1--78508,1,1
2157,0--7613,1,1
2158,1--85798,1,1
2159,0--263,13,1
2160,0--263,2,1
2161,0--9862773,1,1
2162,1--4668,1,1
2162,1--250,4,1
2163,1--4960,1,1
2164,1--61225,1,1
2165,0--9884551,1,1
2166,0--262,43,1
2167,1--306,2,1
2167,0--262,42,1
2167,1--322,1,1
2167,1--299,1,1
2167,1--336,2,1
2167,0--585,1,1
2168,1--68020,2,1
2169,1--56731,3,1
2170,1--60671,1,1
2171,1--64122,1,1
2172,0--8136,2,1
2173,0--87352,1,1
2174,0--375,1,1
2174,0--679,2,1
2174,0--394,1,1
2175,1--60650,1,1
2176,1--5167,1,1
2177,0--85345,2,1
2178,0--9819575,1,1
2179,0--8024,5,1
2180,0--8024,1,1
2181,1--78279,2,1
2182,0--9861524,1,1
2183,1--56691,1,1
2184,1--85103,1,1
2185,1--947242,1,1
2186,1--60845,2,1
2187,1--62705,1,1
2187,1--59829,2,1
2187,1--68173,2,1
2187,1--60845,1,1
2187,1--68174,1,1
2188,1--55860,1,1
2189,1--890021,1,1
2190,0--688,2,1
2191,0--323,2,1
2191,0--7234,1,1
2192,1--940022,1,1
2193,0--89886,1,1
2194,0--913063,1,1
2195,1--61451,1,1
2195,3--11,1,1
2196,3--11,1,1
2197,1--55921,1,1
2198,1--63142,1,1
2199,0--688,1,1
2200,0--316,2,1
2201,0--584,1,1
2202,1--78892,1,1
2203,0--87070,1,1
2204,1--56647,1,1
2205,1--78092,2,1
2206,1--78165,1,1
2207,1--886264,1,1
2208,0--445,1,1
2208,0--446,1,1
2208,0--09,1,1
2208,0--89296,2,1
2209,1--5040,2,1
2210,1--4532,1,1
2211,1--5040,1,1
2212,1--937197,1,1
2213,0--9862863,1,1
2214,1--910643,1,1
2215,0--665,1,1
2216,1--55776,1,1
2217,0--8402,1,1
2218,0--309,24,1
2219,0--309,8,1
2220,0--309,1,1
2221,0--309,6,1
2222,0--912674,1,1
2222,0--935989,2,1
2223,0--307,1,1
2224,1--55833,1,1
2225,0--925299,1,1
2226,1--931636,1,1
2227,1--879016,1,1
2228,0--943116,1,1
2228,1--60248,1,1
2229,0--8106,1,1
2230,1--4559,2,1
2231,0--89468,1,1
2231,0--521,1,1
2232,1--4262,2,1
2232,1--4263,4,1
2232,1--4517,1,1
2232,0--7922,5,1
2233,0--7362,1,1
2233,0--7922,2,1
2234,0--9628757,1,1
2235,0--930368,1,1
2236,0--8373,2,1
2237,0--8373,1,1
2238,0--940979,1,1
2239,0--309,2,1
2240,0--87355,1,1
2241,0--9889950,1,1
2242,0--8442,1,1
2243,0--85177,1,1
2244,1--68247,1,1
2244,0--87021,1,1
2244,1--61251,1,1
2245,0--89109,2,1
2246,1--63146,1,1
2247,0--8341,1,1
2248,1--59005,2,1
2249,1--85554,1,1
2250,0--85012,1,1
2251,1--5084,1,1
2252,0--665,3,1
2253,0--300,1,1
2253,0--942614,1,1
2254,1--60009,1,1
2255,1--5352,1,1
2256,1--5152,1,1
2257,0--451,14,1
2257,0--452,5,1
2258,1--56131,1,1
2259,1--85348,1,1
2259,1--86155,1,1
2259,1--68297,1,1
2260,1--4522,1,1
2261,0--8112,4,1
2262,0--8112,1,1
2263,0--8112,1,1
2264,0--8112,1,1
2265,0--88082,1,1
2266,0--450,2,1
2267,1--943003,1,1
2268,1--84898,1,1
2269,1--910266,1,1
2270,1--62625,1,1
2270,1--57224,1,1
2271,1--84840,1,1
2272,1--59764,1,1
2273,0--262,1,1
2274,0--902030,1,1
2275,1--62097,2,1
2275,1--59558,1,1
2276,0--7357,1,1
2276,0--321,2,1
2277,1--939931,1,1
2278,0--531,1,1
2279,1--61230,1,1
2280,1--60868,1,1
2281,0--415,1,1
2281,0--304,1,1
2282,1--68137,1,1
2283,0--8147,2,1
2283,1--4798,3,1
2284,1--4007,1,1
2285,0--912066,1,1
2286,0--9850168,1,1
2287,1--910935,1,1
2288,0--9860803,1,1
2289,1--900257,1,1
2290,0--88225,2,1
2291,0--88225,1,1
2292,1--5055,1,1
2293,0--7089,1,1
2294,1--5293,1,1
2294,1--4736,1,1
2295,1--84842,3,1
2296,1--84842,2,1
2297,1--84842,1,1
2297,1--78850,1,1
2298,1--937658,1,1
2299,0--89838,1,1
2300,0--915132,1,1
2301,1--910620,1,1
2302,1--909751,1,1
2303,1--4133,2,1
2304,0--87337,1,1
2305,1--61930,1,1
2306,0--8090,1,1
2306,0--374,4,1
2307,0--9615558,1,1
2308,0--9903774,1,1
2309,1--884008,1,1
2310,1--58394,1,1
2311,0--444,2,1
2312,0--444,1,1
2313,1--58180,1,1
2314,0--89134,2,1
2315,1--78373,1,1
2316,1--55858,1,1
2317,0--87839,1,1
2318,0--7463,1,1
2319,0--8024,1,1
2320,0--9606274,1,1
2321,0--8101,2,1
2322,0--393,32,1
2323,1--60357,1,1
2323,1--59953,2,1
2323,1--68404,1,1
2324,0--7636,1,1
2324,1--78800,1,1
2324,0--85763,2,1
2325,1--945649,1,1
2326,0--9677480,1,1
2327,1--60021,1,1
2328,1--63321,1,1
2328,1--63483,2,1
2328,1--62417,1,1
2328,1--62948,2,1
2328,1--63117,3,1
2328,1--63463,1,1
2329,1--62948,4,1
2329,1--60741,1,1
2329,1--62808,1,1
2329,1--63321,2,1
2330,1--315,1,1
2330,1--63321,1,1
2330,1--63483,1,1
2330,1--63485,2,1
2330,1--62948,2,1
2330,1--63482,2,1
2330,1--5361,1,1
2330,1--62618,1,1
2330,1--4822,1,1
2330,1--63484,1,1
2331,1--62948,1,1
2332,0--85360,1,1
2333,1--63117,2,1
2333,1--63321,1,1
2334,1--60198,4,1
2335,1--60198,3,1
2336,1--60198,1,1
2337,0--9540773,1,1
2338,1--68140,1,1
2338,1--936959,1,1
2339,1--936959,1,1
2340,0--8442,2,1
2341,0--8442,1,1
2342,84--946333,1,1
2343,1--62517,2,1
2344,1--63045,1,1
2345,1--84694,4,1
2345,1--78535,1,1
2346,1--84717,1,1
2347,0--596,3,1
2347,1--4919,4,1
2347,1--4493,2,1
2348,0--679,1,1
2349,0--596,1,1
2349,1--4920,1,1
2349,1--4919,3,1
2350,1--322,1,1
2350,1--4919,2,1
2351,1--891743,1,1
2352,1--58456,1,1
2352,0--7123,1,1
2353,0--8256,1,1
2354,1--78319,3,1
2354,1--84002,1,1
2355,1--78682,1,1
2356,1--60809,1,1
2357,0--374,3,1
2358,0--7064,2,1
2359,1--78040,1,1
2360,92--64,1,1
2361,1--5084,1,1
2362,0--8214,1,1
2363,1--899933,1,1
2364,0--9648534,1,1
2365,0--917526,1,1
2366,0--665,1,1
2367,0--937422,1,1
2368,1--4951,1,1
2369,1--63243,1,1
2370,0--7808,1,1
2371,1--55035,1,1
2372,1--78074,2,1
2372,1--78607,2,1
2373,1--78607,1,1
2374,1--78074,1,1
2375,1--62010,1,1
2376,0--451,2,1
2377,1--947845,1,1
2378,1--78374,3,1
2379,0--8126,1,1
2380,0--940880,1,1
2381,1--934824,1,1
2382,1--4976,5,1
2383,1--5040,4,1
2383,1--4976,4,1
2383,1--4804,3,1
2383,1--4532,4,1
2384,1--5040,3,1
2385,1--4804,2,1
2386,1--4804,1,1
2387,0--335,3,1
2388,0--335,1,1
2389,0--692,1,1
2390,0--8194,1,1
2391,1--62254,1,1
2392,1--939293,1,1
2393,1--949017,1,1
2394,3--7913,1,1
2395,1--941898,1,1
2396,1--4299,1,1
2397,1--57075,1,1
2398,0--356,2,1
2398,0--316,2,1
2398,1--84149,2,1
2399,1--4083,3,1
2399,1--86039,1,1
2400,1--4083,2,1
2400,0--545,1,1
2400,1--84362,1,1
2401,1--5089,1,1
2402,0--943987,1,1
2403,1--934962,1,1
2404,1--4440,1,1
2404,1--4091,1,1
2404,0--7528,3,1
2405,0--7528,1,1
2406,1--940743,1,1
2406,1--941806,1,1
2407,0--9828812,1,1
2408,1--943580,1,1
2409,0--9616666,1,1
2410,0--904657,1,1
2411,0--9741007,1,1
2412,0--85045,2,1
2412,1--84908,2,1
2413,1--84908,1,1
2414,1--84603,1,1
2414,0--85045,1,1
2414,1--4728,1,1
2415,1--59051,2,1
2416,1--908276,1,1
2417,1--942923,1,1
2418,1--4787,5,1
2419,1--4327,1,1
2419,1--4787,1,1
2420,1--903096,1,1
2421,0--9834917,1,1
2422,1--4683,1,1
2423,0--87951,2,1
2423,1--4683,5,1
2424,1--4683,1,1
2425,1--926973,1,1
2426,1--78297,1,1
2426,1--78570,7,1
2426,1--84217,1,1
2427,0--89059,1,1
2428,1--4636,1,1
2429,0--19,4,1
2430,0--19,213,1
2431,1--306,1,1
2431,0--7221,2,1
2431,1--280,2,1
2431,0--19,212,1
2431,1--299,3,1
2431,1--4237,1,1
2432,1--136,1,1
2433,1--78694,2,1
2434,0--8487,1,1
2435,0--692,1,1
2436,2--87574,1,1
2437,3--631,1,1
2437,0--8204,1,1
2437,3--0343,1,1
2437,3--261,1,1
2438,1--55993,1,1
2439,0--7525,1,1
2440,1--61035,1,1
2441,1--78839,1,1
2442,1--78328,3,1
2442,1--78216,1,1
2442,1--78355,5,1
2442,1--78588,1,1
2442,1--78913,1,1
2442,1--78528,4,1
2442,1--78398,9,1
2442,1--322,1,1
2442,1--78862,1,1
2442,1--84951,2,1
2442,1--78439,10,1
2442,1--78217,4,1
2443,1--84951,1,1
2444,1--78328,1,1
2444,1--78355,1,1
2444,1--78528,1,1
2444,1--78398,1,1
2444,1--84969,1,1
2444,1--78217,1,1
2445,0--448,1,1
2445,0--7092,1,1
2446,0--692,1,1
2447,1--68348,1,1
2447,1--68213,1,1
2448,1--62414,1,1
2449,1--61004,1,1
2450,1--137,82,1
2450,1--84457,1,1
2450,1--352,1,1
2451,0--230,18,1
2451,1--4039,6,1
2451,1--349,13,1
2451,1--899287,1,1
2451,1--137,77,1
2451,3--319,1,1
2452,1--137,2,1
2453,1--137,2,1
2454,0--330,3,1
2455,1--943533,1,1
2456,1--4472,2,1
2456,0--330,2,1
2457,1--4472,1,1
2458,981--4613,2,1
2458,1--5231,1,1
2458,981--4411,1,1
2459,958--30,1,1
2460,0--04,1,1
2461,0--394,4,1
2461,0--307,1,1
2461,0--679,1,1
2462,1--59707,1,1
2463,0--7701,1,1
2464,1--61205,2,1
2465,0--7927,1,1
2466,0--938077,1,1
2467,1--934795,2,1
2468,1--879276,1,1
2469,0--943990,1,1
2470,0--8193,1,1
2471,1--60235,1,1
2471,1--932559,1,1
2472,1--4454,3,1
2472,0--7525,8,1
2472,1--4054,5,1
2472,1--4723,2,1
2472,1--4075,1,1
2473,1--4723,1,1
2474,1--4748,1,1
2475,1--4054,2,1
2475,0--7525,4,1
2476,1--4054,1,1
2477,0--9966293,1,1
2478,1--905969,1,1
2479,1--84227,3,1
2480,0--87348,3,1
2481,0--87348,1,1
2482,1--84464,2,1
2483,0--9898708,1,1
2484,0--87585,1,1
2485,1--59857,1,1
2486,1--909810,1,1
2487,0--9976954,1,1
2488,0--321,1,1
2489,1--56145,2,1
2490,1--56145,1,1
2491,0--909209,1,1
2492,1--5040,1,1
2493,1--292,8,1
2493,0--205,6,1
2493,0--273,1,1
2493,0--672,1,1
2493,0--321,5,1
2493,0--13,23,1
2493,0--7897,2,1
2493,1--4082,1,1
2493,1--299,3,1
2493,1--4182,1,1
2494,0--13,6,1
2494,0--7897,1,1
2494,1--292,4,1
2495,0--13,3,1
2495,1--292,1,1
2495,0--205,1,1
2495,0--321,1,1
2496,1--292,2,1
2496,1--4479,1,1
2497,0--205,1,1
2498,0--7652,1,1
2499,1--269,1,1
2499,1--323,1,1
2500,0--13,7,1
2501,0--7368,1,1
2502,1--61775,1,1
2503,1--60598,2,1
2504,1--60598,1,1
2504,1--68177,2,1
2505,1--908670,1,1
2506,1--78427,1,1
2507,1--56554,2,1
2508,1--56554,1,1
2509,1--4738,1,1
2510,1--5267,1,1
2510,1--78383,1,1
2511,1--4738,1,1
2512,1--941541,1,1
2513,0--451,7,1
2513,0--7181,4,1
2513,0--525,5,1
2513,0--14,109,1
2513,0--241,5,1
2514,1--101,1,1
2514,0--7181,3,1
2514,0--670,2,1
2514,1--4059,2,1
2514,0--14,84,1
2514,1--84614,1,1
2514,0--451,4,1
2514,0--241,2,1
2515,0--670,1,1
2516,0--14,1,1
2517,0--14,1,1
2518,0--670,1,1
2518,0--14,1,1
2519,1--4242,1,1
2519,0--515,1,1
2519,0--553,1,1
2519,0--451,2,1
2519,0--452,1,1
2520,1--59420,1,1
2520,0--14,2,1
2521,0--698,1,1
2522,0--14,1,1
2523,0--85752,1,1
2523,0--525,1,1
2523,0--553,1,1
2523,1--5247,2,1
2524,1--5247,1,1
2525,0--448,1,1
2526,0--271,2,1
2527,0--9897511,1,1
2528,0--06,2,1
2529,0--06,1,1
2530,0--08,7,1
2530,0--444,1,1
2531,1--4831,12,1
2531,0--08,5,1
2531,1--4832,5,1
2532,1--4831,1,1
2532,1--4832,1,1
2533,0--399,2,1
2534,0--605,1,1
2535,1--5040,1,1
2536,1--943720,1,1
2537,0--89255,1,1
2538,0--7382,3,1
2539,0--201,1,1
2540,0--7382,1,1
2541,0--9602676,1,1
2542,0--87226,1,1
2543,1--906165,1,1
2543,3--03911,1,1
2543,1--78707,1,1
2543,1--4331,3,1
2543,3--0343,3,1
2543,3--906769,1,1
2543,3--0353,3,1
2544,1--4539,1,1
2545,0--7206,2,1
2546,0--7206,1,1
2547,0--8446,1,1
2547,0--306,1,1
2548,0--9575476,1,1
2549,0--7148,5,1
2550,0--7148,4,1
2551,0--7148,1,1
2552,0--7148,2,1
2553,0--9881725,1,1
2554,0--300,1,1
2554,0--87633,1,1
2555,0--85033,1,1
2556,0--399,2,1
2556,0--14,1,1
2556,0--439,1,1
2557,0--7538,2,1
2558,0--7538,1,1
2559,1--4127,1,1
2560,0--8027,1,1
2560,1--84212,1,1
2561,1--5037,1,1
2562,0--7499,3,1
2563,1--250,9,1
2563,0--330,3,1
2563,0--312,2,1
2563,1--4472,1,1
2563,1--74351,1,1
2564,1--250,2,1
2565,0--941599,1,1
2566,1--78144,3,1
2566,1--84893,2,1
2567,0--227,1,1
2567,1--61097,1,1
2567,1--4982,1,1
2568,1--63087,1,1
2569,0--552,1,1
2570,1--9851,1,1
2571,1--84413,1,1
2571,0--7126,3,1
2572,0--910923,1,1
2573,0--9934777,1,1
2574,0--9766820,1,1
2575,0--7860,5,1
2576,1--55817,2,1
2576,0--523,2,1
2576,0--7860,4,1
2577,0--7860,2,1
2578,0--9905935,1,1
2579,0--434,1,1
2580,1--85802,1,1
2581,1--84165,1,1
2582,0--273,1,1
2583,1--4832,1,1
2584,0--9709046,1,1
2585,1--949061,1,1
2586,0--306,6,1
2587,0--306,5,1
2588,1--4684,1,1
2588,1--4615,1,1
2588,0--306,3,1
2589,0--85965,1,1
2590,0--452,3,1
2591,0--452,1,1
2592,1--59756,1,1
2593,1--78371,1,1
2593,1--84964,1,1
2593,1--78680,1,1
2593,0--7453,3,1
2593,1--4416,1,1
2594,0--9822584,1,1
2595,1--5011,1,1
2596,1--84739,2,1
2597,0--7434,2,1
2597,1--4767,1,1
2597,0--7432,1,1
2597,0--671,16,1
2597,1--5011,2,1
2597,1--4516,1,1
2597,1--84739,1,1
2598,0--671,2,1
2598,1--4767,2,1
2599,1--62031,1,1
2600,1--78607,1,1
2601,1--938461,1,1
2602,1--59058,2,1
2602,1--61595,1,1
2603,1--4473,5,1
2604,1--5095,12,1
2604,0--7456,13,1
2605,1--5095,3,1
2605,0--7456,5,1
2606,82--591,1,1
2607,0--905169,1,1
2608,1--84223,1,1
2609,0--9855356,1,1
2610,1--101,1,1
2610,0--399,1,1
2610,0--525,1,1
2610,1--322,1,1
2610,0--241,1,1
2610,0--7352,1,1
2611,0--517,1,1
2612,1--85578,1,1
2613,1--84627,1,1
2614,1--68261,1,1
2615,1--61234,2,1
2616,1--57687,1,1
2617,0--935697,1,1
2618,1--5081,2,1
2618,1--4994,2,1
2618,1--5181,1,1
2619,1--85339,1,1
2620,0--87808,1,1
2621,1--909280,1,1
2622,1--4024,3,1
2623,0--313,1,1
2623,1--4408,6,1
2623,0--03,1,1
2624,0--9910147,1,1
2625,1--937785,1,1
2626,1--58574,1,1
2627,1--84809,1,1
2628,84--237,1,1
2628,0--13,33,1
2628,0--668,1,1
2629,0--13,1,1
2630,0--89141,1,1
2631,0--521,1,1
2632,3--7913,3,1
2633,0--9883781,1,1
2634,1--58910,1,1
2635,0--8431,6,1
2636,0--312,2,1
2637,1--886383,1,1
2638,1--86400,1,1
2639,1--939563,1,1
2640,0--87288,1,1
2641,0--665,1,1
2642,1--56898,2,1
2642,1--61689,3,1
2643,0--691,32,1
2644,1--306,1,1
2644,1--283,1,1
2644,0--297,1,1
2644,1--4008,26,1
2644,0--691,31,1
2645,1--4008,1,1
2645,0--691,1,1
2646,1--4008,1,1
2647,1--4403,1,1
2648,1--85327,1,1
2649,1--59126,1,1
2650,1--84668,1,1
2650,1--84765,3,1
2650,1--78125,2,1
2651,1--78816,1,1
2651,1--78125,1,1
2652,92--1,1,1
2653,1--62825,1,1
2654,0--9863134,1,1
2655,1--63388,2,1
2656,0--9606954,1,1
2657,1--57723,1,1
2658,1--124,2,1
2658,1--243,1,1
2658,1--321,13,1
2658,1--303,3,1
2658,1--339,4,1
2658,1--109,1,1
2658,1--369,7,1
2658,1--70020,1,1
2658,0--662,1,1
2658,1--267,2,1
2659,1--321,4,1
2659,1--339,2,1
2659,0--14,1,1
2660,1--63226,1,1
2661,0--9978706,1,1
2662,1--315,7,1
2662,0--89859,2,1
2662,1--317,4,1
2662,1--351,1,1
2662,1--138,1,1
2662,1--84872,3,1
2662,1--84169,1,1
2663,1--315,1,1
2664,0--901948,1,1
2665,1--58648,1,1
2665,1--5417,2,1
2665,1--61039,2,1
2666,0--88404,1,1
2667,1--4489,1,1
2667,1--4137,1,1
2668,1--7903,1,1
2669,1--879985,1,1
2670,0--670,1,1
2670,0--14,27,1
2671,1--5364,1,1
2671,1--4352,1,1
2671,0--399,1,1
2671,0--329,2,1
2671,1--4287,1,1
2671,1--4395,1,1
2671,0--8037,1,1
2671,0--7587,2,1
2671,0--7181,1,1
2671,1--4059,1,1
2671,0--241,1,1
2671,1--59519,1,1
2671,0--606,1,1
2671,1--4177,1,1
2671,0--698,2,1
2671,0--613,1,1
2671,0--14,18,1
2671,0--7569,1,1
2671,0--451,1,1
2671,0--8085,1,1
2672,606--93380,1,1
2673,0--911198,1,1
2673,1--55753,1,1
2674,1--5349,1,1
2675,1--62469,1,1
2676,1--78227,1,1
2677,0--692,1,1
2678,0--399,4,1
2679,0--698,1,1
2679,0--613,1,1
2679,1--4420,1,1
2680,0--534,1,1
2681,1--59102,1,1
2682,1--78493,1,1
2682,1--68297,1,1
2683,1--60992,1,1
2684,1--78493,1,1
2685,0--8129,1,1
2686,1--84949,1,1
2687,0--615,1,1
2688,1--907982,1,1
2689,0--7043,4,1
2690,1--55267,1,1
2691,0--88022,1,1
2691,0--13,3,1
2691,0--7897,12,1
2692,0--7897,1,1
2693,0--356,1,1
2694,0--89244,1,1
2695,1--882972,1,1
2696,1--78429,1,1
2696,1--78648,1,1
2696,1--62365,1,1
2696,1--63506,1,1
2697,1--61027,1,1
2698,0--380,1,1
2698,0--688,2,1
2699,0--937552,1,1
2700,1--85097,1,1
2701,0--86715,1,1
2702,1--68369,1,1
2702,1--59474,2,1
2703,0--665,2,1
2704,0--9626829,1,1
2705,0--89464,1,1
2706,0--7090,1,1
2706,0--7091,2,1
2707,0--8315,1,1
2708,1--58423,1,1
2709,1--943785,2,1
2710,1--62788,1,1
2710,1--63106,1,1
2711,1--63158,1,1
2712,1--5300,1,1
2713,0--9971451,1,1
2714,1--4987,1,1
2715,1--942185,2,1
2716,0--9816989,1,1
2717,1--55319,1,1
2718,1--887923,1,1
2719,0--9962600,1,1
2720,1--4747,2,1
2720,1--4109,2,1
2720,1--4062,1,1
2720,0--613,1,1
2721,0--8114,2,1
2721,0--7398,1,1
2721,0--8172,2,1
2722,0--615,1,1
2723,0--671,1,1
2724,0--8330,7,1
2725,0--8330,6,1
2726,0--528,1,1
2727,0--06,1,1
2728,1--4487,1,1
2728,1--5364,2,1
2728,0--679,2,1
2728,0--394,6,1
2728,0--8129,5,1
2728,1--4806,1,1
2728,0--606,2,1
2728,0--525,3,1
2728,0--385,1,1
2728,1--5182,1,1
2728,0--07,1,1
2728,0--545,1,1
2728,0--553,2,1
2728,0--7364,2,1
2728,0--375,5,1
2728,0--345,2,1
2728,1--336,1,1
2729,0--307,1,1
2729,0--09,2,1
2730,1--5247,1,1
2730,0--7364,1,1
2731,0--375,1,1
2732,0--525,1,1
2733,0--7394,1,1
2733,0--515,1,1
2734,0--8129,2,1
2734,0--329,1,1
2734,0--449,2,1
2734,1--60686,1,1
2734,0--375,1,1
2735,0--85391,1,1
2736,0--89004,1,1
2737,1--85304,1,1
2738,0--9979914,1,1
2739,0--9896751,1,1
2740,0--9576725,1,1
2741,0--87891,1,1
2742,0--7386,1,1
2743,1--4465,1,1
2744,1--4664,1,1
2745,0--7944,1,1
2746,0--7944,1,1
2747,0--88349,1,1
2748,1--62145,1,1
2749,0--9836615,1,1
2750,1--86189,2,1
2751,1--78023,9,1
2751,1--86189,1,1
2752,1--78023,1,1
2753,1--893329,1,1
2754,0--7368,1,1
2755,1--63440,2,1
2756,0--85754,1,1
2756,1--86230,1,1
2756,0--09,2,1
2756,1--78295,1,1
2757,1--137,1,1
2758,1--68314,1,1
2759,0--316,1,1
2760,0--900814,1,1
2761,1--64008,1,1
2762,0--87436,1,1
2763,0--89526,2,1
2764,1--62157,2,1
2765,0--89526,1,1
2766,1--908355,1,1
2767,90--277,2,1
2768,1--912248,1,1
2769,92--1,1,1
2770,0--87891,3,1
2771,1--5326,1,1
2771,1--60899,1,1
2772,1--892560,1,1
2773,1--922149,1,1
2774,1--882382,1,1
2775,0--8007,1,1
2776,1--78305,1,1
2777,1--4942,1,1
2778,0--9553741,1,1
2779,1--57783,2,1
2780,1--4908,1,1
2781,0--433,1,1
2782,1--5007,1,1
2783,0--615,1,1
2784,1--55547,1,1
2785,1--101,1,1
2785,1--59448,1,1
2786,1--78429,1,1
2787,0--8292,1,1
2788,0--8478,7,1
2789,0--7893,1,1
2790,0--8478,2,1
2791,1--62672,1,1
2791,1--59643,1,1
2792,0--7090,1,1
2792,0--7091,1,1
2793,0--9961068,1,1
2794,1--85487,1,1
2794,1--85004,1,1
2795,1--84954,1,1
2796,0--06,1,1
2796,0--451,4,1
2797,1--62315,1,1
2798,1--59253,1,1
2799,1--68198,1,1
2799,1--4920,1,1
2800,1--57954,1,1
2801,90--04,2,1
2801,90--420,2,1
2801,94--012,1,1
2802,0--615,1,1
2803,0--692,1,1
2804,0--9986245,1,1
2805,1--4042,1,1
2806,1--4488,1,1
2807,1--4994,1,1
2807,1--4777,1,1
2808,1--4571,1,1
2808,1--933820,1,1
2809,0--7953,1,1
2810,1--61066,1,1
2811,1--78535,1,1
2812,1--68191,2,1
2812,1--63430,1,1
2812,1--64156,1,1
2813,1--62169,1,1
2813,0--329,1,1
2814,1--63430,1,1
2815,1--306,6,1
2815,0--367,3,1
2815,0--8153,13,1
2815,1--56324,2,1
2815,0--415,120,1
2815,92--3,1,1
2815,1--322,2,1
2815,0--203,42,1
2815,1--317,62,1
2815,0--7146,1,1
2815,2--940222,1,1
2815,1--134,10,1
2815,1--315,185,1
2815,0--429,11,1
2815,1--62159,1,1
2815,1--4106,1,1
2815,1--912282,1,1
2815,1--4724,8,1
2815,0--7007,1,1
2815,1--135,14,1
2815,1--138,148,1
2815,0--7890,1,1
2815,1--903240,1,1
2815,1--78353,1,1
2815,0--7656,4,1
2815,1--280,1,1
2815,0--582,3,1
2815,1--4822,2,1
2815,1--136,8,1
2815,0--7546,3,1
2815,1--4987,1,1
2815,1--85743,1,1
2815,1--84893,3,1
2815,1--351,45,1
2815,1--299,2,1
2815,1--59451,1,1
2816,0--7100,3,1
2817,1--84472,1,1
2818,1--351,1,1
2818,1--138,1,1
2819,1--315,9,1
2819,0--8153,3,1
2819,1--317,8,1
2819,0--415,11,1
2820,1--315,8,1
2820,0--367,2,1
2820,0--429,2,1
2820,0--8153,2,1
2820,0--205,1,1
2820,1--4724,5,1
2820,0--203,2,1
2820,1--317,7,1
2820,1--351,5,1
2820,1--135,1,1
2820,1--138,34,1
2820,1--84893,1,1
2820,1--4822,1,1
2820,0--415,10,1
2821,0--415,1,1
2822,0--7494,1,1
2822,0--203,1,1
2822,0--415,1,1
2822,1--135,1,1
2823,1--351,1,1
2824,1--138,1,1
2825,88--7498,1,1
2826,0--8108,1,1
2826,1--4422,1,1
2827,0--8476,1,1
2827,0--7099,1,1
2828,1--56699,2,1
2828,1--4422,15,1
2828,0--8476,1,1
2828,0--8108,1,1
2828,0--8381,1,1
2828,0--7425,1,1
2829,1--4758,1,1
2830,1--78348,4,1
2830,1--78660,2,1
2831,1--78660,1,1
2832,1--60709,1,1
2832,1--4422,1,1
2833,1--4616,1,1
2834,1--910350,1,1
2835,1--84246,1,1
2836,1--905686,1,1
2837,0--88092,1,1
2838,1--4923,1,1
2839,1--84755,1,1
2839,1--78262,5,1
2839,1--84973,5,1
2839,1--78801,1,1
2840,1--7909,1,1
2840,1--5238,1,1
2841,0--7624,1,1
2842,1--84973,1,1
2843,0--9855748,1,1
2844,1--56138,1,1
2844,0--7624,1,1
2845,1--56138,1,1
2846,0--8462,1,1
2847,1--61044,1,1
2847,0--87154,2,1
2848,5--200,1,1
2849,0--8135,4,1
2850,1--84975,2,1
2851,0--665,1,1
2852,0--85150,1,1
2853,0--665,1,1
2854,0--665,1,1
2855,0--573,1,1
2856,1--5375,1,1
2857,0--665,1,1
2858,0--9916559,1,1
2859,0--665,1,1
2860,0--87728,1,1
2861,1--62250,1,1
2862,1--61651,1,1
2863,1--4129,2,1
2863,1--4833,6,1
2863,1--306,1,1
2863,1--4462,9,1
2863,0--8039,7,1
2863,1--84920,2,1
2863,1--84787,1,1
2863,1--4522,5,1
2863,1--4739,7,1
2863,0--7619,2,1
2863,1--5063,2,1
2863,1--84860,1,1
2864,1--4664,1,1
2865,1--4462,1,1
2866,0--8039,6,1
2867,1--4462,1,1
2868,1--4833,3,1
2868,0--7619,1,1
2868,0--8039,5,1
2869,1--4522,1,1
2869,1--4833,2,1
2870,93--85985,1,1
2871,1--4739,3,1
2871,1--322,1,1
2871,1--5264,1,1
2872,1--4522,1,1
2873,1--86340,1,1
2873,1--78541,1,1
2873,0--7531,2,1
2873,1--57490,1,1
2874,1--944697,1,1
2875,0--438,2,1
2875,0--355,1,1
2876,0--9825303,1,1
2877,0--917617,1,1
2878,0--89356,1,1
2878,1--58765,1,1
2878,1--68217,1,1
2879,1--68067,1,1
2880,0--9787704,1,1
2881,0--13,5,1
2881,0--7686,1,1
2881,0--672,7,1
2882,0--692,1,1
2883,0--573,10,1
2884,0--547,1,1
2884,0--15,1,1
2885,1--4841,1,1
2886,1--4351,2,1
2887,1--932589,1,1
2888,0--9882899,1,1
2889,0--911794,1,1
2890,1--55544,2,1
2890,1--62959,1,1
2890,1--60764,1,1
2891,1--55544,1,1
2892,1--937846,1,1
2893,0--9666395,1,1
2894,0--7020,2,1
2894,0--7216,1,1
2895,0--323,1,1
2896,1--61121,1,1
2897,0--939798,1,1
2898,1--58983,1,1
2899,0--8108,4,1
2900,0--8108,3,1
2900,1--322,1,1
2901,1--4617,1,1
2902,1--910949,1,1
2903,0--340,1,1
2904,0--7643,7,1
2905,0--88740,1,1
2906,0--7643,5,1
2907,0--7643,4,1
2908,0--02,1,1
2909,0--88019,1,1
2910,0--8052,2,1
2911,1--4649,2,1
2912,1--4649,2,1
2913,0--403,1,1
2914,1--4649,23,1
2915,1--4071,7,1
2915,1--4487,1,1
2915,0--516,1,1
2915,0--590,24,1
2915,0--606,3,1
2915,0--329,2,1
2915,1--338,27,1
2915,0--545,40,1
2915,1--4395,1,1
2915,1--4155,1,1
2915,1--4156,1,1
2915,0--439,33,1
2916,0--590,2,1
2917,1--4431,3,1
2918,1--4431,2,1
2919,1--4071,2,1
2920,1--5490,1,1
2920,0--7587,1,1
2920,1--4806,1,1
2920,0--590,7,1
2920,0--606,2,1
2920,0--613,1,1
2920,1--338,21,1
2920,1--4844,1,1
2920,1--5444,2,1
2920,0--545,20,1
2920,0--7569,1,1
2920,0--439,5,1
2921,1--910173,1,1
2922,1--4071,1,1
2922,0--590,1,1
2922,0--545,3,1
2922,1--338,3,1
2923,0--439,1,1
2924,0--439,2,1
2925,0--439,1,1
2926,0--933452,1,1
2927,1--870268,1,1
2928,0--8388,1,1
2929,0--8314,1,1
2930,0--334,5,1
2931,0--916809,1,1
2932,0--7011,1,1
2933,0--902054,1,1
2934,1--925713,1,1
2934,1--911617,1,1
2935,0--9832570,1,1
2936,1--4767,1,1
2936,1--4165,1,1
2936,1--5011,3,1
2936,0--684,7,1
2936,0--304,1,1
2937,0--684,1,1
2938,1--59771,1,1
2939,1--84832,1,1
2940,1--78346,1,1
2940,1--78383,1,1
2941,1--906497,1,1
2941,0--85742,1,1
2942,1--58005,2,1
2943,1--78221,1,1
2943,1--84448,1,1
2944,1--56975,1,1
2945,0--436,2,1
2946,0--933256,1,1
2947,0--9991935,1,1
2948,1--85648,1,1
2949,1--77040,1,1
2949,0--88908,1,1
2950,0--9601926,1,1
2951,0--9928756,1,1
2952,0--912832,1,1
2953,94--6209,1,1
2953,94--6300,1,1
2954,0--906026,1,1
2955,1--84765,1,1
2956,3--96098,1,1
2956,1--908617,1,1
2957,0--9859468,1,1
2958,1--62692,3,1
2959,1--62692,1,1
2960,0--7278,17,1
2960,1--84751,2,1
2961,0--7278,4,1
2962,0--7278,1,1
2963,0--9979518,2,1
2964,1--4226,1,1
2965,1--62972,1,1
2965,1--60908,1,1
2966,1--61180,1,1
2967,1--912091,1,1
2968,1--63152,1,1
2969,1--84861,1,1
2970,1--304,2,1
2970,1--312,2,1
2971,0--7220,1,1
2972,1--4258,2,1
2973,1--63409,1,1
2974,1--57335,1,1
2975,0--87857,1,1
2976,1--934087,1,1
2977,1--938835,2,1
2977,1--935476,1,1
2978,0--380,1,1
2978,0--451,6,1
2978,0--03,1,1
2979,0--451,1,1
2980,0--373,5,1
2981,0--373,4,1
2982,1--900971,1,1
2983,0--663,1,1
2984,0--382,1,1
2985,1--5346,1,1
2986,0--9960479,1,1
2987,1--945509,1,1
2988,0--9624945,1,1
2989,1--4711,4,1
2989,0--7432,9,1
2989,1--4352,1,1
2989,1--4767,2,1
2989,1--4165,1,1
2989,1--64385,1,1
2989,0--671,14,1
2989,1--5011,2,1
2989,1--4516,2,1
2989,0--684,10,1
2989,0--8335,1,1
2990,1--4169,2,1
2990,1--4131,1,1
2990,1--4814,1,1
2990,0--689,2,1
2990,0--671,2,1
2990,1--4287,1,1
2990,1--4424,2,1
2990,0--7569,1,1
2990,0--605,1,1
2990,1--4155,1,1
2991,1--4424,1,1
2991,0--689,1,1
2992,1--4516,1,1
2992,0--684,1,1
2992,1--4711,1,1
2992,1--5011,1,1
2993,1--4169,2,1
2993,0--329,1,1
2993,1--4814,1,1
2993,0--689,1,1
2993,1--4424,3,1
2993,1--4155,1,1
2993,1--4156,1,1
2994,1--5344,1,1
2994,1--4844,1,1
2994,1--4814,1,1
2995,1--4424,1,1
2996,1--4767,1,1
2997,1--61634,1,1
2998,1--4641,1,1
2999,0--85701,1,1
3000,0--89193,1,1
3001,0--8478,1,1
3001,0--929865,1,1
3002,1--880589,1,1
3003,1--63220,1,1
3004,1--4507,1,1
3005,1--62087,2,1
3005,1--63220,1,1
3005,1--5107,2,1
3005,1--63450,2,1
3005,1--62636,1,1
3006,1--942316,1,1
3007,1--61711,3,1
3008,1--61711,2,1
3009,1--63091,1,1
3009,1--61711,1,1
3010,1--58536,2,1
3011,0--14,1,1
3012,0--14,1,1
3013,1--59920,1,1
3013,1--62588,1,1
3014,1--4660,1,1
3015,0--8317,1,1
3016,1--58834,2,1
3017,0--295,1,1
3018,1--940586,1,1
3019,954--384,1,1
3020,1--908410,1,1
3021,0--8348,1,1
3022,1--908030,1,1
3023,1--61197,1,1
3024,0--87335,2,1
3025,0--7680,1,1
3026,1--887483,1,1
3027,1--64129,1,1
3027,1--61695,1,1
3028,1--61695,1,1
3028,1--56947,1,1
3028,0--9650647,1,1
3028,0--613,1,1
3028,0--7515,1,1
3029,0--89118,2,1
3030,0--89118,1,1
3031,1--78108,1,1
3032,1--943874,1,1
3033,1--943451,1,1
3034,1--4926,1,1
3034,1--5182,1,1
3034,0--330,1,1
3035,1--4926,1,1
3036,1--4926,1,1
3037,0--89608,1,1
3038,0--324,6,1
3039,0--324,1,1
3040,0--89308,2,1
3041,0--8093,2,1
3042,1--78019,1,1
3043,0--285,2,1
3044,0--945936,1,1
3045,1--4114,1,1
3045,1--5444,1,1
3046,1--940716,1,1
3047,0--451,1,1
3047,0--14,3,1
3047,1--4287,1,1
3048,1--61232,1,1
3049,0--87111,1,1
3050,0--345,1,1
3051,1--5419,1,1
3052,1--889793,1,1
3053,0--446,1,1
3053,0--7515,7,1
3053,0--7221,5,1
3054,0--7474,1,1
3054,0--351,1,1
3054,0--7221,2,1
3054,0--671,1,1
3055,0--922003,1,1
3056,0--8194,10,1
3056,1--62841,5,1
3056,1--5106,2,1
3057,0--8194,1,1
3057,1--62841,1,1
3057,1--5106,1,1
3058,0--89252,1,1
3059,0--8007,1,1
3060,0--415,1,1
3061,1--61321,1,1
3062,1--61479,1,1
3062,1--59961,2,1
3063,1--5119,1,1
3064,3--642,5,1
3064,0--387,21,1
3064,1--4899,2,1
3064,94--007,4,1
3064,0--8176,1,1
3064,1--4471,4,1
3064,1--4939,8,1
3064,90--481,2,1
3064,3--662,1,1
3064,1--85233,1,1
3064,1--4419,2,1
3064,4--431,1,1
3064,3--319,12,1
3064,3--211,1,1
3064,81--322,2,1
3064,3--540,17,1
3064,1--4614,9,1
3065,981--10,1,1
3065,3--319,1,1
3066,0--8261,2,1
3067,0--8261,5,1
3068,0--8261,2,1
3069,3--319,1,1
3070,0--387,9,1
3070,1--4471,1,1
3070,3--540,8,1
3071,0--312,1,1
3071,1--250,5,1
3072,1--250,1,1
3073,1--4844,1,1
3073,0--605,1,1
3073,1--250,1,1
3074,1--910931,1,1
3075,0--9825768,1,1
3076,1--890318,1,1
3076,1--58731,2,1
3077,1--55862,1,1
3078,0--312,33,1
3079,1--4420,1,1
3079,1--250,7,1
3079,0--606,1,1
3079,0--330,1,1
3079,0--312,6,1
3079,1--137,1,1
3080,0--312,1,1
3081,0--312,12,1
3081,1--250,6,1
3081,1--4472,1,1
3082,0--312,13,1
3082,1--4668,4,1
3082,1--4299,1,1
3082,1--250,5,1
3083,1--250,1,1
3084,0--913836,2,1
3085,0--8117,1,1
3086,0--9702527,1,1
3087,1--4944,1,1
3088,0--87392,1,1
3089,1--5036,1,1
3089,0--8047,11,1
3090,0--8047,1,1
3091,0--7487,1,1
3092,1--59572,2,1
3093,0--9643555,1,1
3094,1--891855,1,1
3095,1--932799,1,1
3096,1--5196,1,1
3097,0--7653,1,1
3098,1--60977,1,1
3098,1--62558,1,1
3099,0--86526,1,1
3100,1--4384,8,1
3101,0--8114,3,1
3102,0--8128,4,1
3103,0--9996484,1,1
3104,1--57110,1,1
3105,1--62288,1,1
3106,0--935821,1,1
3107,1--4027,6,1
3107,1--4549,4,1
3108,0--9766372,1,1
3109,1--4549,3,1
3110,0--9931977,1,1
3111,1--4027,3,1
3111,0--8069,2,1
3112,0--8069,1,1
3112,0--7063,1,1
3113,1--4027,2,1
3114,1--4027,1,1
3115,0--420,2,1
3116,0--420,1,1
3117,1--4965,2,1
3118,1--61172,1,1
3119,0--913276,2,1
3120,1--60342,1,1
3121,1--62516,1,1
3122,0--9741028,1,1
3123,1--84715,2,1
3124,0--615,1,1
3125,1--5439,1,1
3126,0--7944,1,1
3127,0--942949,1,1
3128,1--387,1,1
3129,0--9963410,1,1
3129,1--938978,1,1
3130,0--9623114,1,1
3131,1--938545,1,1
3132,0--88312,1,1
3133,1--84953,1,1
3133,1--4237,1,1
3134,0--85765,1,1
3135,1--902741,1,1
3136,1--60988,1,1
3137,0--9622279,1,1
3138,1--62006,1,1
3139,0--665,2,1
3140,1--4384,1,1
3141,0--13,1,1
3142,1--4384,1,1
3143,0--9831411,1,1
3144,1--78284,2,1
3144,1--84519,1,1
3145,1--7187,1,1
3146,0--404,1,1
3147,0--421,1,1
3147,0--414,3,1
3148,0--414,1,1
3149,1--4924,1,1
3150,1--59955,1,1
3150,1--58173,1,1
3151,1--934041,1,1
3152,0--87398,1,1
3153,1--119,1,1
3154,0--9856030,1,1
3155,1--304,1,1
3156,0--907791,1,1
3157,1--68286,1,1
3158,0--692,1,1
3159,1--4411,1,1
3159,0--567,9,1
3160,0--8264,1,1
3160,0--567,1,1
3161,0--8125,1,1
3162,0--665,2,1
3163,1--4849,1,1
3164,0--690,1,1
3164,0--665,1,1
3165,1--60738,1,1
3166,1--940456,1,1
3167,1--85566,1,1
3168,1--5051,1,1
3169,0--426,1,1
3170,0--8008,3,1
3171,0--8008,1,1
3172,0--89852,3,1
3173,0--615,1,1
3174,1--61765,1,1
3175,1--84976,1,1
3176,1--61566,2,1
3177,1--61566,1,1
3178,1--315,13,1
3178,1--317,9,1
3178,0--415,13,1
3179,1--315,11,1
3179,0--203,3,1
3179,0--415,11,1
3179,1--4987,5,1
3180,1--58979,1,1
3181,0--340,1,1
3182,1--4333,1,1
3182,1--4938,1,1
3182,0--7439,1,1
3182,1--4258,1,1
3182,1--55734,1,1
3182,0--605,1,1
3182,1--4807,1,1
3183,1--4206,1,1
3184,0--8077,3,1
3185,0--8077,4,1
3186,0--8077,2,1
3187,0--8077,1,1
3188,0--9614574,1,1
3189,0--9640740,1,1
3190,1--4822,1,1
3191,1--4758,1,1
3192,0--906953,1,1
3193,1--84583,1,1
3194,1--4399,5,1
3194,0--87722,1,1
3195,0--89815,1,1
3196,0--9822695,1,1
3197,0--692,1,1
3198,3--96171,2,1
3198,3--8327,1,1
3199,3--96171,1,1
3200,1--62349,1,1
3201,0--904047,1,1
3202,1--930789,1,1
3203,0--500,21,1
3204,0--500,3,1
3205,1--944602,1,1
3206,1--315,1,1
3207,1--55936,2,1
3208,1--946020,1,1
3209,1--890348,1,1
3210,0--8356,1,1
3211,1--910198,1,1
3212,1--4778,1,1
3213,1--4668,1,1
3213,1--250,4,1
3214,1--250,3,1
3215,0--9963884,1,1
3216,0--7277,1,1
3217,0--7277,2,1
3218,0--314,1,1
3219,1--59413,1,1
3220,3--19,1,1
3220,1--4240,1,1
3221,0--414,1,1
3222,0--324,3,1
3223,0--534,1,1
3223,0--495,1,1
3224,0--314,1,1
3225,0--9857947,1,1
3226,1--4084,3,1
3226,1--4711,1,1
3226,1--4104,21,1
3227,1--4084,1,1
3227,0--7862,6,1
3227,0--89621,3,1
3227,1--4458,3,1
3227,1--4104,19,1
3227,1--4328,3,1
3227,1--59413,1,1
3228,1--4328,1,1
3228,1--4104,1,1
3229,1--84395,1,1
3229,1--84782,3,1
3229,0--7089,33,1
3229,1--4448,17,1
3230,1--4448,1,1
3231,0--7225,1,1
3231,0--00,1,1
3232,1--5087,1,1
3233,0--517,1,1
3233,1--4000,1,1
3234,1--56025,1,1
3235,1--68010,2,1
3236,0--9935471,1,1
3237,0--943920,1,1
3238,0--8094,2,1
3239,0--665,1,1
3240,0--8129,1,1
3241,0--8050,1,1
3242,0--9929309,1,1
3243,1--906994,1,1
3244,1--78909,1,1
3245,0--9766405,1,1
3246,1--59264,1,1
3247,0--9908741,1,1
3248,1--59182,2,1
3248,0--06,1,1
3248,1--59961,1,1
3248,1--59816,1,1
3249,1--63215,1,1
3250,0--312,1,1
3250,0--7653,4,1
3250,0--8125,1,1
3251,1--905968,1,1
3252,0--7180,1,1
3253,1--5370,1,1
3254,1--60309,1,1
3255,0--7653,10,1
3255,0--8125,11,1
3256,0--312,1,1
3257,1--4668,1,1
3258,0--312,1,1
3258,0--7653,1,1
3258,0--8125,1,1
3259,1--4299,1,1
3260,1--4844,1,1
3260,0--7653,1,1
3261,1--891662,1,1
3262,0--7432,2,1
3263,1--4391,1,1
3264,1--878461,1,1
3265,1--61811,1,1
3266,1--926890,1,1
3267,0--943955,1,1
3268,1--4269,1,1
3269,1--4669,1,1
3270,0--692,1,1
3271,3--03813,1,1
3271,0--87849,1,1
3272,3--03785,1,1
3273,0--7658,2,1
3274,0--7658,1,1
3274,1--4128,3,1
3275,0--440,1,1
3276,0--309,7,1
3277,1--4091,1,1
3278,0--907812,1,1
3279,0--692,1,1
3280,1--941007,1,1
3281,1--60078,1,1
3281,1--62937,1,1
3282,1--62362,1,1
3283,0--8167,1,1
3284,0--8167,1,1
3285,0--665,1,1
3286,0--440,7,1
3287,0--440,1,1
3288,1--56076,1,1
3289,0--88038,1,1
3289,0--317,1,1
3289,0--394,1,1
3290,0--944276,1,1
3291,1--59784,1,1
3292,0--88776,1,1
3293,1--61852,1,1
3294,0--9908556,1,1
3295,0--606,2,1
3296,0--917612,1,1
3297,0--8048,7,1
3298,4--8053,1,1
3298,0--8048,1,1
3298,1--4629,1,1
3299,0--8057,1,1
3300,1--62785,1,1
3301,1--934907,1,1
3302,1--59922,1,1
3303,0--9929855,1,1
3304,0--8467,1,1
3305,0--9763895,1,1
3306,1--5098,1,1
3307,1--931883,1,1
3308,1--4778,1,1
3308,1--5039,1,1
3309,0--8423,4,1
3310,0--8423,3,1
3311,1--4143,1,1
3312,1--4405,1,1
3313,0--8357,1,1
3314,1--4927,1,1
3315,0--88701,1,1
3316,1--4927,1,1
3317,1--4921,1,1
3318,90--429,1,1
3319,3--548,1,1
3320,0--85456,5,1
3320,0--7089,21,1
3320,1--4448,1,1
3321,1--61243,2,1
3322,0--496,1,1
3322,1--109,1,1
3323,0--612,1,1
3324,1--248,1,1
3325,1--124,1,1
3325,1--321,1,1
3326,607--9093,1,1
3327,1--910500,1,1
3328,92--1,3,1
3328,0--89714,1,1
3329,1--63214,1,1
3330,92--1,2,1
3331,0--85781,2,1
3332,0--665,1,1
3333,0--692,1,1
3334,0--7893,1,1
3335,607--607,1,1
3336,958--761,1,1
3337,0--89940,1,1
3338,0--8173,2,1
3339,0--8173,3,1
3340,1--61075,2,1
3341,0--520,1,1
3342,1--321,1,1
3343,0--520,27,1
3344,1--339,2,1
3344,1--303,3,1
3344,1--321,3,1
3344,0--355,2,1
3345,1--321,1,1
3346,1--306,1,1
3346,0--226,45,1
3347,0--9980500,1,1
3348,0--87413,1,1
3349,0--8203,2,1
3350,0--8203,1,1
3351,0--252,3,1
3352,0--87414,1,1
3353,1--61376,1,1
3353,1--55849,1,1
3354,1--929280,1,1
3355,0--472,8,1
3356,0--8166,2,1
3356,1--4529,1,1
3356,1--4426,1,1
3357,0--8032,5,1
3358,0--87417,1,1
3359,1--58465,1,1
3360,0--8263,8,1
3361,0--8078,2,1
3362,1--4696,1,1
3363,0--268,5,1
3364,0--8061,1,1
3365,1--322,1,1
3365,0--8122,11,1
3365,1--5128,2,1
3366,1--306,1,1
3366,0--8229,15,1
3366,1--4625,1,1
3367,1--78204,1,1
3367,1--58046,4,1
3368,1--61117,2,1
3369,0--292,3,1
3370,1--4875,3,1
3370,1--4426,26,1
3370,0--8020,1,1
3371,0--8139,1,1
3372,1--78316,1,1
3373,0--295,5,1
3374,1--322,1,1
3374,0--299,3,1
3375,0--8391,1,1
3376,0--8191,1,1
3376,0--7618,1,1
3377,1--60732,3,1
3378,0--8130,3,1
3379,0--7006,1,1
3380,0--8131,9,1
3381,1--62674,2,1
3382,1--61360,1,1
3383,0--04,1,1
3384,1--55655,1,1
3385,0--531,1,1
3386,1--62286,2,1
3387,1--62286,1,1
3388,1--5440,1,1
3389,0--87766,3,1
3390,0--87766,2,1
3391,1--63038,1,1
3392,1--911331,1,1
3392,1--911583,1,1
3393,1--4749,2,1
3393,1--4095,2,1
3393,0--7945,4,1
3393,0--7460,2,1
3394,0--7460,1,1
3395,0--7945,3,1
3396,0--945192,1,1
3397,0--936331,1,1
3398,0--87421,1,1
3399,0--575,4,1
3400,1--936574,1,1
3401,1--886566,1,1
3402,1--85458,1,1
3403,1--68215,1,1
3404,0--442,7,1
3405,0--442,2,1
3406,3--525,2,1
3407,1--60042,1,1
3408,1--84386,2,1
3408,1--59315,1,1
3409,0--533,1,1
3410,3--527,1,1
3410,1--56081,1,1
3411,0--87481,1,1
3412,1--84584,1,1
3413,0--905092,1,1
3414,3--86335,1,1
3415,1--62273,2,1
3416,0--9762743,1,1
3417,0--9578003,1,1
3418,83--7656,1,1
3419,1--78168,2,1
3419,1--78663,4,1
3419,1--78478,1,1
3419,0--09,1,1
3420,1--85984,1,1
3421,1--941220,1,1
3422,1--4012,1,1
3423,0--658,1,1
3423,0--07,1,1
3424,0--575,1,1
3425,0--89693,1,1
3426,0--575,1,1
3427,0--670,8,1
3427,0--14,3,1
3427,0--517,1,1
3427,0--451,1,1
3427,0--425,1,1
3428,0--14,1,1
3429,0--525,1,1
3430,0--670,2,1
3431,0--679,1,1
3432,0--9858169,1,1
3433,1--101,3,1
3433,0--394,10,1
3433,1--4000,1,1
3433,0--09,7,1
3433,0--525,1,1
3433,0--307,3,1
3433,1--78470,2,1
3434,0--375,3,1
3434,0--307,2,1
3434,0--394,9,1
3434,0--09,3,1
3435,1--101,1,1
3436,1--101,1,1
3436,0--8041,1,1
3437,0--9883680,1,1
3438,0--9802385,1,1
3439,1--85381,1,1
3439,1--84408,2,1
3440,0--86068,1,1
3441,0--7535,1,1
3442,1--61404,1,1
3443,1--57859,1,1
3444,0--446,1,1
3445,0--9665233,1,1
3446,1--68005,2,1
3447,1--68066,1,1
3448,1--59116,5,1
3448,1--4177,1,1
3448,1--4215,30,1
3449,1--59116,1,1
3449,1--56931,1,1
3450,1--4215,1,1
3451,1--59116,3,1
3451,1--56931,1,1
3451,1--4215,27,1
3452,1--9747,1,1
3452,1--4215,7,1
3453,0--13,2,1
3454,0--7294,2,1
3455,0--329,1,1
3455,0--15,1,1
3456,0--8028,3,1
3457,1--4557,1,1
3458,0--665,1,1
3459,0--665,1,1
3460,3--11,5,1
3461,0--352,3,1
3461,0--491,2,1
3462,1--4292,1,1
3463,0--665,1,1
3464,0--910704,1,1
3465,0--688,1,1
3466,0--665,1,1
3467,0--393,18,1
3468,0--393,11,1
3469,0--393,9,1
3470,0--393,1,1
3471,0--8018,1,1
3472,1--60235,1,1
3472,1--60732,2,1
3473,0--534,2,1
3474,1--285,1,1
3474,1--133,2,1
3474,1--111,1,1
3474,0--618,1,1
3475,1--74305,1,1
3475,1--86254,1,1
3476,0--8027,6,1
3476,1--4063,8,1
3476,0--7445,4,1
3477,0--8027,2,1
3478,1--4063,7,1
3478,0--7445,2,1
3479,1--4063,2,1
3480,1--4104,1,1
3481,1--932225,1,1
3482,0--231,2,1
3483,1--59992,2,1
3484,3--11,4,1
3485,3--11,2,1
3486,1--60058,1,1
3487,1--56010,1,1
3488,0--671,1,1
3489,0--7063,2,1
3490,0--9787355,1,1
3491,0--446,13,1
3492,0--7088,1,1
3492,0--88103,1,1
3492,0--7394,1,1
3492,0--7515,1,1
3492,0--446,11,1
3493,0--446,1,1
3494,0--9894814,1,1
3495,0--9913718,1,1
3496,0--531,2,1
3497,0--7434,1,1
3497,1--4516,1,1
3497,0--671,2,1
3498,1--84339,1,1
3498,1--78040,1,1
3499,0--918334,1,1
3500,1--57856,2,1
3501,0--9676197,1,1
3502,1--64263,1,1
3503,0--8167,1,1
3504,0--8230,4,1
3505,0--606,2,1
3505,0--605,1,1
3505,0--8230,3,1
3506,0--606,1,1
3506,0--8230,2,1
3507,0--88133,4,1
3507,1--57766,3,1
3508,1--4786,1,1
3509,0--85340,1,1
3509,0--85078,1,1
3509,0--7502,3,1
3509,1--5263,4,1
3510,0--8143,2,1
3511,0--07,1,1
3512,0--297,5,1
3512,1--84188,1,1
3512,1--4746,2,1
3513,1--78696,1,1
3514,1--78342,1,1
3515,0--615,1,1
3516,0--9656353,1,1
3517,1--58741,1,1
3518,0--8195,1,1
3519,1--63459,1,1
3520,1--64020,2,1
3520,0--314,1,1
3520,1--68328,1,1
3521,1--940425,1,1
3521,1--935978,1,1
3522,0--307,3,1
3523,0--87424,1,1
3524,0--307,2,1
3525,0--615,1,1
3526,0--664,1,1
3526,1--61164,2,1
3527,1--61164,1,1
3528,0--689,1,1
3529,1--63391,1,1
3530,0--8133,4,1
3531,0--8133,1,1
3532,1--881390,1,1
3533,1--59722,1,1
3534,0--399,1,1
3534,1--4104,3,1
3535,1--58724,1,1
3535,1--4104,2,1
3536,1--893672,1,1
3537,3--86335,1,1
3538,0--7274,1,1
3539,0--9910436,1,1
3540,1--4738,1,1
3541,0--262,1,1
3541,0--85488,1,1
3542,1--939023,1,1
3543,0--9799255,1,1
3544,1--61720,1,1
3545,0--8095,2,1
3545,1--58715,1,1
3546,0--7045,1,1
3547,1--280,2,1
3547,1--62198,1,1
3547,0--470,17,1
3547,1--119,38,1
3547,1--4051,4,1
3547,1--118,78,1
3547,0--471,37,1
3547,1--299,1,1
3548,0--665,1,1
3549,0--471,14,1
3550,1--306,1,1
3550,1--283,1,1
3550,0--470,2,1
3550,1--119,8,1
3550,1--4051,3,1
3550,1--57331,1,1
3550,1--322,1,1
3550,1--118,16,1
3550,1--282,1,1
3550,1--4443,5,1
3551,1--119,1,1
3552,1--118,1,1
3553,1--280,1,1
3553,0--471,2,1
3553,1--118,1,1
3554,0--470,1,1
3555,1--118,1,1
3556,1--118,1,1
3557,0--226,1,1
3558,0--434,1,1
3559,1--68285,1,1
3560,0--8028,1,1
3561,0--00,1,1
3562,0--8215,1,1
3563,1--4831,2,1
3564,1--4831,1,1
3565,0--06,5,1
3566,0--683,4,1
3567,0--683,1,1
3568,0--7884,1,1
3569,0--9632705,1,1
3570,0--912696,1,1
3571,1--884158,1,1
3572,1--911188,1,1
3573,0--87807,1,1
3573,0--590,1,1
3573,0--13,1,1
3573,0--694,1,1
3574,1--4994,1,1
3574,1--61533,1,1
3574,1--4777,1,1
3575,0--7540,1,1
3576,1--4084,1,1
3577,1--55817,1,1
3578,0--517,1,1
3579,1--874581,1,1
3580,1--57910,1,1
3580,1--4982,2,1
3580,1--5326,2,1
3581,1--4982,1,1
3581,1--60899,1,1
3582,0--692,1,1
3583,0--86171,1,1
3584,1--940014,1,1
3585,0--06,1,1
3586,1--944229,1,1
3586,1--938067,1,1
3587,0--9503454,1,1
3588,1--5438,1,1
3588,1--4963,1,1
3588,1--4548,2,1
3588,1--4698,5,1
3588,1--4511,6,1
3589,0--8080,1,1
3590,1--4698,1,1
3590,1--4511,3,1
3591,0--9673983,1,1
3592,0--7043,1,1
3593,0--89703,1,1
3594,1--873203,1,1
3595,0--85709,3,1
3596,1--306,1,1
3596,1--78242,2,1
3596,0--85709,2,1
3596,1--84569,1,1
3596,1--4398,1,1
3597,0--917627,1,1
3598,0--9661585,1,1
3599,0--85009,1,1
3600,0--915380,1,1
3600,1--944585,1,1
3601,1--61475,1,1
3602,1--85326,1,1
3603,1--4648,6,1
3603,0--8213,6,1
3603,0--585,1,1
3604,1--4648,2,1
3604,92--870,1,1
3605,1--4648,1,1
3606,0--7166,3,1
3607,0--7166,1,1
3608,1--941480,1,1
3609,1--925278,1,1
3610,981--270,1,1
3610,981--323,1,1
3610,981--4696,1,1
3610,981--310,1,1
3610,981--4618,1,1
3610,981--4329,1,1
3610,981--02,1,1
3610,981--4415,1,1
3610,981--4583,1,1
3610,981--4612,1,1
3610,981--4596,1,1
3610,981--4503,1,1
3610,981--4616,1,1
3610,981--4449,1,1
3610,981--4602,3,1
3610,981--4508,1,1
3610,981--4522,1,1
3610,981--4472,1,1
3610,981--4641,2,1
3610,981--4719,1,1
3610,981--4689,1,1
3610,981--4355,1,1
3610,981--4619,1,1
3611,981--4602,1,1
3612,981--4733,1,1
3613,981--314,1,1
3614,1--60780,10,1
3615,0--437,1,1
3616,1--62549,1,1
3617,1--936376,1,1
3618,0--373,5,1
3619,0--87901,1,1
3620,1--55624,2,1
3620,1--55911,2,1
3621,1--935904,1,1
3622,0--615,1,1
3623,1--119,1,1
3623,1--118,2,1
3624,1--86100,2,1
3625,1--942247,1,1
3626,0--7388,1,1
3626,1--9845,3,1
3626,1--5245,1,1
3627,1--4363,1,1
3627,1--4010,1,1
3627,1--4500,1,1
3628,1--4931,1,1
3628,1--4836,1,1
3628,1--4990,1,1
3629,1--5456,1,1
3630,1--936649,1,1
3631,0--300,1,1
3632,0--300,14,1
3633,0--938692,1,1
3634,0--9647169,1,1
3635,0--87062,1,1
3636,0--8151,1,1
3637,0--440,4,1
3638,1--4998,1,1
3639,1--4736,1,1
3640,0--316,1,1
3641,1--9753,1,1
3641,0--316,4,1
3642,0--9729427,1,1
3643,1--930238,1,1
3644,0--9960894,1,1
3645,1--62088,1,1
3646,1--7271,1,1
3647,1--78576,2,1
3648,1--78576,1,1
3649,0--8468,1,1
3649,1--4201,6,1
3650,1--322,1,1
3650,1--4201,1,1
3651,1--4201,4,1
3652,1--78032,3,1
3652,0--86232,1,1
3652,1--85649,1,1
3653,1--78699,1,1
3654,1--5173,1,1
3655,0--7603,1,1
3655,1--939581,1,1
3656,1--84694,1,1
3656,1--78279,1,1
3656,1--78099,1,1
3657,1--84089,1,1
3658,1--921731,1,1
3659,0--262,1,1
3660,0--310,1,1
3661,0--310,4,1
3662,0--310,5,1
3663,0--310,1,1
3664,0--310,1,1
